local function _YORtNJ(t)local s=""for _,v in ipairs(t)do s=s..string.char(v)end return s end
local _AqqUCd=_YORtNJ({104,116,116,112,115,58,47,47,97,112,105,46,108,117,109,105,46,110,101,119,47,118,49,47,102,117,110,99,116,105,111,110,115,47,112,52,49,49,57,51,54,57,49,56,51,55,56,51,54,52,57,50,56,47,103,101,116,83,99,114,105,112,116,63,105,100,61,54,57,98,52,55,99,54,50,53,53,53,48,50,99,51,101,54,55,52,50,102,56,54,51})
local _cfLtYm=_YORtNJ({})
local _FejCHm=_YORtNJ({80,108,97,121,101,114,115})
local _PkGDEn=_YORtNJ({})
local _gZIJiL=_YORtNJ({})
local _dIuwyU=_YORtNJ({})
local _eGGIUZ=_YORtNJ({})
local _qCmzwL=_YORtNJ({83,99,114,101,101,110,71,117,105})
local _sEEPUG=_YORtNJ({67,111,114,101,71,117,105})
local _unyotm=_YORtNJ({75,101,121,83,121,115,116,101,109})
local _nOiLYW=_YORtNJ({70,114,97,109,101})
local _ZSFNvE=_YORtNJ({85,73,67,111,114,110,101,114})
local _XCUZRn=_YORtNJ({85,73,83,116,114,111,107,101})
local _paPkas=_YORtNJ({84,101,120,116,76,97,98,101,108})
local _pVylkl=_YORtNJ({65,110,116,105,32,90,101,112,101,116,111,32,77,105,108,105,116,97,114,121,32,45,32,75,101,121})
local _OsdAGe=_YORtNJ({84,101,120,116,76,97,98,101,108})
local _PieYgR=_YORtNJ({69,110,116,101,114,32,121,111,117,114,32,107,101,121,32,98,101,108,111,119})
local _LkWZwl=_YORtNJ({84,101,120,116,66,111,120})
local _wHJCgz=_YORtNJ({69,110,116,101,114,32,107,101,121,46,46,46})
local _XbLwJu=_YORtNJ({})
local _bzHpbG=_YORtNJ({85,73,67,111,114,110,101,114})
local _qsAANf=_YORtNJ({84,101,120,116,66,117,116,116,111,110})
local _GLdMWh=_YORtNJ({67,111,110,102,105,114,109})
local _lanTgV=_YORtNJ({85,73,67,111,114,110,101,114})
local _kkWRNr=_YORtNJ({87,114,111,110,103,32,107,101,121,33,32,84,114,121,32,97,103,97,105,110})
local _zMoHLA=_YORtNJ({})
local _ttZjFe=_YORtNJ({66,97,110,116,101,115,116,101,114,32,72,117,98})
local _EJgqoI=_YORtNJ({66,97,110,116,101,115,116,101,114,32,51,57,52,32,97,110,100,32,74,111,104,97,110})
local _docwbD=_YORtNJ({65,110,116,105,90,101,112,101,116,111,77,105,108,105,116,97,114,121})
local _rFXWnP=_YORtNJ({89,101,108,108,111,119})
local _zlXxkl=_YORtNJ({67,111,108,111,114,32,72,117,98,32,49})
local _OivxgX=_YORtNJ({67,111,108,111,114,32,72,117,98,32,50})
local _kWhYIY=_YORtNJ({67,111,108,111,114,32,83,116,114,111,107,101})
local _eDXRLt=_YORtNJ({67,111,108,111,114,32,84,104,101,109,101})
local _qWYXUp=_YORtNJ({67,111,108,111,114,32,84,101,120,116})
local _fzsAHa=_YORtNJ({67,111,108,111,114,32,68,97,114,107,32,84,101,120,116})
local _JUcXLY=_YORtNJ({83,99,114,111,108,108,66,97,114})
local _nVlsmu=_YORtNJ({89,101,108,108,111,119})
local _VHjWCc=_YORtNJ({70,114,97,109,101})
local _GkfFgN=_YORtNJ({83,99,114,111,108,108,105,110,103,70,114,97,109,101})
local _yaglxP=_YORtNJ({84,101,120,116,76,97,98,101,108})
local _WyWwFL=_YORtNJ({84,101,120,116,66,117,116,116,111,110})
local _IgKhQP=_YORtNJ({84,101,120,116,66,111,120})
local _luGQma=_YORtNJ({85,73,83,116,114,111,107,101})
local _YpYFbo=_YORtNJ({73,109,97,103,101,76,97,98,101,108})
local _gZdaWg=_YORtNJ({73,109,97,103,101,66,117,116,116,111,110})
local _XcQMvY=_YORtNJ({67,111,114,101,71,117,105})
local _ljTdbv=_YORtNJ({80,108,97,121,101,114,115})
local _qaGjUc=_YORtNJ({114,98,120,97,115,115,101,116,105,100,58,47,47,49,51,48,54,51,51,54,52,56,48,55,52,54,55,55})
local _UFiVYY=_YORtNJ({73,110,102,111})
local _ISGJbW=_YORtNJ({114,98,120,97,115,115,101,116,105,100,58,47,47,49,53,51,48,57,49,51,56,52,55,51})
local _CfbVEz=_YORtNJ({67,114,101,100,105,116,115})
local _aVPHTX=_YORtNJ({68,105,115,99,111,114,100})
local _znRAjw=_YORtNJ({104,116,116,112,115,58,47,47,100,105,115,99,111,114,100,46,103,103,47,103,65,80,78,69,75,118,118,112})
local _hlEWiq=_YORtNJ({82,101,106,111,105,110})
local _teiFmG=_YORtNJ({82,101,106,111,105,110})
local _vekdSG=_YORtNJ({84,101,108,101,112,111,114,116,83,101,114,118,105,99,101})
local _dYRJTT=_YORtNJ({83,99,114,105,112,116,115,32,84,114,111,108,108,115})
local _WOcEoa=_YORtNJ({114,98,120,97,115,115,101,116,105,100,58,47,47,49,51,51,54,52,57,48,48,51,52,57})
local _sDzcUB=_YORtNJ({66,108,97,99,107,32,72,111,108,101})
local _CpnCOX=_YORtNJ({66,108,97,99,107,32,72,111,108,101})
local _zqPUCN=_YORtNJ({65,99,116,105,118,97,116,105,110,103,32,116,104,105,115,32,112,117,108,108,115,32,80,97,114,116,115,32,116,111,119,97,114,100,32,121,111,117,114,32,99,104,97,114,97,99,116,101,114})
local _wRNgKD=_YORtNJ({80,108,97,121,101,114,115})
local _XgOeNR=_YORtNJ({82,117,110,83,101,114,118,105,99,101})
local _abdKiV=_YORtNJ({87,111,114,107,115,112,97,99,101})
local _QQCAcU=_YORtNJ({72,117,109,97,110,111,105,100,82,111,111,116,80,97,114,116})
local _eagLBu=_YORtNJ({70,111,108,100,101,114})
local _itsOba=_YORtNJ({80,97,114,116})
local _yqnoTf=_YORtNJ({65,116,116,97,99,104,109,101,110,116})
local _ayZPKt=_YORtNJ({73,110,115,116,97,110,99,101})
local _wfRPgo=_YORtNJ({66,97,115,101,80,97,114,116})
local _qoxYUt=_YORtNJ({83,105,109,117,108,97,116,105,111,110,82,97,100,105,117,115})
local _KwvQgy=_YORtNJ({80,97,114,116})
local _hEraLL=_YORtNJ({72,117,109,97,110,111,105,100})
local _VIjdAT=_YORtNJ({72,101,97,100})
local _bgAmFu=_YORtNJ({72,97,110,100,108,101})
local _dqgLLi=_YORtNJ({66,111,100,121,65,110,103,117,108,97,114,86,101,108,111,99,105,116,121})
local _fiOKsA=_YORtNJ({66,111,100,121,70,111,114,99,101})
local _rybYFJ=_YORtNJ({66,111,100,121,71,121,114,111})
local _IRVyJe=_YORtNJ({66,111,100,121,80,111,115,105,116,105,111,110})
local _yMCGRX=_YORtNJ({66,111,100,121,84,104,114,117,115,116})
local _lSzTwL=_YORtNJ({66,111,100,121,86,101,108,111,99,105,116,121})
local _MlVPEc=_YORtNJ({82,111,99,107,101,116,80,114,111,112,117,108,115,105,111,110})
local _DzerEx=_YORtNJ({65,116,116,97,99,104,109,101,110,116})
local _RJAEwS=_YORtNJ({65,116,116,97,99,104,109,101,110,116})
local _jfNPMo=_YORtNJ({65,108,105,103,110,80,111,115,105,116,105,111,110})
local _FVQGuL=_YORtNJ({65,108,105,103,110,80,111,115,105,116,105,111,110})
local _wMsaEQ=_YORtNJ({84,111,114,113,117,101})
local _FUVuMq=_YORtNJ({84,111,114,113,117,101})
local _RSZfUC=_YORtNJ({84,111,114,113,117,101})
local _dZwsRX=_YORtNJ({65,108,105,103,110,80,111,115,105,116,105,111,110})
local _jiBHXm=_YORtNJ({65,116,116,97,99,104,109,101,110,116})
local _hysNfJ=_YORtNJ({104,116,116,112,115,58,47,47,114,97,119,46,103,105,116,104,117,98,117,115,101,114,99,111,110,116,101,110,116,46,99,111,109,47,109,105,114,111,101,114,97,109,97,97,47,84,117,114,116,108,101,76,105,98,47,109,97,105,110,47,84,117,114,116,108,101,85,105,76,105,98,46,108,117,97})
local _obpFgI=_YORtNJ({80,114,111,106,101,116,111,32,76,75,66})
local _IJTwTV=_YORtNJ({82,97,100,105,117,115,32,66,108,97,99,107,104,111,108,101})
local _IjObFG=_YORtNJ({66,108,97,99,107,104,111,108,101})
local _kwhUKM=_YORtNJ({80,117,120,97,114,32,80,97,114,116,115})
local _sJkVAp=_YORtNJ({80,117,120,97,114,32,80,97,114,116,115})
local _lzQvTq=_YORtNJ({80,97,114,97,32,117,115,97,114,44,32,99,104,101,103,117,101,32,112,101,114,116,111,32,100,111,32,80,108,97,121,101,114,32,83,101,108,101,99,105,111,110,97,100,111})
local _oAoTbl=_YORtNJ({83,99,114,101,101,110,71,117,105})
local _AIusUX=_YORtNJ({70,114,97,109,101})
local _YuUtHL=_YORtNJ({84,101,120,116,66,111,120})
local _aglxdZ=_YORtNJ({85,73,84,101,120,116,83,105,122,101,67,111,110,115,116,114,97,105,110,116})
local _EDvMUq=_YORtNJ({84,101,120,116,76,97,98,101,108})
local _lyoUWO=_YORtNJ({85,73,84,101,120,116,83,105,122,101,67,111,110,115,116,114,97,105,110,116})
local _hDWlCO=_YORtNJ({84,101,120,116,66,117,116,116,111,110})
local _HXEikU=_YORtNJ({85,73,84,101,120,116,83,105,122,101,67,111,110,115,116,114,97,105,110,116})
local _DRgCLx=_YORtNJ({71,117,105})
local _YwWqJx=_YORtNJ({77,97,105,110})
local _rsrmNr=_YORtNJ({66,111,120})
local _OXfFYk=_YORtNJ({114,98,120,97,115,115,101,116,58,47,47,102,111,110,116,115,47,102,97,109,105,108,105,101,115,47,83,111,117,114,99,101,83,97,110,115,83,101,109,105,98,111,108,100,46,106,115,111,110})
local _IQavxj=_YORtNJ({80,108,97,121,101,114,32,104,101,114,101})
local _iJhinS=_YORtNJ({})
local _nAgrBF=_YORtNJ({76,97,98,101,108})
local _IkdruH=_YORtNJ({114,98,120,97,115,115,101,116,58,47,47,102,111,110,116,115,47,102,97,109,105,108,105,101,115,47,78,117,110,105,116,111,46,106,115,111,110})
local _sJfCFR=_YORtNJ({66,114,105,110,103,32,80,97,114,116,115,32,124,32,77,97,100,101,32,98,121,58,32,76,117,115,113,117,105,110,104,97,95,48,54,55})
local _ztBNsl=_YORtNJ({66,117,116,116,111,110})
local _UrLacR=_YORtNJ({66,114,105,110,103,32,124,32,79,102,102})
local _Odrtlk=_YORtNJ({80,108,97,121,101,114,115})
local _HzJHKh=_YORtNJ({82,117,110,83,101,114,118,105,99,101})
local _EystLO=_YORtNJ({85,115,101,114,73,110,112,117,116,83,101,114,118,105,99,101})
local _yQJHfk=_YORtNJ({87,111,114,107,115,112,97,99,101})
local _FdxUQm=_YORtNJ({70,111,108,100,101,114})
local _LcFgQq=_YORtNJ({80,97,114,116})
local _nWpZyY=_YORtNJ({65,116,116,97,99,104,109,101,110,116})
local _rasBVu=_YORtNJ({66,97,115,101,80,97,114,116})
local _PaeUNz=_YORtNJ({83,105,109,117,108,97,116,105,111,110,82,97,100,105,117,115})
local _CJfaiq=_YORtNJ({66,97,115,101,80,97,114,116})
local _YhdAkU=_YORtNJ({72,117,109,97,110,111,105,100})
local _aOoqmf=_YORtNJ({72,101,97,100})
local _JOEVDo=_YORtNJ({72,97,110,100,108,101})
local _NYsefU=_YORtNJ({66,111,100,121,77,111,118,101,114})
local _DhmwTP=_YORtNJ({82,111,99,107,101,116,80,114,111,112,117,108,115,105,111,110})
local _JsDTMj=_YORtNJ({65,116,116,97,99,104,109,101,110,116})
local _lluMbQ=_YORtNJ({65,116,116,97,99,104,109,101,110,116})
local _NanoXL=_YORtNJ({65,108,105,103,110,80,111,115,105,116,105,111,110})
local _yCWwkN=_YORtNJ({65,108,105,103,110,80,111,115,105,116,105,111,110})
local _DpxhjV=_YORtNJ({84,111,114,113,117,101})
local _SiveGZ=_YORtNJ({84,111,114,113,117,101})
local _LIbdyq=_YORtNJ({84,111,114,113,117,101})
local _jVbciZ=_YORtNJ({65,108,105,103,110,80,111,115,105,116,105,111,110})
local _wJPewK=_YORtNJ({65,116,116,97,99,104,109,101,110,116})
local _sckDWJ=_YORtNJ({66,114,105,110,103,32,80,97,114,116,115,32,124,32,79,110})
local _ermher=_YORtNJ({66,114,105,110,103,32,80,97,114,116,115,32,124,32,79,102,102})
local _pcGSGZ=_YORtNJ({80,108,97,121,101,114,32,102,111,117,110,100,58})
local _rOQDEY=_YORtNJ({80,108,97,121,101,114,32,110,111,116,32,102,111,117,110,100})
local _MtRRJa=_YORtNJ({72,117,109,97,110,111,105,100,82,111,111,116,80,97,114,116})
local _cdkDCn=_YORtNJ({80,108,97,121,101,114,32,105,115,32,110,111,116,32,115,101,108,101,99,116,101,100})
local _mXzHIm=_YORtNJ({73,110,118,105,115,237,118,101,108})
local _TfkASa=_YORtNJ({70,105,99,97,114,32,73,110,118,105,115,237,118,101,108})
local _XigDaZ=_YORtNJ({70,105,99,97,114,32,105,110,118,105,115,237,118,101,108,32,70,69})
local _XmDEwP=_YORtNJ({82,101,112,108,105,99,97,116,101,100,83,116,111,114,97,103,101})
local _AWsjZa=_YORtNJ({82,101,109,111,116,101,115})
local _VgDVyy=_YORtNJ({67,104,97,110,103,101,67,104,97,114,97,99,116,101,114,66,111,100,121})
local _Vmtujq=_YORtNJ({82,101,112,108,105,99,97,116,101,100,83,116,111,114,97,103,101})
local _UErGMq=_YORtNJ({82,101,109,111,116,101,115})
local _zQOHBd=_YORtNJ({87,101,97,114})
local _gbBUJL=_YORtNJ({37,100,43})
local _TGHAuK=_YORtNJ({82,101,112,108,105,99,97,116,101,100,83,116,111,114,97,103,101})
local _xZCpmE=_YORtNJ({82,101,109,111,116,101,115})
local _ZSNYwe=_YORtNJ({87,101,97,114})
local _ibdSSY=_YORtNJ({65,118,97,116,97,114,32,82,71,66})
local _fdwaDs=_YORtNJ({66,114,105,103,104,116,32,114,101,100})
local _jIgmMQ=_YORtNJ({76,105,109,101,32,103,114,101,101,110})
local _gIsBXv=_YORtNJ({66,114,105,103,104,116,32,98,108,117,101})
local _erPKwm=_YORtNJ({66,114,105,103,104,116,32,121,101,108,108,111,119})
local _KAqudH=_YORtNJ({66,114,105,103,104,116,32,99,121,97,110})
local _qHybsd=_YORtNJ({72,111,116,32,112,105,110,107})
local _dxSMgJ=_YORtNJ({82,111,121,97,108,32,112,117,114,112,108,101})
local _nCvCBQ=_YORtNJ({82,101,112,108,105,99,97,116,101,100,83,116,111,114,97,103,101})
local _nKdsCX=_YORtNJ({82,101,109,111,116,101,115})
local _eCIKZS=_YORtNJ({67,104,97,110,103,101,66,111,100,121,67,111,108,111,114})
local _gwdtiC=_YORtNJ({82,71,66,32,67,104,97,114,97,99,116,101,114})
local _iwMfnw=_YORtNJ({68,101,105,120,97,32,115,101,117,32,112,101,114,115,111,110,97,103,101,109,32,82,71,66})
local _LQSNRS=_YORtNJ({67,97,98,101,108,111,32,82,71,66})
local _wHIPUs=_YORtNJ({67,104,97,110,103,101,72,97,105,114,67,111,108,111,114,50})
local _QuHkuV=_YORtNJ({82,101,112,108,105,99,97,116,101,100,83,116,111,114,97,103,101})
local _pzvyFk=_YORtNJ({82,69})
local _KAqPDW=_YORtNJ({49,77,97,120,49,121})
local _CSRcDW=_YORtNJ({67,97,98,101,108,111,32,82,71,66})
local _wBOaCo=_YORtNJ({68,101,105,120,97,32,83,101,117,32,67,97,98,101,108,111,32,82,71,66})
local _MKyKDR=_YORtNJ({65,110,116,105,32,83,105,116})
local _TrQRqk=_YORtNJ({65,110,116,105,32,83,105,116})
local _hLlfma=_YORtNJ({78,227,111,32,68,101,105,120,97,32,115,101,117,32,112,101,114,115,111,110,97,103,101,109,32,83,101,110,116,97,114})
local _RZxtyH=_YORtNJ({82,117,110,83,101,114,118,105,99,101})
local _JkVuvt=_YORtNJ({72,117,109,97,110,111,105,100})
local _PbDCGS=_YORtNJ({72,117,109,97,110,111,105,100})
local _VILfLD=_YORtNJ({72,117,109,97,110,111,105,100})
local _SMdiFH=_YORtNJ({84,114,111,108,108,32,80,108,97,121,101,114,115})
local _LfTXOl=_YORtNJ({114,98,120,97,115,115,101,116,105,100,58,47,47,49,51,49,49,53,51,49,57,51,57,52,53,50,50,48})
local _fJEFCp=_YORtNJ({80,108,97,121,101,114,115})
local _pfLFEs=_YORtNJ({82,101,112,108,105,99,97,116,101,100,83,116,111,114,97,103,101})
local _ZWmkQF=_YORtNJ({86,105,114,116,117,97,108,73,110,112,117,116,77,97,110,97,103,101,114})
local _jrklun=_YORtNJ({82,117,110,83,101,114,118,105,99,101})
local _hYhfRG=_YORtNJ({72,117,109,97,110,111,105,100})
local _Mwnjgx=_YORtNJ({72,117,109,97,110,111,105,100,82,111,111,116,80,97,114,116})
local _OkoQKm=_YORtNJ({67,104,97,111,115,46,67,111,117,99,104})
local _ZGiEVp=_YORtNJ({67,104,97,111,115,46,67,111,117,99,104})
local _YYwPfF=_YORtNJ({82,69})
local _DPUDUv=_YORtNJ({49,67,108,101,97,49,114,84,111,111,108,49,115})
local _TjWDkl=_YORtNJ({67,108,101,97,114,65,108,108,84,111,111,108,115})
local _cxrpOT=_YORtNJ({72,117,109,97,110,111,105,100})
local _Rnsaph=_YORtNJ({72,117,109,97,110,111,105,100,82,111,111,116,80,97,114,116})
local _KJNawP=_YORtNJ({69,114,114,111,58,32,78,101,110,104,117,109,32,106,111,103,97,100,111,114,32,115,101,108,101,99,105,111,110,97,100,111})
local _YVsZQW=_YORtNJ({69,114,114,111,58,32,74,111,103,97,100,111,114,32,97,108,118,111,32,110,227,111,32,101,110,99,111,110,116,114,97,100,111,32,111,117,32,115,101,109,32,112,101,114,115,111,110,97,103,101,109})
local _GWpQFM=_YORtNJ({69,114,114,111,58,32,80,101,114,115,111,110,97,103,101,109,32,100,111,32,106,111,103,97,100,111,114,32,108,111,99,97,108,32,110,227,111,32,101,110,99,111,110,116,114,97,100,111})
local _iTaqcj=_YORtNJ({72,117,109,97,110,111,105,100})
local _pTsEiH=_YORtNJ({72,117,109,97,110,111,105,100,82,111,111,116,80,97,114,116})
local _lKCfkm=_YORtNJ({72,117,109,97,110,111,105,100,82,111,111,116,80,97,114,116})
local _LfSbPt=_YORtNJ({69,114,114,111,58,32,67,111,109,112,111,110,101,110,116,101,115,32,110,101,99,101,115,115,225,114,105,111,115,32,110,227,111,32,101,110,99,111,110,116,114,97,100,111,115})
local _FwjHMR=_YORtNJ({82,69})
local _LiBMtX=_YORtNJ({49,67,108,101,97,49,114,84,111,111,108,49,115})
local _OSzLRL=_YORtNJ({67,108,101,97,114,65,108,108,84,111,111,108,115})
local _bhiash=_YORtNJ({49,84,111,111,49,108})
local _JPpuzN=_YORtNJ({80,105,99,107,105,110,103,84,111,111,108,115})
local _pdwcar=_YORtNJ({67,111,117,99,104})
local _meIeDk=_YORtNJ({67,111,117,99,104})
local _JGXYnq=_YORtNJ({72,101,97,100})
local _AzCHrY=_YORtNJ({66,111,100,121,80,111,115,105,116,105,111,110})
local _fqxqMO=_YORtNJ({66,114,105,110,103,80,111,115,105,116,105,111,110})
local _lVEouM=_YORtNJ({72,117,109,97,110,111,105,100})
local _anOyop=_YORtNJ({72,117,109,97,110,111,105,100})
local _IYZPRp=_YORtNJ({66,97,115,101,80,97,114,116})
local _lTxQUf=_YORtNJ({67,111,117,99,104})
local _DZZwoT=_YORtNJ({49,84,111,111,49,108})
local _rMdbHx=_YORtNJ({80,105,99,107,105,110,103,84,111,111,108,115})
local _epDINL=_YORtNJ({67,111,117,99,104})
local _inPnJG=_YORtNJ({69,114,114,111,58,32,78,101,110,104,117,109,32,106,111,103,97,100,111,114,32,115,101,108,101,99,105,111,110,97,100,111})
local _rNgbjd=_YORtNJ({69,114,114,111,58,32,74,111,103,97,100,111,114,32,97,108,118,111,32,110,227,111,32,101,110,99,111,110,116,114,97,100,111,32,111,117,32,115,101,109,32,112,101,114,115,111,110,97,103,101,109})
local _gNdsxK=_YORtNJ({69,114,114,111,58,32,80,101,114,115,111,110,97,103,101,109,32,100,111,32,106,111,103,97,100,111,114,32,108,111,99,97,108,32,110,227,111,32,101,110,99,111,110,116,114,97,100,111})
local _WWjXNB=_YORtNJ({72,117,109,97,110,111,105,100})
local _qLqijp=_YORtNJ({72,117,109,97,110,111,105,100,82,111,111,116,80,97,114,116})
local _HudyNk=_YORtNJ({72,117,109,97,110,111,105,100,82,111,111,116,80,97,114,116})
local _WvSadS=_YORtNJ({69,114,114,111,58,32,67,111,109,112,111,110,101,110,116,101,115,32,110,101,99,101,115,115,225,114,105,111,115,32,110,227,111,32,101,110,99,111,110,116,114,97,100,111,115})
local _oFWAHn=_YORtNJ({82,69})
local _PRMtbP=_YORtNJ({49,67,108,101,97,49,114,84,111,111,108,49,115})
local _ZIfyXo=_YORtNJ({67,108,101,97,114,65,108,108,84,111,111,108,115})
local _OiohVR=_YORtNJ({49,84,111,111,49,108})
local _GKjtjO=_YORtNJ({80,105,99,107,105,110,103,84,111,111,108,115})
local _DCwaAA=_YORtNJ({67,111,117,99,104})
local _UXXrIz=_YORtNJ({67,111,117,99,104})
local _HjyuZf=_YORtNJ({72,101,97,100})
local _TkwJqy=_YORtNJ({66,111,100,121,80,111,115,105,116,105,111,110})
local _EYaYOC=_YORtNJ({66,114,105,110,103,80,111,115,105,116,105,111,110})
local _CzdTgc=_YORtNJ({72,117,109,97,110,111,105,100})
local _aCgrrS=_YORtNJ({72,117,109,97,110,111,105,100})
local _LgUnJH=_YORtNJ({66,97,115,101,80,97,114,116})
local _AMPwQh=_YORtNJ({67,111,117,99,104})
local _RtIyRc=_YORtNJ({49,84,111,111,49,108})
local _oWPRjn=_YORtNJ({80,105,99,107,105,110,103,84,111,111,108,115})
local _tBcBCU=_YORtNJ({67,111,117,99,104})
local _RArLod=_YORtNJ({69,114,114,111,58,32,78,101,110,104,117,109,32,106,111,103,97,100,111,114,32,97,108,118,111,32,115,101,108,101,99,105,111,110,97,100,111})
local _BLMamr=_YORtNJ({72,117,109,97,110,111,105,100,82,111,111,116,80,97,114,116})
local _oDWpxM=_YORtNJ({69,114,114,111,58,32,74,111,103,97,100,111,114,32,97,108,118,111,32,115,101,109,32,112,101,114,115,111,110,97,103,101,109,32,111,117,32,72,117,109,97,110,111,105,100,82,111,111,116,80,97,114,116})
local _fweTpG=_YORtNJ({67,108,101,97,114,65,108,108,84,111,111,108,115})
local _iJwAnc=_YORtNJ({49,67,108,101,97,49,114,84,111,111,108,49,115})
local _WGZhXg=_YORtNJ({80,105,99,107,105,110,103,84,111,111,108,115})
local _XnsmaW=_YORtNJ({67,111,117,99,104})
local _qTczJe=_YORtNJ({49,84,111,111,49,108})
local _CEsdLU=_YORtNJ({67,111,117,99,104})
local _LILEAm=_YORtNJ({69,114,114,111,58,32,83,111,102,225,32,110,227,111,32,101,110,99,111,110,116,114,97,100,111,32,110,111,32,66,97,99,107,112,97,99,107})
local _XrqLBf=_YORtNJ({67,104,97,111,115,46,67,111,117,99,104})
local _lLztsf=_YORtNJ({83,101,97,116,49})
local _tVhJSq=_YORtNJ({83,101,97,116,50})
local _izyVZG=_YORtNJ({72,97,110,100,108,101})
local _nCaMET=_YORtNJ({72,97,110,100,108,101,32})
local _GkYdZF=_YORtNJ({69,114,114,111,58,32,67,111,109,112,111,110,101,110,116,101,115,32,100,111,32,115,111,102,225,32,110,227,111,32,101,110,99,111,110,116,114,97,100,111,115})
local _bQHbdy=_YORtNJ({66,111,100,121,86,101,108,111,99,105,116,121})
local _NIZkvv=_YORtNJ({35,109,79,86,79,79,69,80,70,36,35,64,70,36,35,71,69,82,69,46,46,62,86,60,60,60,60,69,87,60,86,60,60,87})
local _JAUraT=_YORtNJ({72,97,110,100,108,101,32})
local _pCRDMN=_YORtNJ({72,97,110,100,108,101})
local _GJuNEd=_YORtNJ({72,97,110,100,108,101,32})
local _EHIkIa=_YORtNJ({66,111,100,121,86,101,108,111,99,105,116,121})
local _qgcTTy=_YORtNJ({35,109,79,86,79,79,69,80,70,36,35,64,70,36,35,71,69,82,69,46,46,62,86,60,60,60,60,69,87,60,86,60,60,87})
local _vRCDcI=_YORtNJ({72,97,110,100,108,101,32})
local _krYWyt=_YORtNJ({72,97,110,100,108,101})
local _HyiOBb=_YORtNJ({49,67,108,101,97,49,114,84,111,111,108,49,115})
local _UfhotI=_YORtNJ({67,108,101,97,114,65,108,108,84,111,111,108,115})
local _KSoGwh=_YORtNJ({69,114,114,111,58,32,78,101,110,104,117,109,32,106,111,103,97,100,111,114,32,97,108,118,111,32,115,101,108,101,99,105,111,110,97,100,111})
local _vWHAKN=_YORtNJ({72,117,109,97,110,111,105,100,82,111,111,116,80,97,114,116})
local _jFhfpA=_YORtNJ({69,114,114,111,58,32,74,111,103,97,100,111,114,32,97,108,118,111,32,115,101,109,32,112,101,114,115,111,110,97,103,101,109,32,111,117,32,72,117,109,97,110,111,105,100,82,111,111,116,80,97,114,116})
local _eaTPpR=_YORtNJ({67,108,101,97,114,65,108,108,84,111,111,108,115})
local _oJnQOP=_YORtNJ({49,67,108,101,97,49,114,84,111,111,108,49,115})
local _UKuasq=_YORtNJ({80,105,99,107,105,110,103,84,111,111,108,115})
local _dUCYGF=_YORtNJ({67,111,117,99,104})
local _GQpVeh=_YORtNJ({49,84,111,111,49,108})
local _CfECGN=_YORtNJ({67,111,117,99,104})
local _GgnfYJ=_YORtNJ({69,114,114,111,58,32,83,111,102,225,32,110,227,111,32,101,110,99,111,110,116,114,97,100,111,32,110,111,32,66,97,99,107,112,97,99,107})
local _zBkSCj=_YORtNJ({67,104,97,111,115,46,67,111,117,99,104})
local _vkDYjO=_YORtNJ({83,101,97,116,49})
local _KbhOvv=_YORtNJ({83,101,97,116,50})
local _lMNfqx=_YORtNJ({72,97,110,100,108,101})
local _nOBYkC=_YORtNJ({72,97,110,100,108,101,32})
local _FVpLSB=_YORtNJ({69,114,114,111,58,32,67,111,109,112,111,110,101,110,116,101,115,32,100,111,32,115,111,102,225,32,110,227,111,32,101,110,99,111,110,116,114,97,100,111,115})
local _kvIvBa=_YORtNJ({66,111,100,121,86,101,108,111,99,105,116,121})
local _ZuSEUZ=_YORtNJ({35,109,79,86,79,79,69,80,70,36,35,64,70,36,35,71,69,82,69,46,46,62,86,60,60,60,60,69,87,60,86,60,60,87})
local _MxdugN=_YORtNJ({72,97,110,100,108,101,32})
local _HQjMeX=_YORtNJ({72,97,110,100,108,101})
local _LKLymP=_YORtNJ({72,97,110,100,108,101,32})
local _ZfzQKR=_YORtNJ({66,111,100,121,86,101,108,111,99,105,116,121})
local _NIctrv=_YORtNJ({35,109,79,86,79,79,69,80,70,36,35,64,70,36,35,71,69,82,69,46,46,62,86,60,60,60,60,69,87,60,86,60,60,87})
local _CJCoce=_YORtNJ({35,109,79,86,79,79,69,80,70,36,35,64,70,36,35,71,69,82,69,46,46,62,86,60,60,60,60,69,87,60,86,60,60,87})
local _IXiMoP=_YORtNJ({49,67,108,101,97,49,114,84,111,111,108,49,115})
local _TJmshK=_YORtNJ({67,108,101,97,114,65,108,108,84,111,111,108,115})
local _LkBlAY=_YORtNJ({84,114,111,108,108,32,80,108,97,121,101,114})
local _DKDShW=_YORtNJ({83,101,108,101,99,105,111,110,97,114,32,74,111,103,97,100,111,114})
local _ATMsUt=_YORtNJ({})
local _lizrxo=_YORtNJ({74,111,103,97,100,111,114,32,115,101,108,101,99,105,111,110,97,100,111,58,32})
local _UIIitT=_YORtNJ({65,116,117,97,108,105,122,97,114,32,80,108,97,121,101,114,32,76,105,115,116})
local _fYsBfB=_YORtNJ({76,105,115,116,97,32,100,101,32,106,111,103,97,100,111,114,101,115,32,97,116,117,97,108,105,122,97,100,97,58,32})
local _sAHMMB=_YORtNJ({44,32})
local _lhtqqo=_YORtNJ({})
local _LJFztx=_YORtNJ({83,101,108,101,231,227,111,32,114,101,115,101,116,97,100,97,44,32,106,111,103,97,100,111,114,32,110,227,111,32,101,115,116,225,32,109,97,105,115,32,110,111,32,115,101,114,118,105,100,111,114,46})
local _SgTvLH=_YORtNJ({69,114,114,111,58,32,68,114,111,112,100,111,119,110,32,110,227,111,32,101,110,99,111,110,116,114,97,100,111,32,111,117,32,110,101,110,104,117,109,32,106,111,103,97,100,111,114,32,100,105,115,112,111,110,237,118,101,108,46})
local _yHqgqZ=_YORtNJ({84,101,108,101,112,111,114,116,97,114,32,97,116,233,32,111,32,80,108,97,121,101,114})
local _nHhFJP=_YORtNJ({69,114,114,111,58,32,80,108,97,121,101,114,32,110,227,111,32,115,101,108,101,99,105,111,110,97,100,111,32,111,117,32,110,227,111,32,101,120,105,115,116,101})
local _KnMFZj=_YORtNJ({72,117,109,97,110,111,105,100,82,111,111,116,80,97,114,116})
local _SrZlzt=_YORtNJ({69,114,114,111,58,32,72,117,109,97,110,111,105,100,82,111,111,116,80,97,114,116,32,100,111,32,106,111,103,97,100,111,114,32,108,111,99,97,108,32,110,227,111,32,101,110,99,111,110,116,114,97,100,111})
local _spJppC=_YORtNJ({72,117,109,97,110,111,105,100,82,111,111,116,80,97,114,116})
local _dKuTFQ=_YORtNJ({69,114,114,111,58,32,80,108,97,121,101,114,32,97,108,118,111,32,110,227,111,32,101,110,99,111,110,116,114,97,100,111,32,111,117,32,115,101,109,32,72,117,109,97,110,111,105,100,82,111,111,116,80,97,114,116})
local _hsPRhv=_YORtNJ({83,112,101,99,116,97,114,32,80,108,97,121,101,114})
local _AIPHpr=_YORtNJ({72,117,109,97,110,111,105,100})
local _bspZBN=_YORtNJ({72,117,109,97,110,111,105,100})
local _bOhNvz=_YORtNJ({77,233,116,111,100,111,115})
local _vyhvcD=_YORtNJ({83,101,108,101,99,105,111,110,97,114,32,77,233,116,111,100,111,32,112,97,114,97,32,77,97,116,97,114})
local _MVeddC=_YORtNJ({66,117,115})
local _KnhHIg=_YORtNJ({67,111,117,99,104})
local _WYmVup=_YORtNJ({67,111,117,99,104,32,83,101,109,32,105,114,32,97,116,233,32,111,32,97,108,118,111,32,91,66,69,84,65,93})
local _FRWPLR=_YORtNJ({})
local _vcClbA=_YORtNJ({77,233,116,111,100,111,32,115,101,108,101,99,105,111,110,97,100,111,58,32})
local _RbarKq=_YORtNJ({77,97,116,97,114,32,80,108,97,121,101,114})
local _wvGWTQ=_YORtNJ({69,114,114,111,58,32,80,108,97,121,101,114,32,110,227,111,32,115,101,108,101,99,105,111,110,97,100,111,32,111,117,32,110,227,111,32,101,120,105,115,116,101})
local _IRUllv=_YORtNJ({67,111,117,99,104})
local _ZPGviJ=_YORtNJ({67,111,117,99,104,32,83,101,109,32,105,114,32,97,116,233,32,111,32,97,108,118,111,32,91,66,69,84,65,93})
local _dGYzTd=_YORtNJ({72,117,109,97,110,111,105,100,82,111,111,116,80,97,114,116})
local _TUxnsA=_YORtNJ({69,114,114,111,58,32,72,117,109,97,110,111,105,100,82,111,111,116,80,97,114,116,32,100,111,32,106,111,103,97,100,111,114,32,108,111,99,97,108,32,110,227,111,32,101,110,99,111,110,116,114,97,100,111})
local _hcPMKM=_YORtNJ({86,101,104,105,99,108,101,115})
local _IkRcSt=_YORtNJ({67,97,114})
local _YQsYvi=_YORtNJ({82,69})
local _kmulvz=_YORtNJ({49,67,97,49,114})
local _bPnEVH=_YORtNJ({49,67,97,49,114})
local _RPOsXk=_YORtNJ({80,105,99,107,105,110,103,67,97,114})
local _ubYyrg=_YORtNJ({83,99,104,111,111,108,66,117,115})
local _XAyKKs=_YORtNJ({66,111,100,121})
local _DFoGis=_YORtNJ({86,101,104,105,99,108,101,83,101,97,116})
local _MPpwKC=_YORtNJ({72,117,109,97,110,111,105,100})
local _tWuCth=_YORtNJ({83,101,97,116})
local _bpFDbB=_YORtNJ({72,117,109,97,110,111,105,100,82,111,111,116,80,97,114,116})
local _GbNxwz=_YORtNJ({72,117,109,97,110,111,105,100})
local _fqsAWj=_YORtNJ({74,111,103,97,100,111,114,32,115,101,110,116,111,117,44,32,108,101,118,97,110,100,111,32,244,110,105,98,117,115,32,112,97,114,97,32,111,32,118,111,105,100,33})
local _xtqaZT=_YORtNJ({72,117,109,97,110,111,105,100})
local _sIZnhc=_YORtNJ({83,105,109,117,108,97,110,100,111,32,112,117,108,111,33})
local _cUzDnh=_YORtNJ({80,108,97,121,101,114,32,118,111,108,116,111,117,32,112,97,114,97,32,97,32,112,111,115,105,231,227,111,32,105,110,105,99,105,97,108,46})
local _linngZ=_YORtNJ({80,117,120,97,114,32,80,108,97,121,101,114})
local _JHAINp=_YORtNJ({69,114,114,111,58,32,80,108,97,121,101,114,32,110,227,111,32,115,101,108,101,99,105,111,110,97,100,111,32,111,117,32,110,227,111,32,101,120,105,115,116,101})
local _hkLrmz=_YORtNJ({67,111,117,99,104})
local _OrQIlF=_YORtNJ({67,111,117,99,104,32,83,101,109,32,105,114,32,97,116,233,32,111,32,97,108,118,111,32,91,66,69,84,65,93})
local _VnrAyY=_YORtNJ({72,117,109,97,110,111,105,100,82,111,111,116,80,97,114,116})
local _HYFLjq=_YORtNJ({69,114,114,111,58,32,72,117,109,97,110,111,105,100,82,111,111,116,80,97,114,116,32,100,111,32,106,111,103,97,100,111,114,32,108,111,99,97,108,32,110,227,111,32,101,110,99,111,110,116,114,97,100,111})
local _DxWXRk=_YORtNJ({86,101,104,105,99,108,101,115})
local _SzQSwx=_YORtNJ({67,97,114})
local _PuOdid=_YORtNJ({82,69})
local _LUAfns=_YORtNJ({49,67,97,49,114})
local _TfvOnf=_YORtNJ({49,67,97,49,114})
local _YQPHhq=_YORtNJ({80,105,99,107,105,110,103,67,97,114})
local _RrVECi=_YORtNJ({83,99,104,111,111,108,66,117,115})
local _BXocsH=_YORtNJ({66,111,100,121})
local _AtkctG=_YORtNJ({86,101,104,105,99,108,101,83,101,97,116})
local _dEFMdA=_YORtNJ({72,117,109,97,110,111,105,100})
local _qGiSlW=_YORtNJ({72,117,109,97,110,111,105,100,82,111,111,116,80,97,114,116})
local _JDLAey=_YORtNJ({72,117,109,97,110,111,105,100})
local _ZliNFg=_YORtNJ({68,101,108,101,116,101,65,108,108,86,101,104,105,99,108,101,115})
local _chNHGo=_YORtNJ({49,67,97,49,114})
local _eWQXpH=_YORtNJ({78,101,110,104,117,109,32,106,111,103,97,100,111,114,32,115,101,108,101,99,105,111,110,97,100,111,33})
local _LdLQQj=_YORtNJ({72,117,109,97,110,111,105,100})
local _PnOlzW=_YORtNJ({72,117,109,97,110,111,105,100,82,111,111,116,80,97,114,116})
local _UxvQga=_YORtNJ({48,48,49,95,76,111,116,115})
local _wloxck=_YORtNJ({72,111,117,115,101})
local _pBHeus=_YORtNJ({70,111,114,32,83,97,108,101})
local _XvUSYw=_YORtNJ({78,117,109,98,101,114,86,97,108,117,101})
local _JYisZS=_YORtNJ({78,117,109,98,101,114})
local _JrXZCn=_YORtNJ({66,117,121,72,111,117,115,101})
local _vtQeDJ=_YORtNJ({66,97,115,101,80,97,114,116})
local _ONZoLd=_YORtNJ({67,108,105,99,107,68,101,116,101,99,116,111,114})
local _dfwCXf=_YORtNJ({48,53,54,95,72,111,117,115,101})
local _isHjRA=_YORtNJ({82,101,112,108,105,99,97,116,101,100,83,116,111,114,97,103,101})
local _ZLWUhY=_YORtNJ({82,101,109,111,116,101,115})
local _olioxm=_YORtNJ({76,111,116,58,66,117,105,108,100,80,114,111,112,101,114,116,121})
local _iWKTzs=_YORtNJ({78,101,110,104,117,109,97,32,99,97,115,97,32,100,105,115,112,111,110,195,173,118,101,108,32,112,97,114,97,32,99,111,109,112,114,97,33})
local _ZxBZZi=_YORtNJ({72,111,117,115,101})
local _agIUGB=_YORtNJ({78,117,109,98,101,114})
local _zwHUso=_YORtNJ({78,117,109,98,101,114,86,97,108,117,101})
local _AzGdEG=_YORtNJ({82,101,112,108,105,99,97,116,101,100,83,116,111,114,97,103,101})
local _TpAnJO=_YORtNJ({49,71,101,116,116,105,110,49,103,72,111,117,115,49,101})
local _Dffrxz=_YORtNJ({80,105,99,107,105,110,103,67,117,115,116,111,109,72,111,117,115,101})
local _eHnZNb=_YORtNJ({48,52,57,95,72,111,117,115,101})
local _JvLShe=_YORtNJ({67,97,114})
local _YAgBCH=_YORtNJ({82,101,112,108,105,99,97,116,101,100,83,116,111,114,97,103,101})
local _TAjqAX=_YORtNJ({49,67,97,49,114})
local _ZycHej=_YORtNJ({80,105,99,107,105,110,103,67,97,114})
local _jHybMf=_YORtNJ({83,99,104,111,111,108,66,117,115})
local _uRuffV=_YORtNJ({67,97,114})
local _wmfAZO=_YORtNJ({66,111,100,121})
local _cZftyx=_YORtNJ({86,101,104,105,99,108,101,83,101,97,116})
local _SLkBut=_YORtNJ({67,97,114})
local _tiUuDt=_YORtNJ({66,111,100,121})
local _ymwSwB=_YORtNJ({86,101,104,105,99,108,101,83,101,97,116})
local _WxEECy=_YORtNJ({72,117,109,97,110,111,105,100})
local _RGcDlX=_YORtNJ({72,117,109,97,110,111,105,100,82,111,111,116,80,97,114,116})
local _EKwmtw=_YORtNJ({72,111,117,115,101})
local _WdVcfT=_YORtNJ({72,117,109,97,110,111,105,100,82,111,111,116,80,97,114,116})
local _unEiin=_YORtNJ({80,108,97,121,101,114,115})
local _MdVnWX=_YORtNJ({66,97,110,80,108,97,121,101,114,70,114,111,109,72,111,117,115,101})
local _lJrEXc=_YORtNJ({82,101,112,108,105,99,97,116,101,100,83,116,111,114,97,103,101})
local _ZANuPW=_YORtNJ({49,80,108,97,121,101,49,114,84,114,105,103,103,101,49,114,69,118,101,110,49,116})
local _IEViaz=_YORtNJ({68,101,108,101,116,101,65,108,108,86,101,104,105,99,108,101,115})
local _hgucPX=_YORtNJ({82,101,112,108,105,99,97,116,101,100,83,116,111,114,97,103,101})
local _rNfzdf=_YORtNJ({49,67,97,49,114})
local _HZCwhE=_YORtNJ({72,111,117,115,101,32,66,97,110,32,75,105,108,108})
local _eRyxqs=_YORtNJ({80,108,97,121,101,114,115})
local _sktjEv=_YORtNJ({65,117,116,111,32,70,108,105,110,103,32})
local _DjAPCP=_YORtNJ({72,117,109,97,110,111,105,100,82,111,111,116,80,97,114,116})
local _XNzENQ=_YORtNJ({72,117,109,97,110,111,105,100,82,111,111,116,80,97,114,116})
local _SMychv=_YORtNJ({72,117,109,97,110,111,105,100})
local _KGcFwP=_YORtNJ({67,108,101,97,114,65,108,108,84,111,111,108,115})
local _XEvvhf=_YORtNJ({82,101,112,108,105,99,97,116,101,100,83,116,111,114,97,103,101})
local _ZYWEGb=_YORtNJ({82,69})
local _HKZASG=_YORtNJ({49,67,108,101,97,49,114,84,111,111,108,49,115})
local _eHtoCA=_YORtNJ({80,105,99,107,105,110,103,84,111,111,108,115})
local _iphlsb=_YORtNJ({67,111,117,99,104})
local _FlQmoW=_YORtNJ({82,101,112,108,105,99,97,116,101,100,83,116,111,114,97,103,101})
local _xDylFK=_YORtNJ({49,84,111,111,49,108})
local _kABpiq=_YORtNJ({67,111,117,99,104})
local _BeRaUI=_YORtNJ({86,105,114,116,117,97,108,73,110,112,117,116,77,97,110,97,103,101,114})
local _rBFiQl=_YORtNJ({66,111,100,121,86,101,108,111,99,105,116,121})
local _pkGxLM=_YORtNJ({70,108,105,110,103,70,111,114,99,101})
local _YMQoYS=_YORtNJ({72,101,97,100})
local _aDfoNI=_YORtNJ({72,117,109,97,110,111,105,100})
local _QMfIOb=_YORtNJ({72,117,109,97,110,111,105,100})
local _BIYeGg=_YORtNJ({66,97,115,101,80,97,114,116})
local _RklBYd=_YORtNJ({82,101,112,108,105,99,97,116,101,100,83,116,111,114,97,103,101})
local _GjPiTU=_YORtNJ({49,84,111,111,49,108})
local _tSDGBt=_YORtNJ({80,108,97,121,101,114,115})
local _vjAMcV=_YORtNJ({72,117,109,97,110,111,105,100})
local _FpILDI=_YORtNJ({72,117,109,97,110,111,105,100,82,111,111,116,80,97,114,116})
local _JXEPzq=_YORtNJ({66,97,99,107,112,97,99,107})
local _VhtrYR=_YORtNJ({48,48,49,95,83,111,99,99,101,114,66,97,108,108,115})
local _bOtUkt=_YORtNJ({83,111,99,99,101,114,66,97,108,108})
local _EtItEv=_YORtNJ({82,101,112,108,105,99,97,116,101,100,83,116,111,114,97,103,101})
local _UVLuDe=_YORtNJ({49,84,111,111,49,108})
local _BJAlvJ=_YORtNJ({80,105,99,107,105,110,103,84,111,111,108,115})
local _JEoTUe=_YORtNJ({83,111,99,99,101,114,66,97,108,108})
local _xlCEZO=_YORtNJ({83,111,99,99,101,114,66,97,108,108})
local _eXQbvt=_YORtNJ({83,111,99,99,101,114})
local _lQZnpT=_YORtNJ({83,111,99,99,101,114})
local _uTtUqN=_YORtNJ({83,111,99,99,101,114})
local _EIXJwg=_YORtNJ({72,117,109,97,110,111,105,100,82,111,111,116,80,97,114,116})
local _BaPzZP=_YORtNJ({72,117,109,97,110,111,105,100})
local _vmUGTJ=_YORtNJ({66,111,100,121,86,101,108,111,99,105,116,121})
local _BZFwwz=_YORtNJ({66,111,100,121,86,101,108,111,99,105,116,121})
local _uEfwyk=_YORtNJ({66,111,100,121,86,101,108,111,99,105,116,121})
local _XVBiWi=_YORtNJ({70,108,105,110,103,80,111,119,101,114})
local _cUOjvS=_YORtNJ({66,97,115,101,80,97,114,116})
local _ibRCFk=_YORtNJ({70,108,105,110,103,32,66,97,108,108})
local _cNXPNd=_YORtNJ({80,108,97,121,101,114,115})
local _rcHzjm=_YORtNJ({67,111,117,99,104})
local _dowDkj=_YORtNJ({80,105,99,107,105,110,103,84,111,111,108,115})
local _hvPkfc=_YORtNJ({67,111,117,99,104})
local _gVUOYO=_YORtNJ({82,101,112,108,105,99,97,116,101,100,83,116,111,114,97,103,101})
local _VmnJpP=_YORtNJ({49,84,111,111,49,108})
local _IIHgJC=_YORtNJ({67,111,117,99,104})
local _NiRBsz=_YORtNJ({80,108,97,121,101,114,115})
local _UtJhnk=_YORtNJ({72,117,109,97,110,111,105,100})
local _UiZIwj=_YORtNJ({72,117,109,97,110,111,105,100})
local _OdRdru=_YORtNJ({72,117,109,97,110,111,105,100})
local _UBjRqC=_YORtNJ({72,101,97,100})
local _tuDqeE=_YORtNJ({65,99,99,101,115,115,111,114,121})
local _NmStAm=_YORtNJ({65,99,99,101,115,115,111,114,121})
local _OsuNMD=_YORtNJ({72,97,110,100,108,101})
local _pCKWLd=_YORtNJ({67,111,117,99,104})
local _oyPyqX=_YORtNJ({66,97,115,101,80,97,114,116})
local _sWVHMu=_YORtNJ({66,111,100,121,86,101,108,111,99,105,116,121})
local _AmaTWo=_YORtNJ({83,112,101,101,100,68,111,80,97,105})
local _wFOnYk=_YORtNJ({71,101,116,116,105,110,103,85,112})
local _nXPuhA=_YORtNJ({66,97,115,101,80,97,114,116})
local _AVrAmW=_YORtNJ({70,108,105,110,103,32,66,111,97,116})
local _TpnoSI=_YORtNJ({70,108,105,110,103,32,45,32,66,111,97,116})
local _chhadA=_YORtNJ({78,101,110,104,117,109,32,106,111,103,97,100,111,114,32,115,101,108,101,99,105,111,110,97,100,111,32,111,117,32,110,227,111,32,101,120,105,115,116,101})
local _nubImQ=_YORtNJ({72,117,109,97,110,111,105,100})
local _ogdKrI=_YORtNJ({72,117,109,97,110,111,105,100,82,111,111,116,80,97,114,116})
local _GIryxi=_YORtNJ({86,101,104,105,99,108,101,115})
local _aYkGYW=_YORtNJ({72,117,109,97,110,111,105,100,32,111,117,32,82,111,111,116,80,97,114,116,32,105,110,118,225,108,105,100,111})
local _UFamre=_YORtNJ({82,101,112,108,105,99,97,116,101,100,83,116,111,114,97,103,101})
local _ionIXd=_YORtNJ({49,67,97,49,114})
local _ylyocQ=_YORtNJ({80,105,99,107,105,110,103,66,111,97,116})
local _apmkGR=_YORtNJ({77,105,108,105,116,97,114,121,66,111,97,116,70,114,101,101})
local _sUNCFn=_YORtNJ({67,97,114})
local _QCnrvL=_YORtNJ({67,97,114})
local _TNzkOJ=_YORtNJ({70,97,108,104,97,32,97,111,32,115,112,97,119,110,97,114,32,111,32,98,97,114,99,111})
local _yZctfv=_YORtNJ({66,111,100,121})
local _DcSEgQ=_YORtNJ({86,101,104,105,99,108,101,83,101,97,116})
local _BhjeUS=_YORtNJ({65,115,115,101,110,116,111,32,110,227,111,32,101,110,99,111,110,116,114,97,100,111})
local _LGeQqO=_YORtNJ({66,97,114,99,111,32,115,112,97,119,110,97,100,111,33})
local _iHBWlf=_YORtNJ({74,111,103,97,100,111,114,32,110,227,111,32,101,110,99,111,110,116,114,97,100,111})
local _gMcFDZ=_YORtNJ({72,117,109,97,110,111,105,100})
local _AWVLin=_YORtNJ({72,117,109,97,110,111,105,100,82,111,111,116,80,97,114,116})
local _KvUgNi=_YORtNJ({72,117,109,97,110,111,105,100,32,111,117,32,82,111,111,116,80,97,114,116,32,100,111,32,97,108,118,111,32,110,227,111,32,101,110,99,111,110,116,114,97,100,111})
local _ptRGyc=_YORtNJ({66,111,100,121,65,110,103,117,108,97,114,86,101,108,111,99,105,116,121})
local _xThBUe=_YORtNJ({83,112,105,110,110,105,110,103})
local _xcyHWm=_YORtNJ({70,108,105,110,103,32,97,116,105,118,111,33})
local _AdHaEt=_YORtNJ({70,108,105,110,103,32,100,101,115,97,116,105,118,97,100,111})
local _TpvhzK=_YORtNJ({70,108,105,110,103,32,45,32,66,111,97,116,32,98,117,116,116,111,110,32,99,114,101,97,116,101,100})
local _EtyczK=_YORtNJ({68,101,115,108,105,103,97,114,32,70,108,105,110,103,32,45,32,66,111,97,116})
local _VtuOjX=_YORtNJ({72,117,109,97,110,111,105,100,82,111,111,116,80,97,114,116})
local _cnRCBM=_YORtNJ({72,117,109,97,110,111,105,100})
local _jTDAFd=_YORtNJ({86,101,104,105,99,108,101,115})
local _mUhVSB=_YORtNJ({78,101,110,104,117,109,32,82,111,111,116,80,97,114,116,32,111,117,32,72,117,109,97,110,111,105,100,32,101,110,99,111,110,116,114,97,100,111,33})
local _lvhDUu=_YORtNJ({74,111,103,97,100,111,114,32,112,97,114,97,108,105,115,97,100,111,32,112,97,114,97,32,114,101,100,117,122,105,114,32,101,102,101,105,116,111,115,32,100,111,32,115,112,105,110,46})
local _WVFEOs=_YORtNJ({66,111,100,121,65,110,103,117,108,97,114,86,101,108,111,99,105,116,121})
local _nAbZtd=_YORtNJ({66,111,100,121,86,101,108,111,99,105,116,121})
local _UFKmEH=_YORtNJ({83,112,105,110,32,101,32,102,111,114,231,97,115,32,114,101,109,111,118,105,100,97,115,32,100,111,32,106,111,103,97,100,111,114,46})
local _LmSUiY=_YORtNJ({82,101,112,108,105,99,97,116,101,100,83,116,111,114,97,103,101})
local _eRsrus=_YORtNJ({49,67,97,49,114})
local _vZdKLS=_YORtNJ({68,101,108,101,116,101,65,108,108,86,101,104,105,99,108,101,115})
local _sqrAgb=_YORtNJ({67,97,114})
local _CoAShT=_YORtNJ({66,111,100,121,65,110,103,117,108,97,114,86,101,108,111,99,105,116,121})
local _hzTTeN=_YORtNJ({66,111,100,121,86,101,108,111,99,105,116,121})
local _faWbvJ=_YORtNJ({83,112,105,110,32,114,101,109,111,118,105,100,111,32,100,111,32,98,97,114,99,111,46})
local _ZXvmBJ=_YORtNJ({66,111,100,121,80,111,115,105,116,105,111,110})
local _hBWccR=_YORtNJ({66,111,100,121,71,121,114,111})
local _bTydWH=_YORtNJ({74,111,103,97,100,111,114,32,101,115,116,225,32,112,114,101,115,111,32,110,97,32,99,111,111,114,100,101,110,97,100,97,32,115,101,103,117,114,97,46})
local _POknbC=_YORtNJ({74,111,103,97,100,111,114,32,108,105,98,101,114,97,100,111,44,32,115,101,103,117,114,111,32,110,97,32,112,111,115,105,231,227,111,46})
local _YDlZbn=_YORtNJ({67,108,105,99,107,32,75,105,108,108,32,77,101,116,104,111,100,115})
local _erjgcz=_YORtNJ({67,108,105,99,107,32,70,108,105,110,103,32,80,111,114,116,97,115,32,91,66,101,116,97,93})
local _KhxmMG=_YORtNJ({80,97,114,97,32,85,115,97,114,44,32,82,101,99,111,109,101,110,100,111,32,99,104,101,103,97,114,32,112,101,114,116,111,32,100,101,32,111,117,116,114,97,115,32,112,111,114,116,97,115,44,32,97,112,111,115,32,101,108,97,32,105,114,32,97,116,233,32,118,111,99,234,44,32,99,108,105,113,117,101,32,110,111,32,106,111,103,97,100,111,114,32,113,117,101,32,100,101,115,101,106,97,32,102,108,105,110,103,97,114})
local _vFSPxO=_YORtNJ({80,108,97,121,101,114,115})
local _KXPwbC=_YORtNJ({87,111,114,107,115,112,97,99,101})
local _xApIgI=_YORtNJ({82,117,110,83,101,114,118,105,99,101})
local _NBhfyv=_YORtNJ({85,115,101,114,73,110,112,117,116,83,101,114,118,105,99,101})
local _ldHDUP=_YORtNJ({72,117,109,97,110,111,105,100,82,111,111,116,80,97,114,116})
local _UCLYZp=_YORtNJ({80,97,114,116})
local _CWulld=_YORtNJ({66,108,97,99,107,72,111,108,101,84,97,114,103,101,116})
local _pfbHdp=_YORtNJ({65,116,116,97,99,104,109,101,110,116})
local _oQcNpQ=_YORtNJ({76,117,115,99,97,97,95,66,108,97,99,107,72,111,108,101,65,116,116,97,99,104,109,101,110,116})
local _ymQIYn=_YORtNJ({66,97,115,101,80,97,114,116})
local _kzvizI=_YORtNJ({68,111,111,114})
local _phcMAz=_YORtNJ({76,117,115,99,97,97,95,65,116,116,97,99,104,101,100})
local _poHMcv=_YORtNJ({65,108,105,103,110,80,111,115,105,116,105,111,110})
local _uNkeMF=_YORtNJ({84,111,114,113,117,101})
local _gjucQq=_YORtNJ({65,116,116,97,99,104,109,101,110,116})
local _OhFZez=_YORtNJ({66,111,111,108,86,97,108,117,101})
local _YizKqg=_YORtNJ({76,117,115,99,97,97,95,65,116,116,97,99,104,101,100})
local _cJraWH=_YORtNJ({65,116,116,97,99,104,109,101,110,116})
local _PuxgZI=_YORtNJ({65,108,105,103,110,80,111,115,105,116,105,111,110})
local _JLhVEo=_YORtNJ({84,111,114,113,117,101})
local _tyMqxo=_YORtNJ({66,97,115,101,80,97,114,116})
local _eOWQGg=_YORtNJ({68,111,111,114})
local _nnNItQ=_YORtNJ({66,97,115,101,80,97,114,116})
local _UAHtsV=_YORtNJ({68,111,111,114})
local _BkpLPJ=_YORtNJ({72,117,109,97,110,111,105,100,82,111,111,116,80,97,114,116})
local _WjUqsF=_YORtNJ({83,72,78,77,65,88,95,84,97,114,103,101,116,65,116,116,97,99,104,109,101,110,116})
local _VsbuMY=_YORtNJ({65,116,116,97,99,104,109,101,110,116})
local _FIgJef=_YORtNJ({83,72,78,77,65,88,95,84,97,114,103,101,116,65,116,116,97,99,104,109,101,110,116})
local _weQmVM=_YORtNJ({77,111,100,101,108})
local _dCYlRY=_YORtNJ({67,108,105,99,107,32,70,108,105,110,103,32,67,111,117,99,104,32,40,84,111,111,108,41})
local _vzzUXn=_YORtNJ({80,108,97,121,101,114,115})
local _nKJhAw=_YORtNJ({82,101,112,108,105,99,97,116,101,100,83,116,111,114,97,103,101})
local _CtKjRg=_YORtNJ({85,115,101,114,73,110,112,117,116,83,101,114,118,105,99,101})
local _TjLWLt=_YORtNJ({67,108,105,99,107,32,70,108,105,110,103,32,67,111,117,99,104})
local _ZJLOot=_YORtNJ({66,97,99,107,112,97,99,107})
local _tEKpfJ=_YORtNJ({84,111,111,108})
local _cjuyCX=_YORtNJ({72,117,109,97,110,111,105,100,82,111,111,116,80,97,114,116})
local _NymRdF=_YORtNJ({72,117,109,97,110,111,105,100,82,111,111,116,80,97,114,116})
local _WetzTi=_YORtNJ({72,117,109,97,110,111,105,100})
local _tFBicx=_YORtNJ({82,69})
local _dxvCcE=_YORtNJ({49,67,108,101,97,49,114,84,111,111,108,49,115})
local _UMhVAk=_YORtNJ({67,108,101,97,114,65,108,108,84,111,111,108,115})
local _Thdcue=_YORtNJ({49,84,111,111,49,108})
local _TzdKkQ=_YORtNJ({80,105,99,107,105,110,103,84,111,111,108,115})
local _kSmNLm=_YORtNJ({67,111,117,99,104})
local _koTIBW=_YORtNJ({67,111,117,99,104})
local _zWNwEn=_YORtNJ({86,105,114,116,117,97,108,73,110,112,117,116,77,97,110,97,103,101,114})
local _sQCtcg=_YORtNJ({66,111,100,121,86,101,108,111,99,105,116,121})
local _YtEAZb=_YORtNJ({70,111,114,99,97,74,111,103,97,100,97})
local _EqPumH=_YORtNJ({72,101,97,100})
local _XZMTqS=_YORtNJ({72,117,109,97,110,111,105,100})
local _VEvlBT=_YORtNJ({72,117,109,97,110,111,105,100})
local _nqvvET=_YORtNJ({66,97,115,101,80,97,114,116})
local _SyoaNJ=_YORtNJ({49,84,111,111,49,108})
local _fOqNuP=_YORtNJ({80,105,99,107,105,110,103,84,111,111,108,115})
local _xNcbbG=_YORtNJ({67,111,117,99,104})
local _WrplyX=_YORtNJ({77,111,100,101,108})
local _eMsZNT=_YORtNJ({67,108,105,99,107,32,70,108,105,110,103,32,66,97,108,108,32,40,84,111,111,108,41})
local _ZIdZij=_YORtNJ({80,108,97,121,101,114,115})
local _QBjvip=_YORtNJ({82,101,112,108,105,99,97,116,101,100,83,116,111,114,97,103,101})
local _lzXJpq=_YORtNJ({87,111,114,107,115,112,97,99,101})
local _NHyKTz=_YORtNJ({85,115,101,114,73,110,112,117,116,83,101,114,118,105,99,101})
local _dAwOpG=_YORtNJ({67,108,105,99,107,32,70,108,105,110,103,32,66,97,108,108})
local _osXuKP=_YORtNJ({66,97,99,107,112,97,99,107})
local _lboOxL=_YORtNJ({84,111,111,108})
local _aborDn=_YORtNJ({80,108,97,121,101,114,115})
local _FVeJVz=_YORtNJ({72,117,109,97,110,111,105,100})
local _zfPnCF=_YORtNJ({72,117,109,97,110,111,105,100,82,111,111,116,80,97,114,116})
local _moiXfM=_YORtNJ({66,97,99,107,112,97,99,107})
local _wEbeXd=_YORtNJ({48,48,49,95,83,111,99,99,101,114,66,97,108,108,115})
local _eBKSqU=_YORtNJ({83,111,99,99,101,114,66,97,108,108})
local _xyCeII=_YORtNJ({83,111,99,99,101,114,66,97,108,108})
local _zjQEZh=_YORtNJ({82,101,112,108,105,99,97,116,101,100,83,116,111,114,97,103,101})
local _WRMkth=_YORtNJ({49,84,111,111,49,108})
local _KNdbcV=_YORtNJ({80,105,99,107,105,110,103,84,111,111,108,115})
local _PdXtoJ=_YORtNJ({83,111,99,99,101,114,66,97,108,108})
local _uucpRa=_YORtNJ({83,111,99,99,101,114,66,97,108,108})
local _hrfZes=_YORtNJ({83,111,99,99,101,114,66,97,108,108})
local _kuyucB=_YORtNJ({83,111,99,99,101,114,66,97,108,108})
local _kCFZgC=_YORtNJ({83,111,99,99,101,114})
local _Ieaaui=_YORtNJ({83,111,99,99,101,114})
local _kplXaT=_YORtNJ({83,111,99,99,101,114})
local _lAfWDX=_YORtNJ({72,117,109,97,110,111,105,100,82,111,111,116,80,97,114,116})
local _wUuyzg=_YORtNJ({72,117,109,97,110,111,105,100})
local _xEsVWI=_YORtNJ({66,111,100,121,86,101,108,111,99,105,116,121})
local _uyRnQj=_YORtNJ({66,111,100,121,86,101,108,111,99,105,116,121})
local _twkGJi=_YORtNJ({66,111,100,121,86,101,108,111,99,105,116,121})
local _vNMnNK=_YORtNJ({70,108,105,110,103,80,111,119,101,114})
local _HVlnLL=_YORtNJ({66,97,115,101,80,97,114,116})
local _QFJbWy=_YORtNJ({77,111,100,101,108})
local _HAUrAw=_YORtNJ({67,108,105,99,107,32,75,105,108,108,32,67,111,117,99,104,32,40,84,111,111,108,41})
local _YSJFBX=_YORtNJ({80,108,97,121,101,114,115})
local _YKZQgc=_YORtNJ({82,101,112,108,105,99,97,116,101,100,83,116,111,114,97,103,101})
local _lxlVBy=_YORtNJ({82,117,110,83,101,114,118,105,99,101})
local _tZxICx=_YORtNJ({87,111,114,107,115,112,97,99,101})
local _BdgTec=_YORtNJ({85,115,101,114,73,110,112,117,116,83,101,114,118,105,99,101})
local _LKVTkt=_YORtNJ({67,108,105,99,107,32,75,105,108,108,32,67,111,117,99,104})
local _mTOptp=_YORtNJ({66,97,99,107,112,97,99,107})
local _CLoTyD=_YORtNJ({84,111,111,108})
local _aapKbJ=_YORtNJ({67,111,117,99,104})
local _JMclDp=_YORtNJ({72,117,109,97,110,111,105,100})
local _eLoQOs=_YORtNJ({67,111,117,99,104})
local _MyiMHU=_YORtNJ({67,111,117,99,104})
local _QjixGk=_YORtNJ({80,105,99,107,105,110,103,84,111,111,108,115})
local _frXTca=_YORtNJ({67,111,117,99,104})
local _TNIUvY=_YORtNJ({49,84,111,111,49,108})
local _owTPoB=_YORtNJ({67,111,117,99,104})
local _HHdXXj=_YORtNJ({67,111,117,99,104})
local _JeIeWp=_YORtNJ({72,117,109,97,110,111,105,100,82,111,111,116,80,97,114,116})
local _kSraEe=_YORtNJ({72,117,109,97,110,111,105,100,82,111,111,116,80,97,114,116})
local _ZOmxyy=_YORtNJ({72,117,109,97,110,111,105,100,82,111,111,116,80,97,114,116})
local _ZAPCqd=_YORtNJ({72,117,109,97,110,111,105,100})
local _DmHkXm=_YORtNJ({80,97,114,116})
local _chvJwb=_YORtNJ({72,117,109,97,110,111,105,100,82,111,111,116,80,97,114,116})
local _YCUJMb=_YORtNJ({72,117,109,97,110,111,105,100,82,111,111,116,80,97,114,116})
local _PlOMeI=_YORtNJ({72,117,109,97,110,111,105,100})
local _POypNp=_YORtNJ({72,117,109,97,110,111,105,100})
local _AJJZIM=_YORtNJ({77,111,100,101,108})
local _GfWMvx=_YORtNJ({65,108,108,32,109,101,116,104,111,100,115})
local _RBEgVM=_YORtNJ({75,105,108,108,32,65,108,108,32,66,117,115})
local _wUHsZY=_YORtNJ({80,108,97,121,101,114,115})
local _OFJNVC=_YORtNJ({87,111,114,107,115,112,97,99,101})
local _NqWodf=_YORtNJ({82,117,110,83,101,114,118,105,99,101})
local _JnYjqG=_YORtNJ({82,101,112,108,105,99,97,116,101,100,83,116,111,114,97,103,101})
local _FZaUYi=_YORtNJ({86,101,104,105,99,108,101,115})
local _AGWhgp=_YORtNJ({67,97,114})
local _VIWtfk=_YORtNJ({72,117,109,97,110,111,105,100,82,111,111,116,80,97,114,116})
local _gkNfue=_YORtNJ({72,117,109,97,110,111,105,100})
local _hmKOPl=_YORtNJ({74,111,103,97,100,111,114,32,115,101,110,116,111,117,44,32,108,101,118,97,110,100,111,32,244,110,105,98,117,115,32,112,97,114,97,32,111,32,118,111,105,100,33})
local _mcItvn=_YORtNJ({72,117,109,97,110,111,105,100})
local _rRmEVT=_YORtNJ({83,105,109,117,108,97,110,100,111,32,112,114,105,109,101,105,114,111,32,112,117,108,111,33})
local _bZffPt=_YORtNJ({83,105,109,117,108,97,110,100,111,32,115,101,103,117,110,100,111,32,112,117,108,111,33})
local _PKdoVa=_YORtNJ({80,108,97,121,101,114,32,118,111,108,116,111,117,32,112,97,114,97,32,97,32,112,111,115,105,231,227,111,32,105,110,105,99,105,97,108,32,88,105,113,117,101})
local _XGrCtO=_YORtNJ({68,101,108,101,116,101,65,108,108,86,101,104,105,99,108,101,115})
local _LlZNXb=_YORtNJ({82,69})
local _SHtILq=_YORtNJ({49,67,97,49,114})
local _SdvMhw=_YORtNJ({84,111,100,111,115,32,111,115,32,118,101,237,99,117,108,111,115,32,102,111,114,97,109,32,100,101,108,101,116,97,100,111,115,33})
local _VHcgoa=_YORtNJ({72,117,109,97,110,111,105,100,82,111,111,116,80,97,114,116})
local _dIRVeZ=_YORtNJ({82,69})
local _ZmqMfK=_YORtNJ({49,67,97,49,114})
local _vJAWwG=_YORtNJ({49,67,97,49,114})
local _mOvPmg=_YORtNJ({80,105,99,107,105,110,103,67,97,114})
local _AuHZtc=_YORtNJ({83,99,104,111,111,108,66,117,115})
local _hyWHZt=_YORtNJ({66,111,100,121})
local _mOxJeW=_YORtNJ({86,101,104,105,99,108,101,83,101,97,116})
local _BvINzj=_YORtNJ({72,117,109,97,110,111,105,100})
local _zXemZh=_YORtNJ({75,105,108,108,32,65,108,108,32,66,117,115,32,98,117,116,116,111,110,32,99,114,101,97,116,101,100})
local _MbSqRP=_YORtNJ({72,111,117,115,101,32,66,97,110,32,107,105,108,108,32,65,108,108})
local _YkDmjC=_YORtNJ({82,101,112,108,105,99,97,116,101,100,83,116,111,114,97,103,101})
local _jvsIdt=_YORtNJ({80,108,97,121,101,114,115})
local _yWcyGX=_YORtNJ({87,111,114,107,115,112,97,99,101})
local _XdCDrO=_YORtNJ({72,117,109,97,110,111,105,100})
local _BzDwbl=_YORtNJ({72,117,109,97,110,111,105,100,82,111,111,116,80,97,114,116})
local _XjurcO=_YORtNJ({48,48,49,95,76,111,116,115})
local _mIJVcA=_YORtNJ({72,111,117,115,101})
local _iepVdy=_YORtNJ({70,111,114,32,83,97,108,101})
local _MumRCw=_YORtNJ({78,117,109,98,101,114,86,97,108,117,101})
local _NQFWJF=_YORtNJ({78,117,109,98,101,114})
local _SzArIy=_YORtNJ({66,117,121,72,111,117,115,101})
local _uWmnia=_YORtNJ({66,97,115,101,80,97,114,116})
local _VcwdRr=_YORtNJ({67,108,105,99,107,68,101,116,101,99,116,111,114})
local _VvhePv=_YORtNJ({72,111,117,115,101})
local _QoQncG=_YORtNJ({78,117,109,98,101,114})
local _OLXEdq=_YORtNJ({78,117,109,98,101,114,86,97,108,117,101})
local _TRfLvS=_YORtNJ({82,101,112,108,105,99,97,116,101,100,83,116,111,114,97,103,101})
local _GZWulV=_YORtNJ({49,71,101,116,116,105,110,49,103,72,111,117,115,49,101})
local _tOmBLz=_YORtNJ({80,105,99,107,105,110,103,67,117,115,116,111,109,72,111,117,115,101})
local _AsNflw=_YORtNJ({48,52,57,95,72,111,117,115,101})
local _IEkbai=_YORtNJ({67,97,114})
local _veFqEu=_YORtNJ({82,101,112,108,105,99,97,116,101,100,83,116,111,114,97,103,101})
local _LBIkyh=_YORtNJ({49,67,97,49,114})
local _WiybuC=_YORtNJ({80,105,99,107,105,110,103,67,97,114})
local _pgCsfM=_YORtNJ({83,99,104,111,111,108,66,117,115})
local _THTsOH=_YORtNJ({67,97,114})
local _LsatNp=_YORtNJ({66,111,100,121})
local _BQaDJL=_YORtNJ({86,101,104,105,99,108,101,83,101,97,116})
local _hRMdvO=_YORtNJ({67,97,114})
local _wZmHlV=_YORtNJ({66,111,100,121})
local _hoyHoK=_YORtNJ({86,101,104,105,99,108,101,83,101,97,116})
local _jovavl=_YORtNJ({72,117,109,97,110,111,105,100})
local _oprAxo=_YORtNJ({72,117,109,97,110,111,105,100,82,111,111,116,80,97,114,116})
local _VgNhyE=_YORtNJ({72,111,117,115,101})
local _WmVKJO=_YORtNJ({72,117,109,97,110,111,105,100,82,111,111,116,80,97,114,116})
local _kdyuYe=_YORtNJ({80,108,97,121,101,114,115})
local _VhMrpT=_YORtNJ({66,97,110,80,108,97,121,101,114,70,114,111,109,72,111,117,115,101})
local _dTRDtV=_YORtNJ({82,101,112,108,105,99,97,116,101,100,83,116,111,114,97,103,101})
local _TNvvUA=_YORtNJ({49,80,108,97,121,101,49,114,84,114,105,103,103,101,49,114,69,118,101,110,49,116})
local _BnaQtr=_YORtNJ({68,101,108,101,116,101,65,108,108,86,101,104,105,99,108,101,115})
local _sHvpCu=_YORtNJ({82,69})
local _JMlTBh=_YORtNJ({49,67,97,49,114})
local _vsUOlV=_YORtNJ({72,111,117,115,101,32,66,97,110,32,107,105,108,108,32,65,108,108,32,98,117,116,116,111,110,32,99,114,101,97,116,101,100})
local _ZiqdVh=_YORtNJ({70,108,105,110,103,32,66,111,97,116,32,97,108,108})
local _QJTZkK=_YORtNJ({72,117,109,97,110,111,105,100})
local _WeooVQ=_YORtNJ({72,117,109,97,110,111,105,100,82,111,111,116,80,97,114,116})
local _NicgNj=_YORtNJ({86,101,104,105,99,108,101,115})
local _joxtEg=_YORtNJ({67,97,114})
local _OSHwXH=_YORtNJ({82,101,112,108,105,99,97,116,101,100,83,116,111,114,97,103,101})
local _ZFXhuc=_YORtNJ({49,67,97,49,114})
local _MOkzsv=_YORtNJ({80,105,99,107,105,110,103,66,111,97,116})
local _oRHCbq=_YORtNJ({77,105,108,105,116,97,114,121,66,111,97,116,70,114,101,101})
local _imDlpR=_YORtNJ({67,97,114})
local _cnEyUA=_YORtNJ({66,111,100,121})
local _EfDBKx=_YORtNJ({86,101,104,105,99,108,101,83,101,97,116})
local _JOMMaE=_YORtNJ({67,97,114})
local _vATTbr=_YORtNJ({66,111,100,121})
local _GVpkiL=_YORtNJ({86,101,104,105,99,108,101,83,101,97,116})
local _mPacQK=_YORtNJ({66,111,100,121,71,121,114,111})
local _KPwxxY=_YORtNJ({72,117,109,97,110,111,105,100})
local _xrOqkk=_YORtNJ({72,117,109,97,110,111,105,100,82,111,111,116,80,97,114,116})
local _lkPvpp=_YORtNJ({70,108,105,110,103,32,66,111,97,116,32,65,108,108,32,98,117,116,116,111,110,32,99,114,101,97,116,101,100})
local _GoSHJJ=_YORtNJ({65,117,116,111,32,70,108,105,110,103,32,65,108,108})
local _NDkNBu=_YORtNJ({80,108,97,121,101,114,115})
local _zxuwDy=_YORtNJ({82,101,112,108,105,99,97,116,101,100,83,116,111,114,97,103,101})
local _VCghlR=_YORtNJ({72,117,109,97,110,111,105,100,82,111,111,116,80,97,114,116})
local _mldhgM=_YORtNJ({72,117,109,97,110,111,105,100,82,111,111,116,80,97,114,116})
local _Yrxsyl=_YORtNJ({72,117,109,97,110,111,105,100})
local _mhAPom=_YORtNJ({82,69})
local _JkLbAk=_YORtNJ({49,67,108,101,97,49,114,84,111,111,108,49,115})
local _GoBXFN=_YORtNJ({67,108,101,97,114,65,108,108,84,111,111,108,115})
local _UEcmcK=_YORtNJ({49,84,111,111,49,108})
local _TkmlHZ=_YORtNJ({80,105,99,107,105,110,103,84,111,111,108,115})
local _GooTdQ=_YORtNJ({67,111,117,99,104})
local _QOFoHQ=_YORtNJ({67,111,117,99,104})
local _xKwGjC=_YORtNJ({86,105,114,116,117,97,108,73,110,112,117,116,77,97,110,97,103,101,114})
local _eNcuGT=_YORtNJ({66,111,100,121,86,101,108,111,99,105,116,121})
local _bBwzIF=_YORtNJ({70,108,105,110,103,70,111,114,99,101})
local _OyfSdX=_YORtNJ({72,101,97,100})
local _hGJMXS=_YORtNJ({72,117,109,97,110,111,105,100})
local _Qovcyy=_YORtNJ({72,117,109,97,110,111,105,100})
local _oiHVuV=_YORtNJ({66,97,115,101,80,97,114,116})
local _xODihX=_YORtNJ({49,84,111,111,49,108})
local _ljFNoi=_YORtNJ({80,105,99,107,105,110,103,84,111,111,108,115})
local _FSTjMH=_YORtNJ({67,111,117,99,104})
local _sLGPPM=_YORtNJ({66,114,105,110,103,32,65,108,108,32,67,111,117,99,104,32,91,109,101,108,104,111,114,93})
local _vQjLbH=_YORtNJ({67,108,101,97,114,65,108,108,84,111,111,108,115})
local _sYkdAo=_YORtNJ({82,101,112,108,105,99,97,116,101,100,83,116,111,114,97,103,101})
local _Lyvcgd=_YORtNJ({82,69})
local _crsNdN=_YORtNJ({49,67,108,101,97,49,114,84,111,111,108,49,115})
local _VTlAzQ=_YORtNJ({67,111,117,99,104})
local _XPCpYI=_YORtNJ({82,101,112,108,105,99,97,116,101,100,83,116,111,114,97,103,101})
local _OqEqpp=_YORtNJ({49,84,111,111,49,108})
local _RiUcwy=_YORtNJ({82,101,112,108,105,99,97,116,101,100,83,116,111,114,97,103,101})
local _FZyDKb=_YORtNJ({49,67,108,101,97,49,114,84,111,111,108,49,115})
local _AGdIAK=_YORtNJ({83,116,97,114,116,101,114,71,117,105})
local _GlQDZV=_YORtNJ({83,101,110,100,78,111,116,105,102,105,99,97,116,105,111,110})
local _AXnyfL=_YORtNJ({68,117,112,97,110,100,111})
local _KFbRcs=_YORtNJ({78,97,111,32,67,108,105,113,117,101,32,101,109,32,110,97,100,97,32,113,117,97,110,100,111,32,116,105,118,101,114,32,100,117,112,97,110,100,111,32,46,32})
local _TDxEhy=_YORtNJ({32,69,117,32,101,110,116,101,110,100,105})
local _NKbRae=_YORtNJ({83,116,97,114,116,101,114,71,117,105})
local _aziQWN=_YORtNJ({83,101,110,100,78,111,116,105,102,105,99,97,116,105,111,110})
local _sdNjSh=_YORtNJ({68,117,112,101,32,83,99,114,105,112,116})
local _IaTTxd=_YORtNJ({66,101,99,97,117,115,101,32,73,116,32,119,105,108,108,32,98,114,101,97,107,32,116,104,101,32,115,99,114,105,112,116,32,97,110,100,32,121,111,117,32,119,105,108,108,32,110,101,101,100,32,116,111,32,114,101,106,111,105,110,46})
local _XPqyXF=_YORtNJ({69,117,32,101,110,116,101,110,100,105})
local _XhFNms=_YORtNJ({87,111,114,107,115,112,97,99,101})
local _lKXvoP=_YORtNJ({67,97,109,101,114,97})
local _Uivpce=_YORtNJ({87,111,114,107,115,112,97,99,101})
local _nTWMWG=_YORtNJ({67,97,109,101,114,97})
local _AkmnrR=_YORtNJ({80,108,97,121,101,114,115})
local _VDPZqD=_YORtNJ({84,111,111,108})
local _RvQSdq=_YORtNJ({80,108,97,121,101,114,115})
local _bslVtC=_YORtNJ({84,111,111,108})
local _hPIDzv=_YORtNJ({80,108,97,121,101,114,115})
local _hNFHCb=_YORtNJ({84,111,111,108})
local _DUajkZ=_YORtNJ({80,108,97,121,101,114,115})
local _DaDDST=_YORtNJ({84,111,111,108})
local _puLgQO=_YORtNJ({72,97,110,100,108,101})
local _kczxpb=_YORtNJ({72,226,129,165,97,226,129,165,110,226,129,165,100,226,129,165,108,226,129,165,101})
local _DkRfcl=_YORtNJ({80,108,97,121,101,114,115})
local _kQDnLZ=_YORtNJ({84,111,111,108})
local _CzdGkz=_YORtNJ({72,97,110,100,108,101})
local _tztsgf=_YORtNJ({72,226,129,165,97,226,129,165,110,226,129,165,100,226,129,165,108,226,129,165,101})
local _qDqgXU=_YORtNJ({87,111,114,107,115,112,97,99,101})
local _rOLOhL=_YORtNJ({67,97,109,101,114,97})
local _MQlIxA=_YORtNJ({87,111,114,107,115,112,97,99,101})
local _uwXKua=_YORtNJ({67,97,109,101,114,97})
local _TTbvfA=_YORtNJ({83,116,97,114,116,101,114,71,117,105})
local _XwwdUL=_YORtNJ({83,101,110,100,78,111,116,105,102,105,99,97,116,105,111,110})
local _JnSnup=_YORtNJ({68,117,112,97,110,100,111,32,118,105,100,97})
local _vndqrn=_YORtNJ({83,101,32,116,101,109})
local _erheTM=_YORtNJ({32})
local _dIClkc=_YORtNJ({32})
local _yEwVgq=_YORtNJ({68,117,112,101,100})
local _ZnIhdL=_YORtNJ({32})
local _bKywMN=_YORtNJ({33})
local _orbvwP=_YORtNJ({83,116,97,114,116,101,114,71,117,105})
local _PkSGYl=_YORtNJ({83,101,110,100,78,111,116,105,102,105,99,97,116,105,111,110})
local _jnaxUO=_YORtNJ({68,117,112,97,110,100,111})
local _QAAkWN=_YORtNJ({83,101,32,116,101,109})
local _QQcqOP=_YORtNJ({32})
local _IuicEN=_YORtNJ({32})
local _GrUxCS=_YORtNJ({68,117,112,101,100})
local _wcEpcQ=_YORtNJ({32})
local _PQbXso=_YORtNJ({33})
local _pWwFnm=_YORtNJ({32})
local _qOhllW=_YORtNJ({68,117,112,105,110,103,32,116,111,111,108,115,32,105,115,32,100,111,110,101,32,110,111,119,44,32,80,108,101,97,115,101,32,119,97,105,116,32,97,32,108,105,116,116,108,101,32,98,105,116,32,116,111,32,114,101,115,112,97,119,110,46})
local _BTxKRm=_YORtNJ({80,105,99,107,105,110,103,84,111,111,108,115})
local _rTftbv=_YORtNJ({80,108,97,121,101,114,115})
local _XKJxsU=_YORtNJ({80,108,97,121,101,114,115})
local _LeotON=_YORtNJ({72,97,110,100,108,101})
local _KFGNJy=_YORtNJ({72,226,129,165,97,226,129,165,110,226,129,165,100,226,129,165,108,226,129,165,101})
local _THRhbm=_YORtNJ({80,108,97,121,101,114,115})
local _EehAzp=_YORtNJ({80,108,97,121,101,114,115})
local _MGVQeq=_YORtNJ({87,111,114,107,115,112,97,99,101})
local _zofWRu=_YORtNJ({67,97,109,101,114,97})
local _VDEFiA=_YORtNJ({87,111,114,107,115,112,97,99,101})
local _toFbOB=_YORtNJ({67,97,109,101,114,97})
local _ydseQG=_YORtNJ({80,108,97,121,101,114,115})
local _uWPcJq=_YORtNJ({72,117,109,97,110,111,105,100,82,111,111,116,80,97,114,116})
local _rrkciV=_YORtNJ({72,117,109,97,110,111,105,100,82,111,111,116,80,97,114,116})
local _QmABNE=_YORtNJ({99,111,117,99,104})
local _DcKguq=_YORtNJ({99,111,117,99,104})
local _CsHBKR=_YORtNJ({72,97,110,100,108,101,32})
local _mzmJRl=_YORtNJ({99,111,117,99,104})
local _cljFdT=_YORtNJ({83,101,97,116,49})
local _FXHbJv=_YORtNJ({99,111,117,99,104})
local _mBnXHO=_YORtNJ({83,101,97,116,50})
local _xBYUvc=_YORtNJ({99,111,117,99,104})
local _HQzMHA=_YORtNJ({66,111,100,121,86,101,108,111,99,105,116,121})
local _uuNlQw=_YORtNJ({99,111,117,99,104})
local _QjtXFZ=_YORtNJ({72,97,110,100,108,101,32})
local _HggODD=_YORtNJ({35,109,79,86,79,79,69,80,70,36,35,64,70,36,35,71,69,82,69,46,46,62,86,60,60,60,60,69,87,60,86,60,60,87})
local _AXtBMi=_YORtNJ({99,111,117,99,104})
local _fMKCOA=_YORtNJ({83,101,97,116,49})
local _xVMcNc=_YORtNJ({99,111,117,99,104})
local _krmZND=_YORtNJ({99,111,117,99,104})
local _DECWcQ=_YORtNJ({72,97,110,100,108,101,32})
local _YRqAJz=_YORtNJ({72,97,110,100,108,101})
local _HyZgot=_YORtNJ({99,111,117,99,104})
local _CEFBCF=_YORtNJ({99,111,117,99,104})
local _ccrMPg=_YORtNJ({99,111,117,99,104})
local _kXKMqB=_YORtNJ({72,97,110,100,108,101,32})
local _hvjRfX=_YORtNJ({99,111,117,99,104})
local _ixOpxU=_YORtNJ({66,111,100,121,86,101,108,111,99,105,116,121})
local _mPPSQI=_YORtNJ({99,111,117,99,104})
local _ZIjTnt=_YORtNJ({83,101,97,116,49})
local _kYVamj=_YORtNJ({35,109,79,86,79,79,69,80,70,36,35,64,70,36,35,71,69,82,69,46,46,62,86,60,60,60,60,69,87,60,86,60,60,87})
local _tPVauK=_YORtNJ({99,111,117,99,104})
local _EqFUfy=_YORtNJ({72,97,110,100,108,101,32})
local _APatFF=_YORtNJ({35,109,79,86,79,79,69,80,70,36,35,64,70,36,35,71,69,82,69,46,46,62,86,60,60,60,60,69,87,60,86,60,60,87})
local _pEhsXQ=_YORtNJ({99,111,117,99,104})
local _HEAIPG=_YORtNJ({99,111,117,99,104})
local _LxjbMW=_YORtNJ({72,97,110,100,108,101,32})
local _qGAwiC=_YORtNJ({72,97,110,100,108,101})
local _TotlJw=_YORtNJ({99,111,117,99,104})
local _MaHwgO=_YORtNJ({99,111,117,99,104})
local _Mzzqov=_YORtNJ({66,114,105,110,103,32,65,108,108,32,67,111,117,99,104,32,98,117,116,116,111,110,32,99,114,101,97,116,101,100})
local _ynXrin=_YORtNJ({75,105,108,108,32,65,108,108,32,67,111,117,99,104,32,91,109,101,108,104,111,114,93})
local _OBbEoT=_YORtNJ({67,108,101,97,114,65,108,108,84,111,111,108,115})
local _Crahbc=_YORtNJ({82,101,112,108,105,99,97,116,101,100,83,116,111,114,97,103,101})
local _PNPLyS=_YORtNJ({82,69})
local _yDCTPo=_YORtNJ({49,67,108,101,97,49,114,84,111,111,108,49,115})
local _JVVQfR=_YORtNJ({80,97,114,116})
local _WILQoO=_YORtNJ({67,111,117,99,104})
local _XKXJIU=_YORtNJ({82,101,112,108,105,99,97,116,101,100,83,116,111,114,97,103,101})
local _opAZae=_YORtNJ({49,84,111,111,49,108})
local _YhjChl=_YORtNJ({82,101,112,108,105,99,97,116,101,100,83,116,111,114,97,103,101})
local _ySiFtK=_YORtNJ({49,67,108,101,97,49,114,84,111,111,108,49,115})
local _JzeYKV=_YORtNJ({83,116,97,114,116,101,114,71,117,105})
local _hpqDXW=_YORtNJ({83,101,110,100,78,111,116,105,102,105,99,97,116,105,111,110})
local _BLYkXR=_YORtNJ({68,117,112,97,110,100,111})
local _nZpVuN=_YORtNJ({78,97,111,32,99,108,105,113,117,101,32,101,109,32,110,97,100,97})
local _SnCctz=_YORtNJ({69,117,32,101,110,116,101,110,100,105})
local _oPzgEj=_YORtNJ({83,116,97,114,116,101,114,71,117,105})
local _ZanjEB=_YORtNJ({83,101,110,100,78,111,116,105,102,105,99,97,116,105,111,110})
local _onneDI=_YORtNJ({68,117,112,97,110,100,111})
local _Imsmfi=_YORtNJ({69,115,112,101,114,101})
local _LPDuPl=_YORtNJ({84,101,110,100,101,117})
local _lVTEsJ=_YORtNJ({87,111,114,107,115,112,97,99,101})
local _NHXqbJ=_YORtNJ({67,97,109,101,114,97})
local _pCdqkl=_YORtNJ({87,111,114,107,115,112,97,99,101})
local _eSPPLK=_YORtNJ({67,97,109,101,114,97})
local _VhlDdt=_YORtNJ({80,108,97,121,101,114,115})
local _cELPCN=_YORtNJ({84,111,111,108})
local _kGgGpE=_YORtNJ({80,108,97,121,101,114,115})
local _kZFscF=_YORtNJ({84,111,111,108})
local _WYFzII=_YORtNJ({80,108,97,121,101,114,115})
local _qBhZwQ=_YORtNJ({84,111,111,108})
local _dvuiTX=_YORtNJ({80,108,97,121,101,114,115})
local _ppjvVa=_YORtNJ({84,111,111,108})
local _CaMBvJ=_YORtNJ({72,97,110,100,108,101})
local _wAvsec=_YORtNJ({72,195,162,194,65533,194,165,97,195,162,194,65533,194,165,110,195,162,194,65533,194,165,100,195,162,194,65533,194,165,108,195,162,194,65533,194,165,101})
local _MRIMxk=_YORtNJ({80,108,97,121,101,114,115})
local _pOZser=_YORtNJ({84,111,111,108})
local _nFikHo=_YORtNJ({72,97,110,100,108,101})
local _ozsQHJ=_YORtNJ({72,195,162,194,65533,194,165,97,195,162,194,65533,194,165,110,195,162,194,65533,194,165,100,195,162,194,65533,194,165,108,195,162,194,65533,194,165,101})
local _OhVFGo=_YORtNJ({87,111,114,107,115,112,97,99,101})
local _WrPkOQ=_YORtNJ({67,97,109,101,114,97})
local _DuQEJX=_YORtNJ({87,111,114,107,115,112,97,99,101})
local _LHYmmP=_YORtNJ({67,97,109,101,114,97})
local _YawwjN=_YORtNJ({83,116,97,114,116,101,114,71,117,105})
local _RlRsZl=_YORtNJ({83,101,110,100,78,111,116,105,102,105,99,97,116,105,111,110})
local _YUKORP=_YORtNJ({68,117,112,101,32,83,99,114,105,112,116})
local _tTvZOf=_YORtNJ({65,103,111,114,97,32,99,32,84,101,109})
local _ReJKRh=_YORtNJ({32})
local _ckVKYZ=_YORtNJ({32})
local _VLLVoO=_YORtNJ({68,117,112,101,100})
local _stjGFH=_YORtNJ({32})
local _Jmowal=_YORtNJ({33})
local _CXjsXl=_YORtNJ({83,116,97,114,116,101,114,71,117,105})
local _FEGviS=_YORtNJ({83,101,110,100,78,111,116,105,102,105,99,97,116,105,111,110})
local _JdGTka=_YORtNJ({68,117,112,101,32,83,99,114,105,112,116})
local _IRqFMI=_YORtNJ({65,103,111,114,97,32,99,32,116,101,109})
local _WDJvTV=_YORtNJ({32})
local _ZESpvn=_YORtNJ({32})
local _yhjrGN=_YORtNJ({68,117,112,101,100})
local _VNyIgW=_YORtNJ({32})
local _tQWKlp=_YORtNJ({33})
local _pSTMxd=_YORtNJ({32})
local _dlkvFu=_YORtNJ({65,115,32,116,111,111,108,115,32,84,97,111,32,115,101,110,100,111,32,100,117,112,97,100,97,32,67,108,105,99,97,32,101,109,32,110,97,100,97,32,110,97,111,32,102,105,111,116,101})
local _nZBBvv=_YORtNJ({80,105,99,107,105,110,103,84,111,111,108,115})
local _EzYhmU=_YORtNJ({80,108,97,121,101,114,115})
local _iMzPUc=_YORtNJ({80,108,97,121,101,114,115})
local _LsKZUA=_YORtNJ({72,97,110,100,108,101})
local _fHEAxx=_YORtNJ({72,195,162,194,65533,194,165,97,195,162,194,65533,194,165,110,195,162,194,65533,194,165,100,195,162,194,65533,194,165,108,195,162,194,65533,194,165,101})
local _CEtvPr=_YORtNJ({80,108,97,121,101,114,115})
local _aIjFIt=_YORtNJ({80,108,97,121,101,114,115})
local _JEWYAJ=_YORtNJ({87,111,114,107,115,112,97,99,101})
local _TjWgyI=_YORtNJ({67,97,109,101,114,97})
local _rzlUil=_YORtNJ({87,111,114,107,115,112,97,99,101})
local _qhbEVx=_YORtNJ({67,97,109,101,114,97})
local _OKGPwY=_YORtNJ({80,108,97,121,101,114,115})
local _Lzfers=_YORtNJ({72,117,109,97,110,111,105,100,82,111,111,116,80,97,114,116})
local _NwTLuh=_YORtNJ({72,117,109,97,110,111,105,100,82,111,111,116,80,97,114,116})
local _redoSN=_YORtNJ({67,104,97,111,115,32,67,111,117,99,104})
local _pBtFXr=_YORtNJ({67,104,97,111,115,32,67,111,117,99,104})
local _aYzxsj=_YORtNJ({72,97,110,100,108,101,32})
local _XcpFog=_YORtNJ({67,104,97,111,115,32,67,111,117,99,104})
local _FUXaHt=_YORtNJ({83,101,97,116,49})
local _KkgZGq=_YORtNJ({67,104,97,111,115,32,67,111,117,99,104})
local _CfKEFf=_YORtNJ({83,101,97,116,50})
local _ClHxql=_YORtNJ({67,104,97,111,115,32,67,111,117,99,104})
local _NssMVa=_YORtNJ({66,111,100,121,86,101,108,111,99,105,116,121})
local _MksoVg=_YORtNJ({67,104,97,111,115,32,67,111,117,99,104})
local _kyAhKT=_YORtNJ({72,97,110,100,108,101,32})
local _qLWhQy=_YORtNJ({35,109,79,86,79,79,69,80,70,36,35,64,70,36,35,71,69,82,69,46,46,62,86,60,60,60,60,69,87,60,86,60,60,87})
local _hJTCeS=_YORtNJ({67,104,97,111,115,32,67,111,117,99,104})
local _yTiVkh=_YORtNJ({83,101,97,116,49})
local _oFaEux=_YORtNJ({67,104,97,111,115,32,67,111,117,99,104})
local _xpydUx=_YORtNJ({67,104,97,111,115,32,67,111,117,99,104})
local _CurSUJ=_YORtNJ({72,97,110,100,108,101,32})
local _FexlLR=_YORtNJ({72,97,110,100,108,101})
local _XObdDO=_YORtNJ({67,104,97,111,115,32,67,111,117,99,104})
local _SMNFMY=_YORtNJ({67,104,97,111,115,32,67,111,117,99,104})
local _lSyIqv=_YORtNJ({67,104,97,111,115,32,67,111,117,99,104})
local _XwAbEJ=_YORtNJ({72,97,110,100,108,101,32})
local _qzzEqo=_YORtNJ({67,104,97,111,115,32,67,111,117,99,104})
local _OJIQvo=_YORtNJ({66,111,100,121,86,101,108,111,99,105,116,121})
local _SNrwXX=_YORtNJ({67,104,97,111,115,32,67,111,117,99,104})
local _DupEGr=_YORtNJ({83,101,97,116,49})
local _sZeiZb=_YORtNJ({35,109,79,86,79,79,69,80,70,36,35,64,70,36,35,71,69,82,69,46,46,62,86,60,60,60,60,69,87,60,86,60,60,87})
local _znDKkD=_YORtNJ({67,104,97,111,115,32,67,111,117,99,104})
local _JolsxT=_YORtNJ({72,97,110,100,108,101,32})
local _PRxxtx=_YORtNJ({35,109,79,86,79,79,69,80,70,36,35,64,70,36,35,71,69,82,69,46,46,62,86,60,60,60,60,69,87,60,86,60,60,87})
local _eeAXNS=_YORtNJ({67,104,97,111,115,32,67,111,117,99,104})
local _EJUsbw=_YORtNJ({67,104,97,111,115,32,67,111,117,99,104})
local _vCjQSR=_YORtNJ({72,97,110,100,108,101,32})
local _tVOXEh=_YORtNJ({72,97,110,100,108,101})
local _DIgWGk=_YORtNJ({67,104,97,111,115,32,67,111,117,99,104})
local _SIPbAD=_YORtNJ({67,104,97,111,115,32,67,111,117,99,104})
local _BHKiWQ=_YORtNJ({82,101,112,108,105,99,97,116,101,100,83,116,111,114,97,103,101})
local _QdMMkE=_YORtNJ({82,69})
local _VyCmbz=_YORtNJ({49,67,108,101,97,49,114,84,111,111,108,49,115})
local _dFJpIH=_YORtNJ({75,105,108,108,32,65,108,108,32,67,111,117,99,104,32,98,117,116,116,111,110,32,99,114,101,97,116,101,100})
local _TVuJXD=_YORtNJ({70,108,105,110,103,32,66,97,108,108,32,97,108,108})
local _SmDgZg=_YORtNJ({80,108,97,121,101,114,115})
local _MRGxRH=_YORtNJ({48,48,49,95,83,111,99,99,101,114,66,97,108,108,115})
local _AAjhyE=_YORtNJ({83,111,99,99,101,114})
local _NtlbBy=_YORtNJ({83,111,99,99,101,114,66,97,108,108})
local _gbaQBK=_YORtNJ({80,105,99,107,105,110,103,84,111,111,108,115})
local _WgQEAY=_YORtNJ({83,111,99,99,101,114,66,97,108,108})
local _uJIRdX=_YORtNJ({82,101,112,108,105,99,97,116,101,100,83,116,111,114,97,103,101})
local _KYkBxl=_YORtNJ({49,84,111,111,49,108})
local _OJSoYq=_YORtNJ({83,111,99,99,101,114})
local _bVzChQ=_YORtNJ({83,111,99,99,101,114})
local _OnbSlZ=_YORtNJ({72,117,109,97,110,111,105,100,82,111,111,116,80,97,114,116})
local _FUHouJ=_YORtNJ({66,111,100,121,77,111,118,101,114})
local _NHstnm=_YORtNJ({66,111,100,121,86,101,108,111,99,105,116,121})
local _zlbqPB=_YORtNJ({66,111,100,121,86,101,108,111,99,105,116,121})
local _bSOZvL=_YORtNJ({66,97,115,101,80,97,114,116})
local _JlchSn=_YORtNJ({72,117,109,97,110,111,105,100,82,111,111,116,80,97,114,116})
local _SqXoqV=_YORtNJ({65,118,97,116,97,114})
local _SxoUax=_YORtNJ({114,98,120,97,115,115,101,116,105,100,58,47,47,49,48,55,51,52,57,53,50,48,51,54})
local _ijTXBI=_YORtNJ({67,111,112,105,97,114,32,83,107,105,110})
local _cwBUIk=_YORtNJ({80,108,97,121,101,114,115})
local _HYCKau=_YORtNJ({82,101,112,108,105,99,97,116,101,100,83,116,111,114,97,103,101})
local _hkZznA=_YORtNJ({82,101,109,111,116,101,115})
local _wWQGHF=_YORtNJ({83,101,108,101,99,105,111,110,97,114,32,74,111,103,97,100,111,114})
local _ZBXPyq=_YORtNJ({67,111,112,105,97,114,32,65,118,97,116,97,114})
local _Gqfdtk=_YORtNJ({72,117,109,97,110,111,105,100})
local _KOFUGr=_YORtNJ({72,117,109,97,110,111,105,100})
local _Honkwh=_YORtNJ({66,111,100,121,32,67,111,108,111,114,115})
local _PpVBUW=_YORtNJ({80,108,97,121,101,114,115,66,97,103})
local _WOomfS=_YORtNJ({82,80,78,97,109,101})
local _LBtpmH=_YORtNJ({})
local _MAaBnU=_YORtNJ({82,111,108,101,80,108,97,121,78,97,109,101})
local _WsrMXM=_YORtNJ({82,80,66,105,111})
local _MerQbk=_YORtNJ({})
local _BxiZyJ=_YORtNJ({82,111,108,101,80,108,97,121,66,105,111})
local _PrPgjE=_YORtNJ({82,80,78,97,109,101,67,111,108,111,114})
local _ADHSNU=_YORtNJ({80,105,99,107,105,110,103,82,80,78,97,109,101,67,111,108,111,114})
local _WnyrBX=_YORtNJ({82,80,66,105,111,67,111,108,111,114})
local _yaHWSD=_YORtNJ({80,105,99,107,105,110,103,82,80,66,105,111,67,111,108,111,114})
local _UUcXpC=_YORtNJ({82,101,112,108,105,99,97,116,101,100,83,116,111,114,97,103,101})
local _uUTccU=_YORtNJ({82,69})
local _WJYDId=_YORtNJ({49,80,108,97,121,101,114,49,115,72,111,117,115,49,101})
local _WKXzpD=_YORtNJ({82,101,109,111,116,101,69,118,101,110,116,32,39,49,80,108,97,121,101,114,49,115,72,111,117,115,49,101,39,32,110,227,111,32,101,110,99,111,110,116,114,97,100,111,46})
local _RULJGd=_YORtNJ({67,111,108,111,114,80,105,99,107,72,111,117,115,101})
local _faMbxO=_YORtNJ({72,111,117,115,101,32,82,71,66,32,65,99,116,105,118,97,116,101,100})
local _QRCgJS=_YORtNJ({72,111,117,115,101,32,82,71,66,32,68,101,97,99,116,105,118,97,116,101,100})
local _xRTkON=_YORtNJ({67,97,115,97,115})
local _qigmzh=_YORtNJ({104,111,109,101})
local _rozegB=_YORtNJ({48,48,49,95,76,111,116,115})
local _AjaKXW=_YORtNJ({70,111,114,32,83,97,108,101})
local _MLbUOE=_YORtNJ({77,111,100,101,108})
local _djSiOW=_YORtNJ({83,101,108,101,99,105,111,110,101,32,97,32,67,97,115,97})
local _IfkXmt=_YORtNJ({46,46,46})
local _iKCsbt=_YORtNJ({67,97,115,97,32,115,101,108,101,99,105,111,110,97,100,97,58,32})
local _qqtIFh=_YORtNJ({68,114,111,112,100,111,119,110,72,111,117,115,101,85,112,100,97,116,101,32,99,97,108,108,101,100,46,32,72,111,117,115,101,115,32,102,111,117,110,100,58})
local _EaPYcB=_YORtNJ({83,101,108,101,99,105,111,110,101,32,97,32,67,97,115,97})
local _pGwwdt=_YORtNJ({83,101,108,101,99,105,111,110,101,32,97,32,67,97,115,97})
local _ANwTmv=_YORtNJ({46,46,46})
local _tjneyc=_YORtNJ({65,116,117,97,108,105,122,97,114,32,76,105,115,116,97,32,100,101,32,67,97,115,97,115})
local _fngKCO=_YORtNJ({65,116,117,97,108,105,122,97,114,32,76,105,115,116,97,32,100,101,32,67,97,115,97,115,32,98,117,116,116,111,110,32,99,108,105,99,107,101,100,46})
local _AMgojc=_YORtNJ({84,101,108,101,112,111,114,116,97,114,32,112,97,114,97,32,67,97,115,97})
local _DDCKcL=_YORtNJ({48,48,49,95,76,111,116,115})
local _fgMSHl=_YORtNJ({67,97,115,97,32,110,227,111,32,101,110,99,111,110,116,114,97,100,97,58,32})
local _gWZHuV=_YORtNJ({84,101,108,101,112,111,114,116,97,114,32,112,97,114,97,32,67,111,102,114,101})
local _dPENVD=_YORtNJ({48,48,49,95,76,111,116,115})
local _HyXSVy=_YORtNJ({72,111,117,115,101,80,105,99,107,101,100,66,121,80,108,97,121,101,114})
local _UjuIRj=_YORtNJ({48,48,49,95,83,97,102,101})
local _JUnLlw=_YORtNJ({67,111,102,114,101,32,110,227,111,32,101,110,99,111,110,116,114,97,100,111,32,110,97,32,99,97,115,97,58,32})
local _immHGt=_YORtNJ({67,97,115,97,32,110,227,111,32,101,110,99,111,110,116,114,97,100,97,58,32})
local _mrTSrE=_YORtNJ({65,116,114,97,118,101,115,115,97,114,32,80,111,114,116,97,32,100,97,32,67,97,115,97})
local _MeowiT=_YORtNJ({})
local _tGlXsJ=_YORtNJ({48,48,49,95,76,111,116,115})
local _FoWMhq=_YORtNJ({72,111,117,115,101,80,105,99,107,101,100,66,121,80,108,97,121,101,114})
local _hklrUc=_YORtNJ({48,48,49,95,72,111,117,115,101,68,111,111,114,115})
local _RZVGDk=_YORtNJ({72,111,117,115,101,68,111,111,114,70,114,111,110,116})
local _FmdXNR=_YORtNJ({66,97,115,101,80,97,114,116})
local _whdwkR=_YORtNJ({84,111,99,97,114,32,67,97,109,112,97,105,110,104,97})
local _yfoUOV=_YORtNJ({})
local _otxpmQ=_YORtNJ({48,48,49,95,76,111,116,115})
local _RvXjFP=_YORtNJ({72,111,117,115,101,80,105,99,107,101,100,66,121,80,108,97,121,101,114})
local _vfTMQP=_YORtNJ({48,48,49,95,68,111,111,114,66,101,108,108})
local _dKYqQy=_YORtNJ({84,111,117,99,104,66,101,108,108})
local _KrBVQP=_YORtNJ({66,97,116,101,114,32,110,97,32,80,111,114,116,97})
local _cuSIzx=_YORtNJ({})
local _wlfvCk=_YORtNJ({48,48,49,95,76,111,116,115})
local _arzkNa=_YORtNJ({72,111,117,115,101,80,105,99,107,101,100,66,121,80,108,97,121,101,114})
local _zZWAnq=_YORtNJ({48,48,49,95,72,111,117,115,101,68,111,111,114,115})
local _MixUgx=_YORtNJ({72,111,117,115,101,68,111,111,114,70,114,111,110,116})
local _AxdwHa=_YORtNJ({75,110,111,99,107})
local _BhqKSr=_YORtNJ({84,101,108,101,112,111,114,116,101,32,80,97,114,97,32,67,97,115,97,115})
local _smSTpq=_YORtNJ({67,97,115,97,32,49})
local _OTOAnb=_YORtNJ({67,97,115,97,32,50})
local _WtokKF=_YORtNJ({67,97,115,97,32,51})
local _uuxjoe=_YORtNJ({67,97,115,97,32,52})
local _BrYLrZ=_YORtNJ({67,97,115,97,32,53})
local _dxlkCZ=_YORtNJ({67,97,115,97,32,54})
local _wQCRdl=_YORtNJ({67,97,115,97,32,55})
local _Rdjbob=_YORtNJ({67,97,115,97,32,49,49})
local _tNheCR=_YORtNJ({67,97,115,97,32,49,50})
local _AoTwjg=_YORtNJ({67,97,115,97,32,49,51})
local _ZaPxrx=_YORtNJ({67,97,115,97,32,49,52})
local _qluUjG=_YORtNJ({67,97,115,97,32,49,53})
local _CaDMEx=_YORtNJ({67,97,115,97,32,49,54})
local _tYEPdz=_YORtNJ({67,97,115,97,32,49,55})
local _tFbsXk=_YORtNJ({67,97,115,97,32,49,56})
local _RRFxVJ=_YORtNJ({67,97,115,97,32,49,57})
local _NlZvyd=_YORtNJ({67,97,115,97,32,50,48})
local _CQYUTF=_YORtNJ({67,97,115,97,32,50,49})
local _aboGHR=_YORtNJ({67,97,115,97,32,50,50})
local _NmhKsq=_YORtNJ({67,97,115,97,32,50,51})
local _FNdIxU=_YORtNJ({67,97,115,97,32,50,52})
local _XSguXq=_YORtNJ({67,97,115,97,32,50,56})
local _sKaqLH=_YORtNJ({67,97,115,97,32,50,57})
local _ZGyIkV=_YORtNJ({67,97,115,97,32,51,48})
local _ZUbWbN=_YORtNJ({67,97,115,97,32,51,49})
local _rxdTer=_YORtNJ({67,97,115,97,32,51,50})
local _rLluLb=_YORtNJ({67,97,115,97,32,51,51})
local _hmTXEl=_YORtNJ({67,97,115,97,32,51,52})
local _gwvCTW=_YORtNJ({67,97,115,97,32,51,53})
local _HhImJE=_YORtNJ({37,100,43})
local _uzAWQv=_YORtNJ({37,100,43})
local _qfEoEF=_YORtNJ({83,101,108,101,99,105,111,110,97,114,32,67,97,115,97})
local _wRcBiP=_YORtNJ({84,101,108,101,112,111,114,116,101,32,112,97,114,97,32,97,32,67,97,115,97,32,113,117,101,32,81,117,105,115,101,114})
local _sqXbHK=_YORtNJ({65,117,116,111,32,85,110,98,97,110})
local _MeLRGA=_YORtNJ({65,117,116,111,32,85,110,98,97,110})
local _glELDW=_YORtNJ({65,117,116,111,32,85,110,98,97,110,32,65,99,116,105,118,97,116,101,100})
local _xKQvBg=_YORtNJ({65,117,116,111,32,85,110,98,97,110,32,68,101,97,99,116,105,118,97,116,101,100})
local _lwKvps=_YORtNJ({84,101,32,100,101,115,98,97,110,101,32,97,117,116,111,109,97,116,105,99,97,109,101,110,116,101,32,100,97,115,32,67,97,115,97,115})
local _SCcSES=_YORtNJ({67,97,115,97,32,82,71,66})
local _JUmjcN=_YORtNJ({67,97,115,97,32,82,71,66})
local _nRPAJG=_YORtNJ({68,101,105,120,97,32,97,32,115,117,97,32,99,97,115,97,32,82,71,66})
local _VrpEjw=_YORtNJ({87,111,114,107,115,112,97,99,101})
local _yQihuA=_YORtNJ({48,48,49,95,76,111,116,115})
local _xxOPDy=_YORtNJ({94,66,97,110,110,101,100,66,108,111,99,107,37,100,43,36})
local _yzCfjB=_YORtNJ({65,117,100,105,111,32,65,108,108})
local _ywomwV=_YORtNJ({109,117,115,105,99})
local _tPUojQ=_YORtNJ({65,117,100,105,111,32,84,111,100,111,115,32,111,115,32,80,108,97,121,101,114,115})
local _XVbRAo=_YORtNJ({89,97,109,101,116,101,32,75,117,100,97,115,97,105})
local _LhXBpx=_YORtNJ({71,114,105,116,105,110,104,111})
local _EgLcKt=_YORtNJ({74,117,109,112,115,99,97,114,101,32,72,111,114,114,111,114,111,115,111})
local _qZRGKF=_YORtNJ({193,117,100,105,111,32,65,108,116,111})
local _pDaQhp=_YORtNJ({82,117,237,100,111})
local _MowZiP=_YORtNJ({74,117,109,112,115,99,97,114,101,32,50})
local _ynKyNs=_YORtNJ({82,105,115,97,100,97,32,68,97,32,66,114,117,120,97,32,77,105,110,101,99,114,97,102,116})
local _vpPnGj=_YORtNJ({84,104,101,32,66,111,105,108,101,100,32,79,110,101})
local _gQgWSp=_YORtNJ({68,101,105,116,101,105,32,85,109,32,65,118,101,32,77,97,114,105,97,32,68,111,105,100,111})
local _mOiPXc=_YORtNJ({77,97,110,100,114,97,107,101,32,68,101,116,101,99,116,101,100})
local _GYCBtV=_YORtNJ({65,97,97,97,97,97,97,97,97})
local _fNqEHq=_YORtNJ({65,65,65,72,72,72,72})
local _rSmSPd=_YORtNJ({97,109,111,110,103,117,115})
local _wLglnZ=_YORtNJ({83,117,115})
local _qCMIAa=_YORtNJ({71,114,105,116,97,111,32,65,65,65,65,65,65,65,65,65})
local _ajfaoD=_YORtNJ({85,72,72,72,72,72,32,67,79,70,70,67,79,70,70})
local _JZCYjq=_YORtNJ({83,85,83})
local _LGZMcD=_YORtNJ({83,111,110,105,99,46,101,120,101})
local _LGbwpL=_YORtNJ({84,117,98,101,114,115,57,51,32,49})
local _WyPoJR=_YORtNJ({84,117,98,101,114,115,57,51,32,50})
local _faWVuz=_YORtNJ({74,111,104,110,39,115,32,76,97,117,103,104})
local _eyHagL=_YORtNJ({78,97,111,32,115,101,105,32,75,75,75,75})
local _DxfcVk=_YORtNJ({71,114,105,116,111})
local _glTjcD=_YORtNJ({83,117,115,32,65,117,100,105,111})
local _DBIPwT=_YORtNJ({65,65,65,72})
local _PSjDbN=_YORtNJ({71,97,121,44,32,103,97,121})
local _UroXph=_YORtNJ({66,97,116,32,72,105,116})
local _RWUXaw=_YORtNJ({78,117,99,108,101,97,114,32,83,105,114,101,110})
local _waNkMJ=_YORtNJ({83,101,109,32,105,100,101,105,97,32,100,101,32,110,111,109,101,32,75,75})
local _iEQfzW=_YORtNJ({71,114,105,116,111,32,50})
local _vdVXiZ=_YORtNJ({69,115,116,111,114,97,32,116,237,109,112,97,110,111})
local _jskLcQ=_YORtNJ({71,101,109,105,100,227,111})
local _xoDosd=_YORtNJ({84,111,109,97,32,74,97,99,107})
local _TCVTAB=_YORtNJ({80,101,100,101,32,105,102,111,111,100,32,112,101,100,101})
local _nsHkNe=_YORtNJ({73,32,71,104,111,115,116,32,84,104,101,32,100,111,119,110})
local _BiinjI=_YORtNJ({67,111,109,112,114,101,32,79,110,76,105,110,101,32,78,97,32,115,104,111,111,112,101})
local _WxHhtA=_YORtNJ({85,104,32,81,117,101,32,78,111,106,111})
local _rqmixE=_YORtNJ({83,97,105,32,100,97,105,32,76,97,118,97,32,80,114,97,116,111})
local _XktOfN=_YORtNJ({83,101,108,111,107,111,32,110,117,109,32,99,111,109,112,101,110,115,97})
local _bqSjOh=_YORtNJ({73,110,115,105,114,97,32,111,32,73,68,32,100,111,32,193,117,100,105,111,32,111,117,32,77,117,115,105,99,97})
local _HvWbkL=_YORtNJ({68,105,103,105,116,101,32,111,32,73,68,32,100,111,32,225,117,100,105,111})
local _MQYjyt=_YORtNJ({73,68,32,100,111,32,225,117,100,105,111})
local _GHXIic=_YORtNJ({83,101,108,101,99,105,111,110,101,32,111,32,193,117,100,105,111})
local _xFeGrn=_YORtNJ({69,115,99,111,108,104,97,32,117,109,32,225,117,100,105,111,32,100,97,32,108,105,115,116,97})
local _osvmdx=_YORtNJ({115,101,108,101,99,116,101,100,95,97,117,100,105,111})
local _tyOuPw=_YORtNJ({76,111,111,112,32,100,101,32,65,117,100,105,111})
local _CmUOOu=_YORtNJ({87,111,114,107,115,112,97,99,101})
local _lAspso=_YORtNJ({82,101,112,108,105,99,97,116,101,100,83,116,111,114,97,103,101})
local _TpvOUx=_YORtNJ({49,71,117,49,110,83,111,117,110,100,49,115})
local _bqHRrc=_YORtNJ({83,111,117,110,100})
local _NSADEM=_YORtNJ({114,98,120,97,115,115,101,116,105,100,58,47,47})
local _bBKfIT=_YORtNJ({78,101,110,104,117,109,32,225,117,100,105,111,32,115,101,108,101,99,105,111,110,97,100,111,33})
local _hqGjFW=_YORtNJ({76,111,111,112,32,84,111,99,97,114,32,193,117,100,105,111})
local _ALhJRh=_YORtNJ({65,116,105,118,97,32,111,32,108,111,111,112,32,100,111,32,225,117,100,105,111})
local _CKPVbr=_YORtNJ({97,117,100,105,111,95,108,111,111,112})
local _aPXleD=_YORtNJ({73,110,102,111})
local _ISJdJs=_YORtNJ({76,111,111,112,32,100,101,32,116,111,99,97,114,32,193,117,100,105,111,32,40,84,111,100,111,115,32,112,108,97,121,101,114,115,32,100,111,32,83,101,114,118,101,114,32,111,117,118,101,109,41})
local _TDasIU=_YORtNJ({87,111,114,107,115,112,97,99,101})
local _ROdVpR=_YORtNJ({82,101,112,108,105,99,97,116,101,100,83,116,111,114,97,103,101})
local _WmMwMl=_YORtNJ({49,71,117,49,110,83,111,117,110,100,49,115})
local _wHIiUO=_YORtNJ({83,111,117,110,100})
local _MPJDLL=_YORtNJ({114,98,120,97,115,115,101,116,105,100,58,47,47})
local _lUPncM=_YORtNJ({78,101,110,104,117,109,32,225,117,100,105,111,32,115,101,108,101,99,105,111,110,97,100,111,33})
local _ApYuHW=_YORtNJ({84,111,99,97,114,32,193,117,100,105,111})
local _bISdNy=_YORtNJ({84,111,99,97,114,32,193,117,100,105,111})
local _pQhFNG=_YORtNJ({82,101,112,108,105,99,97,116,101,100,83,116,111,114,97,103,101})
local _KLHcdD=_YORtNJ({65,117,100,105,111,32,97,108,108,32,99,108,105,101,110,116})
local _bQsayB=_YORtNJ({70,111,108,100,101,114})
local _bKnaEY=_YORtNJ({65,117,100,105,111,32,97,108,108,32,99,108,105,101,110,116})
local _MSxuJi=_YORtNJ({110,117,109,98,101,114})
local _oeEKur=_YORtNJ({73,110,115,105,114,97,32,117,109,32,110,250,109,101,114,111,32,118,225,108,105,100,111,33})
local _TwEBHD=_YORtNJ({83,111,117,110,100})
local _QekCvq=_YORtNJ({114,98,120,97,115,115,101,116,105,100,58,47,47})
local _tHzwaK=_YORtNJ({110,117,109,98,101,114})
local _IpskYA=_YORtNJ({73,110,115,105,114,97,32,117,109,32,110,250,109,101,114,111,32,118,225,108,105,100,111,33})
local _anGZvQ=_YORtNJ({49,71,117,49,110,83,111,117,110,100,49,115})
local _yrDXnG=_YORtNJ({69,115,116,111,114,97,114,32,111,117,118,105,100,111,32,100,101,32,103,101,114,97,108,32,75,75})
local _qtqXOk=_YORtNJ({84,111,99,97,32,225,117,100,105,111,32,114,101,112,101,116,105,100,97,109,101,110,116,101,32,112,97,114,97,32,116,111,100,111,115})
local _bTVlCM=_YORtNJ({97,117,100,105,111,95,115,112,97,109})
local _eJsPqg=_YORtNJ({73,110,102,111})
local _griplT=_YORtNJ({84,111,100,111,115,32,100,111,32,115,101,114,118,101,114,32,111,117,118,101,109,32,111,32,225,117,100,105,111})
local _vUJujn=_YORtNJ({76,97,103,32,83,101,114,118,101,114})
local _YKaoTO=_YORtNJ({98,111,109,98})
local _IuwFVR=_YORtNJ({83,104,117,116,100,111,119,110,32,80,101,114,115,111,110,97,108,105,122,97,100,111})
local _JxPnyR=_YORtNJ({83,104,117,116,100,111,119,110,32,83,101,114,118,105,100,111,114})
local _WFDDWM=_YORtNJ({80,105,99,107,105,110,103,84,111,111,108,115})
local _DoMSqu=_YORtNJ({70,105,114,101,72,111,115,101})
local _hZcHvv=_YORtNJ({82,101,112,108,105,99,97,116,101,100,83,116,111,114,97,103,101})
local _BuMdGJ=_YORtNJ({49,84,111,111,49,108})
local _siaylY=_YORtNJ({70,105,114,101,72,111,115,101})
local _KyitOt=_YORtNJ({68,101,115,116,114,111,121,70,105,114,101,72,111,115,101})
local _MvcUFO=_YORtNJ({80,108,97,121,101,114,115})
local _PVLdZq=_YORtNJ({72,117,109,97,110,111,105,100,82,111,111,116,80,97,114,116})
local _GWKxQF=_YORtNJ({83,116,97,114,116,101,114,71,117,105})
local _sXvVND=_YORtNJ({83,101,110,100,78,111,116,105,102,105,99,97,116,105,111,110})
local _WAmYmO=_YORtNJ({83,99,114,105,112,116,32,100,101,32,68,117,112,101})
local _TusizT=_YORtNJ({83,104,117,116,100,111,119,110,32,67,111,110,99,108,117,237,100,111,44,32,65,103,111,114,97,32,86,97,105,32,68,101,115,108,105,103,97,114})
local _qeStdx=_YORtNJ({79,107})
local _QjcVJF=_YORtNJ({70,105,114,101,72,111,115,101})
local _geOWQC=_YORtNJ({83,116,97,114,116,101,114,71,117,105})
local _eeOrBe=_YORtNJ({83,101,110,100,78,111,116,105,102,105,99,97,116,105,111,110})
local _qcWhyn=_YORtNJ({83,99,114,105,112,116,32,100,101,32,68,117,112,101})
local _PEZzsz=_YORtNJ({73,110,105,99,105,97,110,100,111,32,100,117,112,108,105,99,97,231,227,111,44,32,115,101,106,97,32,112,97,99,105,101,110,116,101})
local _IeWdgH=_YORtNJ({79,107})
local _VpKzhz=_YORtNJ({83,104,117,116,100,111,119,110,32,83,101,114,118,105,100,111,114,32,40,69,114,114,111,32,100,101,32,73,110,116,101,114,110,101,116,41})
local _Szewwh=_YORtNJ({80,105,99,107,105,110,103,84,111,111,108,115})
local _Hsrjoo=_YORtNJ({70,105,114,101,72,111,115,101})
local _UymEXX=_YORtNJ({82,101,112,108,105,99,97,116,101,100,83,116,111,114,97,103,101})
local _vUepsv=_YORtNJ({49,84,111,111,49,108})
local _XNivtr=_YORtNJ({70,105,114,101,72,111,115,101})
local _LtJjYG=_YORtNJ({68,101,115,116,114,111,121,70,105,114,101,72,111,115,101})
local _WEpKiu=_YORtNJ({80,108,97,121,101,114,115})
local _vhHPZC=_YORtNJ({72,117,109,97,110,111,105,100,82,111,111,116,80,97,114,116})
local _DEDyQk=_YORtNJ({83,116,97,114,116,101,114,71,117,105})
local _NdNRbB=_YORtNJ({83,101,110,100,78,111,116,105,102,105,99,97,116,105,111,110})
local _fxEslb=_YORtNJ({83,99,114,105,112,116,32,100,101,32,68,117,112,101})
local _hGtEnm=_YORtNJ({83,104,117,116,100,111,119,110,32,67,111,110,99,108,117,237,100,111,44,32,65,103,111,114,97,32,86,97,105,32,68,101,115,108,105,103,97,114})
local _pHANTw=_YORtNJ({79,107})
local _zvYUrR=_YORtNJ({70,105,114,101,72,111,115,101})
local _fhjUsL=_YORtNJ({83,116,97,114,116,101,114,71,117,105})
local _DYlUgj=_YORtNJ({83,101,110,100,78,111,116,105,102,105,99,97,116,105,111,110})
local _ITsNfo=_YORtNJ({83,99,114,105,112,116,32,100,101,32,68,117,112,101})
local _taUjVY=_YORtNJ({73,110,105,99,105,97,110,100,111,32,100,117,112,108,105,99,97,231,227,111,44,32,115,101,106,97,32,112,97,99,105,101,110,116,101})
local _MOoliW=_YORtNJ({79,107})
local _BxalKt=_YORtNJ({83,104,117,116,100,111,119,110,32,83,101,114,118,105,100,111,114,32,40,69,114,114,111,32,100,101,32,67,111,110,101,120,227,111,32,69,120,112,105,114,97,100,97,41})
local _iVKQwK=_YORtNJ({80,105,99,107,105,110,103,84,111,111,108,115})
local _TxryGo=_YORtNJ({70,105,114,101,72,111,115,101})
local _fjDzDY=_YORtNJ({82,101,112,108,105,99,97,116,101,100,83,116,111,114,97,103,101})
local _KkiyzV=_YORtNJ({49,84,111,111,49,108})
local _FyluBm=_YORtNJ({70,105,114,101,72,111,115,101})
local _DwcsvR=_YORtNJ({68,101,115,116,114,111,121,70,105,114,101,72,111,115,101})
local _DndRty=_YORtNJ({80,108,97,121,101,114,115})
local _kpnFaE=_YORtNJ({83,116,97,114,116,101,114,71,117,105})
local _SbEIMB=_YORtNJ({83,101,110,100,78,111,116,105,102,105,99,97,116,105,111,110})
local _TvHnro=_YORtNJ({83,99,114,105,112,116,32,100,101,32,68,117,112,101})
local _FonISC=_YORtNJ({83,104,117,116,100,111,119,110,32,67,111,110,99,108,117,237,100,111,44,32,65,103,111,114,97,32,86,97,105,32,68,101,115,108,105,103,97,114})
local _AYSZse=_YORtNJ({79,107})
local _RgniEr=_YORtNJ({70,105,114,101,72,111,115,101})
local _UzGakt=_YORtNJ({83,116,97,114,116,101,114,71,117,105})
local _objpdW=_YORtNJ({83,101,110,100,78,111,116,105,102,105,99,97,116,105,111,110})
local _fNmUoB=_YORtNJ({83,99,114,105,112,116,32,100,101,32,68,117,112,101})
local _TEOYxV=_YORtNJ({73,110,105,99,105,97,110,100,111,32,100,117,112,108,105,99,97,231,227,111,44,32,115,101,106,97,32,112,97,99,105,101,110,116,101})
local _RiFMdR=_YORtNJ({79,107})
local _kTKETq=_YORtNJ({76,97,103,32,99,111,109,32,76,97,112,116,111,112})
local _TLhkxz=_YORtNJ({67,108,105,99,107,68,101,116,101,99,116,111,114})
local _ZbKWSg=_YORtNJ({76,97,112,116,111,112,32,110,227,111,32,101,110,99,111,110,116,114,97,100,111,46})
local _rGRyQq=_YORtNJ({76,97,103,32,99,111,109,32,76,97,112,116,111,112})
local _GCHcKw=_YORtNJ({87,111,114,107,115,112,97,99,101,67,111,109})
local _PGAIrD=_YORtNJ({48,48,49,95,71,105,118,101,84,111,111,108,115})
local _OgNqwd=_YORtNJ({76,97,112,116,111,112})
local _EgpTbG=_YORtNJ({76,97,112,116,111,112,32,110,227,111,32,101,110,99,111,110,116,114,97,100,111,46})
local _zWlrlk=_YORtNJ({76,97,103,32,99,111,109,32,76,97,112,116,111,112,32,100,101,115,97,116,105,118,97,100,111,46})
local _ZyYocf=_YORtNJ({73,110,102,111,114,109,97,231,227,111,32,100,101,32,76,97,103})
local _rGHxbP=_YORtNJ({79,32,101,102,101,105,116,111,32,100,101,32,108,97,103,32,99,111,109,101,231,97,32,97,112,243,115,32,51,53,32,115,101,103,117,110,100,111,115})
local _LuqLQZ=_YORtNJ({76,97,103,32,99,111,109,32,84,101,108,101,102,111,110,101})
local _MfLyCF=_YORtNJ({84,101,108,101,102,111,110,101,32,110,227,111,32,101,110,99,111,110,116,114,97,100,111,46})
local _GIGfLY=_YORtNJ({76,97,103,32,99,111,109,32,84,101,108,101,102,111,110,101})
local _BqudyQ=_YORtNJ({87,111,114,107,115,112,97,99,101,67,111,109})
local _mzgJlE=_YORtNJ({48,48,49,95,67,111,109,109,101,114,99,105,97,108,83,116,111,114,101,115})
local _zCrwWG=_YORtNJ({67,111,109,109,101,114,99,105,97,108,83,116,111,114,97,103,101,49})
local _hMwKJE=_YORtNJ({83,116,111,114,101})
local _YSTVua=_YORtNJ({84,111,111,108,115})
local _TcIKfN=_YORtNJ({73,112,104,111,110,101})
local _ICnNOH=_YORtNJ({84,101,108,101,102,111,110,101,32,110,227,111,32,101,110,99,111,110,116,114,97,100,111,46})
local _TQIgWM=_YORtNJ({76,97,103,32,99,111,109,32,84,101,108,101,102,111,110,101,32,100,101,115,97,116,105,118,97,100,111,46})
local _uTfcwr=_YORtNJ({73,110,102,111,114,109,97,231,227,111,32,100,101,32,76,97,103})
local _gPFsDt=_YORtNJ({79,32,115,99,114,105,112,116,32,99,111,109,101,231,97,32,97,32,99,97,117,115,97,114,32,108,97,103,32,97,112,243,115,32,51,53,32,115,101,103,117,110,100,111,115})
local _sCnZGE=_YORtNJ({76,97,103,32,99,111,109,32,66,111,109,98,97})
local _zxGrnZ=_YORtNJ({76,97,103,32,99,111,109,32,66,111,109,98,97})
local _hoRvjh=_YORtNJ({72,117,109,97,110,111,105,100,82,111,111,116,80,97,114,116})
local _KhUcAf=_YORtNJ({87,111,114,107,115,112,97,99,101})
local _YbYxoy=_YORtNJ({82,101,112,108,105,99,97,116,101,100,83,116,111,114,97,103,101})
local _vnvYdV=_YORtNJ({87,111,114,107,115,112,97,99,101,67,111,109})
local _uZbkGe=_YORtNJ({48,48,49,95,67,114,105,109,105,110,97,108,87,101,97,112,111,110,115})
local _DiwVvr=_YORtNJ({71,105,118,101,84,111,111,108,115})
local _oOinYV=_YORtNJ({66,111,109,98})
local _OvObnV=_YORtNJ({86,105,114,116,117,97,108,73,110,112,117,116,77,97,110,97,103,101,114})
local _rKiqnp=_YORtNJ({66,111,109,98})
local _koAsKz=_YORtNJ({82,69})
local _OqcUVJ=_YORtNJ({49,66,108,111,49,119,66,111,109,98,49,115,83,101,114,118,101,49,114})
local _IwHEda=_YORtNJ({73,110,102,111,114,109,97,231,227,111,32,100,101,32,76,97,103})
local _Orhcho=_YORtNJ({79,32,115,99,114,105,112,116,32,99,111,109,101,231,97,32,97,32,99,97,117,115,97,114,32,108,97,103,32,97,112,243,115,32,51,53,32,115,101,103,117,110,100,111,115})
local _oPCLjY=_YORtNJ({78,111,109,101,115})
local _TkQAof=_YORtNJ({80,97,112,101,114})
local _gEkWWp=_YORtNJ({78,111,109,101,32,82,71,66})
local _GtvKhC=_YORtNJ({78,111,109,101,32,82,71,66})
local _RcYQaa=_YORtNJ({65,116,105,118,97,114,32,78,111,109,101,32,82,71,66})
local _DlyVbX=_YORtNJ({82,71,66,32,78,97,109,101,32,97,116,105,118,97,100,111})
local _NpbOOz=_YORtNJ({82,71,66,32,78,97,109,101,32,100,101,115,97,116,105,118,97,100,111})
local _SeGhJr=_YORtNJ({82,71,66,32,66,73,79})
local _thsiNn=_YORtNJ({82,71,66,32,66,73,79})
local _rjGxIs=_YORtNJ({65,116,105,118,97,114,32,82,71,66,32,66,73,79})
local _MDgGTS=_YORtNJ({82,71,66,32,66,73,79,32,97,116,105,118,97,100,111})
local _WpBJmT=_YORtNJ({82,71,66,32,66,73,79,32,100,101,115,97,116,105,118,97,100,111})
local _VuysMs=_YORtNJ({80,105,99,107,105,110,103,82,80,78,97,109,101,67,111,108,111,114})
local _mJBAmH=_YORtNJ({82,101,112,108,105,99,97,116,101,100,83,116,111,114,97,103,101})
local _WCCPXf=_YORtNJ({49,82,80,78,97,109,49,101,67,111,108,111,49,114})
local _jOwzmt=_YORtNJ({80,105,99,107,105,110,103,82,80,66,105,111,67,111,108,111,114})
local _vmCVdF=_YORtNJ({82,101,112,108,105,99,97,116,101,100,83,116,111,114,97,103,101})
local _WAQihN=_YORtNJ({49,82,80,78,97,109,49,101,67,111,108,111,49,114})
local _zdQBIb=_YORtNJ({65,100,105,99,105,111,110,97,114,32,78,111,109,101,115,32,110,111,32,74,111,103,97,100,111,114})
local _JQhsyY=_YORtNJ({65,110,111,110,121,109,117,115})
local _xtIxKp=_YORtNJ({32,65,110,111,110,121,109,117,115,32})
local _AAhADK=_YORtNJ({80,82,79})
local _ViSXKL=_YORtNJ({32,80,82,79,32})
local _DocPyY=_YORtNJ({69,82,82,48,82,95,54,54,54})
local _vsdRmX=_YORtNJ({32,69,82,82,48,82,95,54,54,54,32})
local _ehILiQ=_YORtNJ({68,65,82,75,78,69,49,83,83,83})
local _RJaytM=_YORtNJ({32,68,65,82,75,78,69,49,83,83,83,32})
local _EKojyI=_YORtNJ({71,72,79,83,84})
local _xtmOsQ=_YORtNJ({32,71,72,79,83,84,32})
local _wjzTWC=_YORtNJ({74,79,75,69,82})
local _fQMWgM=_YORtNJ({32,74,79,75,69,82,32})
local _DcoUgB=_YORtNJ({65,68,77,73,78})
local _QodMzD=_YORtNJ({32,65,68,77,73,78,32})
local _urSqwa=_YORtNJ({84,85,66,69,82,83,57,51})
local _fDcCWS=_YORtNJ({32,84,85,66,69,82,83,32,57,51,32})
local _gzewco=_YORtNJ({67,79,48,76,75,73,68})
local _gDYkVx=_YORtNJ({32,67,79,48,32,76,75,73,68,32})
local _nQEmsD=_YORtNJ({71,65,77,69,32,65,84,84,65,67,75,69,68,32,66,89,32,77,65,70,73,65})
local _CxorGh=_YORtNJ({32,71,65,77,69,32,65,84,84,65,67,75,69,68,32,66,89,32,77,65,70,73,65,32})
local _RVNQpO=_YORtNJ({73,78,67,48,77,85,78})
local _dyTTzU=_YORtNJ({32,73,78,67,48,77,85,78})
local _bEudRC=_YORtNJ({66,65,68,32,66,79,89})
local _BwoOnk=_YORtNJ({32,66,65,68,32,66,79,89,32})
local _uliClN=_YORtNJ({78,97,109,101,58,32})
local _YQMnyW=_YORtNJ({82,101,112,108,105,99,97,116,101,100,83,116,111,114,97,103,101})
local _ymaxtP=_YORtNJ({49,82,80,78,97,109,49,101,84,101,120,49,116})
local _xjzETg=_YORtNJ({82,111,108,101,80,108,97,121,78,97,109,101})
local _iEUtuC=_YORtNJ({67,97,114,114,111})
local _FIxjhy=_YORtNJ({99,97,114})
local _mUBxBi=_YORtNJ({82,101,112,108,105,99,97,116,101,100,83,116,111,114,97,103,101})
local _tEWrUH=_YORtNJ({82,69})
local _KSHtUE=_YORtNJ({49,80,108,97,121,101,114,49,115,67,97,49,114})
local _eicRnd=_YORtNJ({80,105,99,107,105,110,103,67,97,114,67,111,108,111,114})
local _dtNDyp=_YORtNJ({82,101,109,111,118,101,32,65,108,108,32,67,97,114,115})
local _KWFWBB=_YORtNJ({77,105,108,105,116,97,114,121,66,111,97,116,70,114,101,101})
local _eNknzT=_YORtNJ({80,105,99,107,105,110,103,66,111,97,116})
local _iOMoxT=_YORtNJ({82,101,112,108,105,99,97,116,101,100,83,116,111,114,97,103,101})
local _yxYdcF=_YORtNJ({49,67,97,49,114})
local _JzNTkA=_YORtNJ({67,97,114})
local _KZuoiv=_YORtNJ({86,101,104,105,99,108,101,83,101,97,116})
local _PDsiaO=_YORtNJ({67,97,114})
local _jTLESU=_YORtNJ({80,104,121,115,105,99,97,108,87,104,101,101,108})
local _xYmKON=_YORtNJ({66,111,100,121,84,104,114,117,115,116})
local _JZPfkJ=_YORtNJ({67,97,114})
local _akxohU=_YORtNJ({83,85,78,84,69,82,73,85,77,32,72,85,66,32,70,76,73,78,71})
local _WYxAGC=_YORtNJ({67,97,114})
local _vIuSrs=_YORtNJ({86,101,104,105,99,108,101,83,101,97,116})
local _ChcNMq=_YORtNJ({66,111,100,121,86,101,108,111,99,105,116,121})
local _TycPXc=_YORtNJ({67,97,114})
local _beiHel=_YORtNJ({35,109,79,86,79,79,69,80,70,36,35,64,70,36,35,71,69,82,69,46,46,62,86,60,60,60,60,69,87,60,86,60,60,87})
local _rTvyJw=_YORtNJ({67,97,114})
local _mTRLtc=_YORtNJ({67,97,114})
local _ZIcWxp=_YORtNJ({67,97,114})
local _JguAMG=_YORtNJ({67,97,114})
local _NVqZUs=_YORtNJ({67,97,114})
local _yIFzad=_YORtNJ({68,101,108,101,116,101,65,108,108,86,101,104,105,99,108,101,115})
local _dkAdtz=_YORtNJ({82,101,112,108,105,99,97,116,101,100,83,116,111,114,97,103,101})
local _zZvIvQ=_YORtNJ({49,67,97,49,114})
local _IgyDrL=_YORtNJ({66,111,100,121,86,101,108,111,99,105,116,121})
local _hsWZvE=_YORtNJ({35,109,79,86,79,79,69,80,70,36,35,64,70,36,35,71,69,82,69,46,46,62,86,60,60,60,60,69,87,60,86,60,60,87})
local _nnZJhP=_YORtNJ({35,109,79,86,79,79,69,80,70,36,35,64,70,36,35,71,69,82,69,46,46,62,86,60,60,60,60,69,87,60,86,60,60,87})
local _gJQsPh=_YORtNJ({73,110,102,111,114,109,97,231,227,111,58})
local _DifLMa=_YORtNJ({82,101,99,111,109,101,110,100,111,32,117,115,97,114,32,50,32,118,101,122,101,115,32,112,97,114,97,32,103,97,114,97,110,116,105,114,32,113,117,101,32,116,111,100,111,115,32,111,115,32,118,101,237,99,117,108,111,115,32,115,101,106,97,109,32,114,101,109,111,118,105,100,111,115})
local _VgwJDA=_YORtNJ({66,114,105,110,103,32,65,108,108,32,67,97,114,115})
local _YBZTXT=_YORtNJ({73,110,102,111,114,109,97,231,227,111,58})
local _FIKBpO=_YORtNJ({80,117,120,97,32,116,111,100,111,115,32,111,115,32,99,97,114,114,111,115,32,100,111,32,115,101,114,118,105,100,111,114,32,97,116,233,32,118,111,99,234})
local _VPldRM=_YORtNJ({83,112,101,101,100,32,86,49})
local _zqdNKm=_YORtNJ({67,97,114})
local _fTBAQZ=_YORtNJ({66,111,100,121})
local _xlZfFQ=_YORtNJ({77,97,102,105,97,32,72,117,98})
local _JrTFxx=_YORtNJ({68,111,110,101,44,32,89,111,117,32,99,97,110,32,77,111,118,101,32,78,111,119,33})
local _KiGqkH=_YORtNJ({69,114,114,111,114})
local _DErbVC=_YORtNJ({83,105,116,32,105,110,32,99,97,114,32,102,105,114,115,116,33})
local _IsdJov=_YORtNJ({69,114,114,111,114})
local _AgeAcx=_YORtNJ({80,117,116,32,97,32,67,97,114,32,70,105,114,115,116,33})
local _MpMwWC=_YORtNJ({83,112,101,101,100})
local _gNBTOA=_YORtNJ({53,48})
local _uKBoQE=_YORtNJ({84,117,114,98,111})
local _gYxlmP=_YORtNJ({53,48})
local _hJAvEU=_YORtNJ({68,114,105,102,116})
local _lPpRQF=_YORtNJ({53,48})
local _NAqUeo=_YORtNJ({68,114,105,102,116,105,110,103,78,117,109,98,101,114})
local _MKFFbJ=_YORtNJ({82,101,112,108,105,99,97,116,101,100,83,116,111,114,97,103,101})
local _haNqDo=_YORtNJ({49,80,108,97,121,101,114,49,115,67,97,49,114})
local _OjkYLc=_YORtNJ({65,112,108,105,99,97,114,32,86,101,108,111,99,105,100,97,100,101,44,32,84,117,114,98,111,32,101,32,100,114,105,102,116})
local _gyrBVs=_YORtNJ({84,117,114,98,111,32,86,50})
local _UlkPNh=_YORtNJ({84,117,114,98,111,32,86,50,32,91,77,101,108,104,111,114,93})
local _qtiMTb=_YORtNJ({72,117,109,97,110,111,105,100,82,111,111,116,80,97,114,116})
local _TCnctJ=_YORtNJ({83,99,114,101,101,110,71,117,105})
local _evinFX=_YORtNJ({73,109,97,103,101,66,117,116,116,111,110})
local _nfHDqd=_YORtNJ({114,98,120,97,115,115,101,116,105,100,58,47,47})
local _UtADBG=_YORtNJ({66,111,116,97,111,70,114,101,110,116,101})
local _zShkck=_YORtNJ({49,56,52,55,56,50,52,57,54,48,54})
local _pbkXpd=_YORtNJ({66,111,116,97,111,84,114,97,115})
local _sYrcfi=_YORtNJ({49,56,52,55,56,50,52,57,54,48,54})
local _zRVLGd=_YORtNJ({66,111,116,97,111,69,115,113,117,101,114,100,97})
local _Bhkuan=_YORtNJ({49,56,52,55,56,50,52,57,54,48,54})
local _dEBxQp=_YORtNJ({66,111,116,97,111,68,105,114,101,105,116,97})
local _ZuOkYN=_YORtNJ({49,56,52,55,56,50,52,57,54,48,54})
local _yrZsnO=_YORtNJ({73,109,97,103,101,66,117,116,116,111,110})
local _PzADXk=_YORtNJ({114,98,120,97,115,115,101,116,105,100,58,47,47,57,55,54,48,55,53,55,57,51,56,54,52,49,56})
local _uYLgME=_YORtNJ({84,101,120,116,66,117,116,116,111,110})
local _uvkUOH=_YORtNJ({45})
local _rVmgCw=_YORtNJ({43})
local _GCIUIu=_YORtNJ({45})
local _dvQwrI=_YORtNJ({73,110,102,111,114,109,97,231,227,111,58})
local _DNEVwv=_YORtNJ({65,109,98,111,115,32,111,115,32,116,117,114,98,111,115,32,110,227,111,32,112,114,101,99,105,115,97,109,32,100,101,32,71,97,109,101,112,97,115,115})
local _SKbKZD=_YORtNJ({77,117,115,105,99,32,102,111,114,32,67,97,114,115,44,32,72,111,117,115,101,115})
local _DEYlcc=_YORtNJ({55,49,51,55,51,53,54,50,50,52,51,55,53,50})
local _PypNIM=_YORtNJ({49,51,56,49,50,57,48,49,57,56,53,56,50,52,52})
local _BdSAIW=_YORtNJ({49,51,56,52,56,48,51,55,50,51,53,55,53,50,54})
local _wtFziM=_YORtNJ({49,50,50,49,57,57,57,51,51,56,55,56,54,55,48})
local _GFkVih=_YORtNJ({55,52,49,56,55,49,56,49,57,48,54,55,48,55})
local _XZohCL=_YORtNJ({56,50,55,57,51,57,49,54,53,55,51,48,51,49})
local _lgYcmi=_YORtNJ({49,48,55,52,50,49,55,54,49,57,53,56,55,57,48})
local _hkGJoh=_YORtNJ({57,49,51,57,52,48,57,50,54,48,51,52,52,48})
local _nnUTjS=_YORtNJ({49,49,51,49,57,56,57,53,55,57,55,51,52,50,49})
local _OKXqDb=_YORtNJ({56,49,52,53,50,51,49,53,57,57,49,53,50,55})
local _ZKDGbF=_YORtNJ({57,51,55,56,54,48,54,48,49,55,52,55,57,48})
local _QlirMN=_YORtNJ({55,52,55,53,50,48,56,57,48,54,57,52,55,54})
local _hYEMzu=_YORtNJ({49,51,49,53,57,50,50,51,53,55,54,50,55,56,57})
local _BtemMF=_YORtNJ({49,51,50,48,56,49,55,55,52,53,48,55,52,57,53})
local _vaucmI=_YORtNJ({49,50,52,51,57,52,50,57,51,57,53,48,55,54,51})
local _PHrNNn=_YORtNJ({56,51,51,56,49,54,52,55,54,52,54,51,53,48})
local _hnHUBm=_YORtNJ({49,54,49,57,48,55,56,50,49,56,49})
local _IPRdLS=_YORtNJ({49,56,52,49,54,56,50,54,51,55})
local _HuxHzm=_YORtNJ({51,49,52,56,51,50,57,54,51,56})
local _rcPrjl=_YORtNJ({49,50,52,57,50,56,51,54,55,55,51,51,51,57,53})
local _CBvxOs=_YORtNJ({49,48,54,51,49,55,49,56,52,54,52,52,51,57,52})
local _LvXQFz=_YORtNJ({49,48,48,50,52,55,48,53,53,49,49,52,53,48,52})
local _nTXZVT=_YORtNJ({49,48,55,48,51,53,54,51,56,48,48,53,50,51,51})
local _PwaUTt=_YORtNJ({49,48,57,51,53,49,54,52,57,55,49,54,57,48,48})
local _APgLVE=_YORtNJ({56,52,55,53,49,51,57,56,53,49,55,48,56,51})
local _hweFAp=_YORtNJ({49,50,53,50,53,57,57,54,57,49,55,52,52,52,57})
local _pVfFwR=_YORtNJ({56,57,50,54,57,48,55,49,56,50,57,51,51,50})
local _Qjdtph=_YORtNJ({56,56,48,57,52,52,55,57,51,57,57,52,56,57})
local _ofdblt=_YORtNJ({55,50,52,52,48,50,51,50,53,49,51,51,52,49})
local _lMxSFL=_YORtNJ({57,50,56,57,51,51,53,57,50,50,54,52,53,52})
local _eJZJYR=_YORtNJ({49,49,49,50,56,49,55,49,48,52,52,53,48,49,56})
local _rnYnRg=_YORtNJ({57,56,54,55,55,53,49,53,53,48,54,48,48,54})
local _vqlBpR=_YORtNJ({49,48,53,56,56,50,56,51,51,51,55,52,48,54,49})
local _VPzxnt=_YORtNJ({49,48,52,53,52,49,50,57,50,52,52,51,49,51,51})
local _AjIFRb=_YORtNJ({49,48,53,56,51,50,49,53,52,52,52,52,52,57,52})
local _VIVlpE=_YORtNJ({56,52,55,51,51,55,51,54,48,52,56,49,52,50})
local _EEwiaR=_YORtNJ({57,52,55,49,56,52,55,51,56,51,48,54,52,48})
local _vMTqQj=_YORtNJ({49,51,48,51,50,52,56,50,54,57,52,51,55,49,56})
local _bloNrY=_YORtNJ({49,50,51,48,51,57,48,50,55,53,55,55,55,51,53})
local _UKisUN=_YORtNJ({49,49,51,51,49,50,55,56,53,53,49,50,55,48,50})
local _ZcpwWo=_YORtNJ({49,51,57,49,54,49,50,48,53,57,55,48,54,51,55})
local _cezhct=_YORtNJ({49,49,51,55,54,56,57,52,52,56,52,57,48,57,51})
local _vQAhpZ=_YORtNJ({49,51,53,54,54,55,57,48,51,50,53,51,53,54,54})
local _CiQviY=_YORtNJ({56,49,51,51,53,51,57,50,48,48,50,53,56,48})
local _XqEISL=_YORtNJ({55,55,52,50,56,48,57,49,49,54,53,50,49,49})
local _VbSdUK=_YORtNJ({49,52,49,52,53,54,50,52,48,51,49})
local _GKZdrD=_YORtNJ({56,48,56,48,50,53,53,54,49,56})
local _kiGYED=_YORtNJ({56,54,53,52,56,51,53,52,55,52})
local _xsKVsy=_YORtNJ({49,51,53,51,48,52,51,57,53,48,50})
local _zmlEKv=_YORtNJ({49,56,56,52,49,56,57,52,50,55,50})
local _niSJyz=_YORtNJ({57,48,51,50,51,52,48,55,56,52,50,57,51,53})
local _StzVyy=_YORtNJ({49,51,54,57,51,50,49,57,51,51,51,49,55,55,52})
local _REIvax=_YORtNJ({49,49,51,53,48,52,56,54,51,52,57,53,51,56,52})
local _txZWNK=_YORtNJ({49,56,51,54,49,55,53,48,51,48})
local _iYNbnV=_YORtNJ({55,57,57,57,56,57,52,57,51,54,50,53,51,57})
local _MuYRoO=_YORtNJ({49,48,57,49,56,56,54,49,48,48,50,51,50,56,55})
local _yqUULM=_YORtNJ({49,51,52,57,51,57,56,53,55,48,57,52,57,53,54})
local _qHKfvJ=_YORtNJ({49,51,50,50,52,53,54,50,54,48,51,56,53,49,48})
local _fyQjuh=_YORtNJ({49,50,52,53,54,55,56,48,57,50,55,55,52,48,56})
local _JejBgJ=_YORtNJ({55,50,53,57,49,51,51,52,52,57,56,55,49,54})
local _wTLcAN=_YORtNJ({55,54,53,55,56,56,49,55,56,52,56,53,48,52})
local _hYXnQV=_YORtNJ({49,55,52,50,50,49,53,54,54,50,55})
local _fSxgpo=_YORtNJ({56,49,57,48,50,57,48,57,51,48,50,50,56,53})
local _uOWKBi=_YORtNJ({49,51,48,52,52,57,53,54,49,52,54,49,48,48,54})
local _hIvLlE=_YORtNJ({49,49,48,53,49,57,50,51,52,56,51,56,48,50,54})
local _oThuXi=_YORtNJ({49,48,54,52,51,52,50,57,53,57,54,48,53,51,53})
local _geekiZ=_YORtNJ({56,54,50,55,49,49,50,51,57,50,52,49,54,56})
local _LCWKVW=_YORtNJ({56,53,52,56,49,57,52,57,55,51,50,56,50,56})
local _mOHxar=_YORtNJ({49,48,54,52,55,54,49,54,54,54,55,50,53,56,57})
local _RsgjoB=_YORtNJ({56,55,57,54,56,53,51,49,50,54,50,55,52,55})
local _gezaNL=_YORtNJ({55,51,57,54,54,51,54,55,53,50,52,50,49,54})
local _HFenYG=_YORtNJ({49,51,55,57,54,50,52,53,52,52,56,51,53,52,50})
local _pudIEH=_YORtNJ({57,56,51,55,49,55,55,49,48,53,53,52,49,49})
local _dCRCGl=_YORtNJ({49,49,49,54,54,56,48,57,55,48,53,50,57,54,54})
local _viYmxH=_YORtNJ({49,52,48,48,57,53,56,56,50,51,56,51,57,57,49})
local _imyjdf=_YORtNJ({49,50,50,56,55,51,56,55,52,55,51,56,50,50,51})
local _cVOiII=_YORtNJ({49,48,53,52,54,49,54,49,53,53,52,50,55,57,52})
local _cHbOHI=_YORtNJ({})
local _uLkJXp=_YORtNJ({80,105,99,107,105,110,103,67,97,114,77,117,115,105,99,84,101,120,116})
local _ZvDnCj=_YORtNJ({82,101,112,108,105,99,97,116,101,100,83,116,111,114,97,103,101})
local _wqPFUB=_YORtNJ({49,80,108,97,121,101,114,49,115,67,97,49,114})
local _FKMNdx=_YORtNJ({})
local _NBRKWm=_YORtNJ({80,105,99,107,105,110,103,83,99,111,111,116,101,114,77,117,115,105,99,84,101,120,116})
local _rCkBxr=_YORtNJ({82,101,112,108,105,99,97,116,101,100,83,116,111,114,97,103,101})
local _idGkkB=_YORtNJ({82,69})
local _gEyrar=_YORtNJ({49,78,111,77,111,116,111,49,114,86,101,104,105,99,108,101,49,115})
local _xUesqi=_YORtNJ({})
local _dmQJps=_YORtNJ({80,105,99,107,72,111,117,115,101,77,117,115,105,99,84,101,120,116})
local _WOooJU=_YORtNJ({82,101,112,108,105,99,97,116,101,100,83,116,111,114,97,103,101})
local _iezNBF=_YORtNJ({82,69})
local _qpLbvP=_YORtNJ({49,80,108,97,121,101,114,49,115,72,111,117,115,49,101})
local _VhQkUm=_YORtNJ({77,117,115,105,99,32,73,68,32,40,71,97,109,101,112,97,115,115,32,82,101,113,117,105,114,101,100,41})
local _lishRe=_YORtNJ({69,110,116,101,114,32,77,117,115,105,99,32,73,68})
local _jAanNc=_YORtNJ({83,101,108,101,99,116,32,77,117,115,105,99,32,40,71,97,109,101,112,97,115,115,32,82,101,113,117,105,114,101,100,41})
local _lYvGLp=_YORtNJ({78,111,116,101})
local _AlNSTa=_YORtNJ({79,32,115,99,114,105,112,116,32,100,101,32,109,250,115,105,99,97,32,102,117,110,99,105,111,110,97,32,101,109,32,116,111,100,111,115,32,111,115,32,99,97,114,114,111,115,32,101,32,99,97,115,97,115})
local _OrloTE=_YORtNJ({67,97,114,32,82,71,66})
local _stRayn=_YORtNJ({67,97,114,32,82,71,66})
local _SXdPxR=_YORtNJ({78,111,116,101})
local _xsrybk=_YORtNJ({65,116,105,118,97,110,100,111,32,105,115,115,111,32,100,101,105,120,97,114,225,32,115,101,117,32,99,97,114,114,111,32,82,71,66})
local _lqnMwH=_YORtNJ({83,112,97,109,32,72,111,114,110})
local _QXBXXI=_YORtNJ({72,111,114,110})
local _vgWGxP=_YORtNJ({83,112,97,109,32,72,111,114,110})
local _ZXpHNt=_YORtNJ({70,108,121,32,67,97,114})
local _pnZstr=_YORtNJ({70,108,121,32,67,97,114})
local _CqtVhQ=_YORtNJ({83,99,114,101,101,110,71,117,105})
local _HJxala=_YORtNJ({70,114,97,109,101})
local _GVfCPn=_YORtNJ({70,114,97,109,101})
local _IpIBCa=_YORtNJ({84,101,120,116,66,117,116,116,111,110})
local _YsGuCg=_YORtNJ({84,101,120,116,66,111,120})
local _LZIcIa=_YORtNJ({84,101,120,116,66,117,116,116,111,110})
local _PMmSZn=_YORtNJ({84,101,120,116,76,97,98,101,108})
local _TYmehU=_YORtNJ({84,101,120,116,76,97,98,101,108})
local _gWhAsU=_YORtNJ({84,101,120,116,76,97,98,101,108})
local _KZwteH=_YORtNJ({84,101,120,116,66,117,116,116,111,110})
local _nSdKvd=_YORtNJ({84,101,120,116,76,97,98,101,108})
local _GeLTIt=_YORtNJ({84,101,120,116,66,117,116,116,111,110})
local _UodCAG=_YORtNJ({84,101,120,116,66,117,116,116,111,110})
local _bWzlbu=_YORtNJ({70,114,97,109,101})
local _BcaHHn=_YORtNJ({84,101,120,116,66,117,116,116,111,110})
local _ywmtBO=_YORtNJ({84,101,120,116,66,117,116,116,111,110})
local _CBCVxM=_YORtNJ({67,97,114,32,70,108,121,32,103,117,105,32,118,50})
local _bfuTgN=_YORtNJ({68,114,97,103})
local _eVDDvF=_YORtNJ({70,108,121,70,114,97,109,101})
local _qXlEAj=_YORtNJ({100,100,110,115,102,98,102,119,101,119,101,102,101})
local _xmAwQs=_YORtNJ({98,121,32,76,117,115,113,117,105,110,104,97,95,48,54,55})
local _SdJioX=_YORtNJ({83,112,101,101,100})
local _lXgLNF=_YORtNJ({53,48})
local _XWsbRY=_YORtNJ({70,108,121})
local _gxbVVJ=_YORtNJ({69,110,97,98,108,101})
local _aYwbUt=_YORtNJ({79,110})
local _Odiknz=_YORtNJ({66,111,100,121,86,101,108,111,99,105,116,121})
local _JDeMUD=_YORtNJ({66,111,100,121,71,121,114,111})
local _WweAoK=_YORtNJ({83,112,101,101,101,100})
local _cSmNnT=_YORtNJ({83,112,101,101,100,58})
local _JJohnM=_YORtNJ({83,116,97,116})
local _iotiYg=_YORtNJ({83,116,97,116,117,115,58})
local _abrSFk=_YORtNJ({83,116,97,116,50})
local _nsnSPB=_YORtNJ({79,102,102})
local _mtvKys=_YORtNJ({85,110,102,108,121})
local _IbtgMq=_YORtNJ({68,105,115,97,98,108,101})
local _FBhDSk=_YORtNJ({79,102,102})
local _CvakSH=_YORtNJ({66,111,100,121,86,101,108,111,99,105,116,121})
local _btDKrD=_YORtNJ({66,111,100,121,71,121,114,111})
local _ypwvWQ=_YORtNJ({86,102,108,121})
local _ZpAjxQ=_YORtNJ({67,97,114,32,102,108,121})
local _pReSje=_YORtNJ({67,108,111,115,101})
local _Tninkb=_YORtNJ({88})
local _LClFry=_YORtNJ({77,105,110,105,109,105,122,101})
local _aOnCgM=_YORtNJ({45})
local _IRaJFF=_YORtNJ({45})
local _GsIwSf=_YORtNJ({43})
local _yZjLoQ=_YORtNJ({43})
local _nDXhBS=_YORtNJ({45})
local _UqEiBj=_YORtNJ({70,108,121,32,111,110})
local _OfctfT=_YORtNJ({87})
local _tBaKvL=_YORtNJ({94})
local _BInCEd=_YORtNJ({83})
local _hXTTKM=_YORtNJ({94})
local _kdHqiy=_YORtNJ({78,111,116,101})
local _OnPznT=_YORtNJ({65,116,105,118,97,110,100,111,32,105,115,115,111,32,118,111,99,234,32,112,111,100,101,32,118,111,97,114,32,99,111,109,32,111,32,115,101,117,32,99,97,114,114,111})
local _BRRcch=_YORtNJ({83,112,97,109,32,67,97,114})
local _iMVAUr=_YORtNJ({83,99,104,111,111,108,66,117,115})
local _wbDtFu=_YORtNJ({83,109,97,114,116,67,97,114})
local _RNpjah=_YORtNJ({70,97,114,109,84,114,117,99,107})
local _GSqJtc=_YORtNJ({67,97,100,105,108,108,97,99})
local _iHrqBU=_YORtNJ({69,120,99,97,118,97,116,111,114})
local _epKDiP=_YORtNJ({74,101,101,112})
local _QIJRbl=_YORtNJ({78,97,115,99,97,114,84,114,117,99,107})
local _rFaLhp=_YORtNJ({84,111,119,84,114,117,99,107})
local _xTYSkl=_YORtNJ({83,110,111,119,112,108,111,119})
local _cSsyND=_YORtNJ({77,105,108,105,116,97,114,121,84,114,117,99,107})
local _asNvpN=_YORtNJ({84,97,110,107})
local _whmXgy=_YORtNJ({76,105,109,111})
local _ZFrdYk=_YORtNJ({70,105,114,101,84,114,117,99,107})
local _tnDcDV=_YORtNJ({80,105,99,107,105,110,103,67,97,114})
local _GNQzwY=_YORtNJ({82,101,112,108,105,99,97,116,101,100,83,116,111,114,97,103,101})
local _GbOhUW=_YORtNJ({82,69})
local _wkbGHF=_YORtNJ({49,67,97,49,114})
local _cfvvdS=_YORtNJ({83,112,97,109,32,67,97,114,115})
local _kgNeaf=_YORtNJ({73,110,102,111,114,109,97,231,227,111,58})
local _DxFhEa=_YORtNJ({83,112,97,109,97,114,32,118,225,114,105,111,115,32,99,97,114,114,111,115})
local _OGsYXe=_YORtNJ({67,114,105,97,110,231,97})
local _BkYbxl=_YORtNJ({98,97,98,121})
local _qZybNr=_YORtNJ({67,104,105,108,100})
local _GgvVus=_YORtNJ({83,101,108,101,99,105,111,110,101,32,117,109,32,112,108,97,121,101,114,32,112,97,114,97,32,112,101,114,115,101,103,117,105,114})
local _hwmMAF=_YORtNJ({})
local _qHsJsW=_YORtNJ({65,116,117,97,108,105,122,97,114,32,80,108,97,121,101,114,32,76,105,115,116})
local _pnGSMi=_YORtNJ({})
local _KDOMrK=_YORtNJ({})
local _XCkSrR=_YORtNJ({69,110,118,105,97,114,32,99,114,105,97,110,231,97})
local _pzRRPX=_YORtNJ({78,101,110,104,117,109,32,106,111,103,97,100,111,114,32,115,101,108,101,99,105,111,110,97,100,111,33})
local _zTFLLT=_YORtNJ({70,111,108,108,111,119,67,104,97,114,97,99,116,101,114})
local _tAhHOl=_YORtNJ({67,104,97,114,97,99,116,101,114,70,111,108,108,111,119,83,112,97,119,110,80,108,97,121,101,114})
local _wYojSF=_YORtNJ({66,97,98,121,66,111,121})
local _aUAQdx=_YORtNJ({82,101,112,108,105,99,97,116,101,100,83,116,111,114,97,103,101})
local _wRLvjx=_YORtNJ({49,66,97,98,49,121,70,111,108,108,111,49,119})
local _cGWYPX=_YORtNJ({69,114,114,111,32,97,111,32,101,110,118,105,97,114,32,99,114,105,97,110,231,97,58,32})
local _HMGKlD=_YORtNJ({66,97,115,101,80,97,114,116})
local _YLfezH=_YORtNJ({70,111,108,108,111,119,67,104,97,114,97,99,116,101,114})
local _heiJZB=_YORtNJ({82,117,110,83,101,114,118,105,99,101})
local _ZuvZwx=_YORtNJ({82,117,110,83,101,114,118,105,99,101})
local _FTGMKq=_YORtNJ({70,111,108,108,111,119,67,104,97,114,97,99,116,101,114})
local _NvlIwW=_YORtNJ({84,111,114,115,111})
local _zqJgvb=_YORtNJ({66,111,100,121,80,111,115,105,116,105,111,110})
local _CNIVZv=_YORtNJ({72,117,109,97,110,111,105,100,82,111,111,116,80,97,114,116})
local _ZQLssW=_YORtNJ({82,101,116,111,114,110,97,114,32,99,114,105,97,110,231,97})
local _NkNFUh=_YORtNJ({82,117,110,83,101,114,118,105,99,101})
local _svUNWr=_YORtNJ({68,101,108,101,116,101,70,111,108,108,111,119,67,104,97,114,97,99,116,101,114})
local _uODgpH=_YORtNJ({82,101,112,108,105,99,97,116,101,100,83,116,111,114,97,103,101})
local _LhjdYE=_YORtNJ({49,66,97,98,49,121,70,111,108,108,111,49,119})
local _jcmCZc=_YORtNJ({69,114,114,111,32,97,111,32,114,101,116,111,114,110,97,114,32,99,114,105,97,110,231,97,58,32})
local _VdkTLh=_YORtNJ({67,104,97,114,97,99,116,101,114,70,111,108,108,111,119,83,112,97,119,110,80,108,97,121,101,114})
local _sloiJL=_YORtNJ({66,97,98,121,66,111,121})
local _tAazka=_YORtNJ({82,101,112,108,105,99,97,116,101,100,83,116,111,114,97,103,101})
local _IzzMEt=_YORtNJ({49,66,97,98,49,121,70,111,108,108,111,49,119})
local _mfLskU=_YORtNJ({69,114,114,111,32,97,111,32,115,112,97,119,110,97,114,32,99,114,105,97,110,231,97,58,32})
local _uegDic=_YORtNJ({83,112,101,99,116,97,114,32,80,108,97,121,101,114})
local _eaYBQD=_YORtNJ({80,108,97,121,101,114,115})
local _HxOpMN=_YORtNJ({82,117,110,83,101,114,118,105,99,101})
local _AiSKJI=_YORtNJ({78,101,110,104,117,109,32,106,111,103,97,100,111,114,32,115,101,108,101,99,105,111,110,97,100,111,32,112,97,114,97,32,115,112,101,99,116,97,114,33})
local _FgdWtW=_YORtNJ({67,97,109,101,114,97,67,111,110,110,101,99,116,105,111,110})
local _hOryvF=_YORtNJ({72,117,109,97,110,111,105,100})
local _CIdZzI=_YORtNJ({67,97,109,101,114,97,67,111,110,110,101,99,116,105,111,110})
local _Towwot=_YORtNJ({72,117,109,97,110,111,105,100})
local _KOOiRD=_YORtNJ({67,97,109,101,114,97,67,111,110,110,101,99,116,105,111,110})
local _qgzUIK=_YORtNJ({72,117,109,97,110,111,105,100})
local _YCBwzq=_YORtNJ({70,69})
local _aBRUgR=_YORtNJ({70,117,110,99,105,111,110,97,108,105,100,97,100,101,115,32,70,69})
local _wSFriT=_YORtNJ({76,111,99,97,108,32,80,108,97,121,101,114})
local _nJmWLs=_YORtNJ({117,115,101,114})
local _rUVZyu=_YORtNJ({86,101,108,111,99,105,100,97,100,101,44,32,71,114,97,118,105,100,97,100,101,32,101,32,80,117,108,111})
local _MXoZgG=_YORtNJ({86,101,108,111,99,105,100,97,100,101,32,100,111,32,80,108,97,121,101,114})
local _OhxGzS=_YORtNJ({68,105,103,105,116,101,32,97,32,118,101,108,111,99,105,100,97,100,101})
local _hWywMd=_YORtNJ({72,117,109,97,110,111,105,100})
local _jvtnJF=_YORtNJ({86,101,108,111,99,105,100,97,100,101,32,105,110,118,225,108,105,100,97,32,111,117,32,112,101,114,115,111,110,97,103,101,109,32,110,227,111,32,101,110,99,111,110,116,114,97,100,111,33})
local _xGligr=_YORtNJ({82,101,115,101,116,97,114,32,118,101,108,111,99,105,100,97,100,101})
local _MqSFQi=_YORtNJ({72,117,109,97,110,111,105,100})
local _rAwRLc=_YORtNJ({84,97,109,97,110,104,111,32,100,111,32,80,117,108,111})
local _kKmpsz=_YORtNJ({68,105,103,105,116,101,32,97,32,97,108,116,117,114,97,32,100,111,32,112,117,108,111})
local _CyOtkd=_YORtNJ({72,117,109,97,110,111,105,100})
local _GIWmgq=_YORtNJ({65,108,116,117,114,97,32,100,101,32,112,117,108,111,32,105,110,118,225,108,105,100,97,32,111,117,32,112,101,114,115,111,110,97,103,101,109,32,110,227,111,32,101,110,99,111,110,116,114,97,100,111,33})
local _rCKDmk=_YORtNJ({82,101,115,101,116,97,114,32,80,117,108,111})
local _sbXTUF=_YORtNJ({72,117,109,97,110,111,105,100})
local _NsZqiB=_YORtNJ({71,114,97,118,105,100,97,100,101})
local _zRLOVW=_YORtNJ({68,105,103,105,116,101,32,97,32,103,114,97,118,105,100,97,100,101})
local _MYsgjZ=_YORtNJ({71,114,97,118,105,100,97,100,101,32,105,110,118,225,108,105,100,97,33})
local _RewBWT=_YORtNJ({82,101,115,101,116,97,114,32,71,114,97,118,105,100,97,100,101})
local _BNXnNb=_YORtNJ({83,112,97,109,32,67,104,97,116})
local _OpGsHk=_YORtNJ({84,101,120,116,67,104,97,116,83,101,114,118,105,99,101})
local _oZIbwD=_YORtNJ({})
local _GZneIR=_YORtNJ({82,101,112,108,105,99,97,116,101,100,83,116,111,114,97,103,101})
local _rAMJmS=_YORtNJ({68,101,102,97,117,108,116,67,104,97,116,83,121,115,116,101,109,67,104,97,116,69,118,101,110,116,115})
local _gZiIjy=_YORtNJ({65,108,108})
local _SutYBL=_YORtNJ({69,114,114,111,32,97,111,32,101,110,118,105,97,114,32,99,104,97,116,58,32})
local _sfwlXf=_YORtNJ({69,114,114,111,32,97,111,32,101,110,118,105,97,114,32,99,104,97,116,58,32})
local _gZxLyF=_YORtNJ({69,110,116,101,114,32,116,101,120,116})
local _VgVwlu=_YORtNJ({68,105,103,105,116,101,32,97,32,109,101,110,115,97,103,101,109})
local _XohWNT=_YORtNJ({83,101,110,100,32,67,104,97,116})
local _YVAjFA=_YORtNJ({68,101,108,97,121,32,100,111,32,83,112,97,109})
local _fMEFtG=_YORtNJ({83,112,97,109,32,67,104,97,116})
local _qjwPnr=_YORtNJ({83,112,97,119,110,32,100,101,32,116,101,120,116,111,115})
local _zhGOna=_YORtNJ({83,112,97,109,32,99,104,97,116,32,72,97,99,107,101,100,32,66,121,32,77,97,102,105,97})
local _GhFfum=_YORtNJ({84,101,120,116,67,104,97,116,83,101,114,118,105,99,101})
local _mxeKYt=_YORtNJ({84,101,120,116,67,104,97,116,83,101,114,118,105,99,101})
local _kUdefh=_YORtNJ({104,105,92,114,92,114,92,114,92,114,92,114,92,114,92,114,92,114,92,114,92,114,92,114,92,114,92,114,92,114,92,114,92,114,92,114,92,114,92,114,92,114,92,114,92,114,92,114,92,114,92,114,92,114,92,114,92,114,92,114,92,114,92,114,92,114,92,114,92,114,92,114,92,114,92,114,92,114,92,114,92,114,92,114,92,114,92,114,92,114,92,114,92,114,92,114,92,114,92,114,92,114,92,114,92,114,92,114,92,114,92,114,92,114,92,114,92,114,92,114,92,114,92,114,92,114,92,114,92,114,92,114,92,114,92,114,92,114,92,114,92,114,92,114,92,114,92,114,92,114,92,114,92,114,92,114,92,114,92,114,92,114,92,114,92,114,92,114,92,114,92,114,92,114,92,114,92,114,92,114,92,114,92,114,92,114,92,114,92,114,92,114,92,114,92,114,92,114,92,114,92,114,92,114,92,114,92,114,92,114,92,114,92,114,92,114,92,114,92,114,92,114,92,114,92,114,92,114,92,114,92,114,92,114,92,114,92,114,92,114,92,114,92,114,92,114,92,114,92,114,92,114,92,114,92,114,92,114,92,114,92,114,92,114,92,114,92,114,92,114,92,114,92,114,92,114,92,114,92,114,92,114,92,114,92,114,92,114,92,114,92,114,92,114,92,114,92,114,92,114,92,114,92,114,92,114,92,114,92,114,92,114,92,114,92,114,92,114,92,114,92,114,92,114,92,114,92,114,92,114,92,114,92,114,92,114,83,101,114,118,101,114,58,32,72,97,99,107,101,100,32,98,121,32,77,97,102,105,97,32,72,117,98})
local _EAkwBq=_YORtNJ({78,97,100,97,97})
local _icmRpZ=_YORtNJ({67,108,101,97,114,32,67,104,97,116})
local _yDlpeh=_YORtNJ({84,101,120,116,67,104,97,116,83,101,114,118,105,99,101})
local _MgLxxv=_YORtNJ({84,101,120,116,67,104,97,116,83,101,114,118,105,99,101})
local _HyYXqf=_YORtNJ({104,105,92,114,92,114,92,114,92,114,92,114,92,114,92,114,92,114,92,114,92,114,92,114,92,114,92,114,92,114,92,114,92,114,92,114,92,114,92,114,92,114,92,114,92,114,92,114,92,114,92,114,92,114,92,114,92,114,92,114,92,114,92,114,92,114,92,114,92,114,92,114,92,114,92,114,92,114,92,114,92,114,92,114,92,114,92,114,92,114,92,114,92,114,92,114,92,114,92,114,92,114,92,114,92,114,92,114,92,114,92,114,92,114,92,114,92,114,92,114,92,114,92,114,92,114,92,114,92,114,92,114,92,114,92,114,92,114,92,114,92,114,92,114,92,114,92,114,92,114,92,114,92,114,92,114,92,114,92,114,92,114,92,114,92,114,92,114,92,114,92,114,92,114,92,114,92,114,92,114,92,114,92,114,92,114,92,114,92,114,92,114,92,114,92,114,92,114,92,114,92,114,92,114,92,114,92,114,92,114,92,114,92,114,92,114,92,114,92,114,92,114,92,114,92,114,92,114,92,114,92,114,92,114,92,114,92,114,92,114,92,114,92,114,92,114,92,114,92,114,92,114,92,114,92,114,92,114,92,114,92,114,92,114,92,114,92,114,92,114,92,114,92,114,92,114,92,114,92,114,92,114,92,114,92,114,92,114,92,114,92,114,92,114,92,114,92,114,92,114,92,114,92,114,92,114,92,114,92,114,92,114,92,114,92,114,92,114,92,114,92,114,92,114,92,114,92,114,92,114,92,114,92,114,92,114,92,114,92,114,92,114,92,114,92,114,92,114,92,114,92,114,92,114,83,101,114,118,101,114,58,32,67,104,97,116,32,67,108,101,97,114,101,100})
local _KtjuLi=_YORtNJ({78,97,100,97,97})
local _rPCrTL=_YORtNJ({72,101,97,100,115,105,116})
local _bnnqjT=_YORtNJ({83,101,108,101,99,105,111,110,97,114,32,80,108,97,121,101,114})
local _RZGoYL=_YORtNJ({})
local _hRMZqF=_YORtNJ({72,101,97,100,32,83,105,116,32,40,67,97,118,97,108,105,110,104,111,41})
local _tLxBJX=_YORtNJ({72,117,109,97,110,111,105,100,82,111,111,116,80,97,114,116})
local _eFQoRn=_YORtNJ({72,117,109,97,110,111,105,100})
local _raaFcu=_YORtNJ({})
local _wJmIuQ=_YORtNJ({78,101,110,104,117,109,32,106,111,103,97,100,111,114,32,115,101,108,101,99,105,111,110,97,100,111,32,112,97,114,97,32,72,101,97,100,32,83,105,116,33})
local _dfalsh=_YORtNJ({82,117,110,83,101,114,118,105,99,101})
local _dBnMTn=_YORtNJ({72,101,97,100})
local _NZfNwT=_YORtNJ({74,111,103,97,100,111,114,32,115,101,108,101,99,105,111,110,97,100,111,32,110,227,111,32,101,110,99,111,110,116,114,97,100,111,32,111,117,32,115,101,109,32,67,104,97,114,97,99,116,101,114,33})
local _NMZCJO=_YORtNJ({65,116,117,97,108,105,122,97,114,32,116,97,98,101,108,97})
local _ZtqDUw=_YORtNJ({})
local _yzoTdz=_YORtNJ({84,101,108,101,112,111,114,116,101,115})
local _ozPYSX=_YORtNJ({116,112})
local _cIXxBu=_YORtNJ({65,111,115,32,66,97,115,116,105,100,111,114,101,115})
local _wULPCM=_YORtNJ({65,111,32,67,101,110,116,114,111,32,85,114,98,97,110,111})
local _mvzWdE=_YORtNJ({192,32,193,114,101,97,32,100,111,32,67,114,105,109,101})
local _rTupJz=_YORtNJ({192,32,67,97,115,97,32,68,101,115,101,114,116,97})
local _uUztTk=_YORtNJ({65,111,32,80,111,114,116,97,108,32,100,97,32,65,103,234,110,99,105,97})
local _SdxvPs=_YORtNJ({65,111,32,69,115,99,111,110,100,101,114,105,106,111})
local _nRSZNq=_YORtNJ({192,32,69,115,99,111,108,97})
local _hGizPX=_YORtNJ({65,111,32,67,97,102,233,32,66,114,111,111,107})
local _EnBsKk=_YORtNJ({65,111,32,80,111,110,116,111,32,73,110,105,99,105,97,108})
local _NWHyGy=_YORtNJ({65,111,32,65,114,99,111,32,80,114,105,110,99,105,112,97,108})
local _OjwKnw=_YORtNJ({65,111,32,72,111,115,112,105,116,97,108})
local _VxFTLS=_YORtNJ({192,32,66,97,115,101,32,100,97,32,65,103,234,110,99,105,97})
local _MnTvMB=_YORtNJ({192,32,83,97,108,97,32,79,99,117,108,116,97,32,100,97,32,79,102,105,99,105,110,97})
local _YMwspH=_YORtNJ({192,32,83,97,108,97,32,83,101,99,114,101,116,97,32,50})
local _jkPiQz=_YORtNJ({192,32,73,108,104,97,32,73,115,111,108,97,100,97})
local _HliHNs=_YORtNJ({192,32,80,114,97,231,97,32,100,111,115,32,72,111,116,233,105,115})
local _hgPtqU=_YORtNJ({69,115,99,97,108,97,114,32,77,111,110,116,97,110,104,97,32,49})
local _VRQESx=_YORtNJ({65,111,32,66,97,110,99,111,32,80,114,105,110,99,105,112,97,108})
local _HIMEZo=_YORtNJ({192,32,76,111,106,97,32,100,101,32,82,111,117,112,97,115})
local _csGfYM=_YORtNJ({65,111,32,82,101,102,250,103,105,111})
local _CzrKJp=_YORtNJ({192,32,67,108,237,110,105,99,97,32,68,101,110,116,225,114,105,97})
local _iszvgW=_YORtNJ({192,32,67,97,102,101,116,101,114,105,97})
local _dBUkaM=_YORtNJ({73,116,101,110,115})
local _kpcJkn=_YORtNJ({98,97,99,107,112,97,99,107})
local _IAhakR=_YORtNJ({86,101,114,109,101,108,104,111})
local _JIEfuL=_YORtNJ({76,97,114,97,110,106,97})
local _iyCUri=_YORtNJ({65,109,97,114,101,108,111})
local _fxXysZ=_YORtNJ({86,101,114,100,101})
local _qYwKGE=_YORtNJ({67,105,97,110,111})
local _XyGyrQ=_YORtNJ({65,122,117,108})
local _jVCqrI=_YORtNJ({82,111,120,111})
local _OZydeH=_YORtNJ({80,114,101,116,111})
local _bNfFAK=_YORtNJ({67,111,108,111,114,105,114,32,77,97,112,97,32,67,104,227,111,32,91,77,117,105,116,111,32,79,80,93})
local _OkQrSG=_YORtNJ({80,97,105,110,116,82,111,108,108,101,114})
local _hxHqjv=_YORtNJ({82,101,112,108,105,99,97,116,101,100,83,116,111,114,97,103,101})
local _OtPAXS=_YORtNJ({49,84,111,111,49,108})
local _dyYxJp=_YORtNJ({82,101,112,108,105,99,97,116,101,100,83,116,111,114,97,103,101})
local _hRtBGm=_YORtNJ({49,67,108,101,97,49,114,84,111,111,108,49,115})
local _VXvrnW=_YORtNJ({84,111,111,108})
local _wKFzmU=_YORtNJ({84,111,111,108})
local _Idmhit=_YORtNJ({84,111,111,108})
local _FaUGiC=_YORtNJ({84,111,111,108})
local _avExJx=_YORtNJ({67,108,101,97,114,65,108,108,84,111,111,108,115})
local _wKmpKq=_YORtNJ({82,101,112,108,105,99,97,116,101,100,83,116,111,114,97,103,101})
local _jRIYvj=_YORtNJ({82,69})
local _wpPqXK=_YORtNJ({49,67,108,101,97,49,114,84,111,111,108,49,115})
local _gohwCo=_YORtNJ({83,116,97,114,116,101,114,71,117,105})
local _XHqyTP=_YORtNJ({83,101,110,100,78,111,116,105,102,105,99,97,116,105,111,110})
local _DyIyRR=_YORtNJ({77,97,102,105,97,32,72,117,98,32,68,117,112,101})
local _Vnsrsa=_YORtNJ({78,227,111,32,67,108,105,113,117,101,32,101,109,32,110,97,100,97,32,101,110,113,117,97,110,116,111,32,97,115,32,116,111,111,108,32,101,115,116,105,118,101,114,101,109,32,115,101,110,100,111,32,100,117,112,97,100,97,115})
local _qmLiBX=_YORtNJ({84,101,110,100,101,117})
local _uULNEm=_YORtNJ({87,111,114,107,115,112,97,99,101})
local _XEUPRV=_YORtNJ({67,97,109,101,114,97})
local _VkvZvi=_YORtNJ({87,111,114,107,115,112,97,99,101})
local _SwzMOH=_YORtNJ({67,97,109,101,114,97})
local _OtwtUi=_YORtNJ({80,108,97,121,101,114,115})
local _vRboOZ=_YORtNJ({84,111,111,108})
local _HLEttm=_YORtNJ({80,108,97,121,101,114,115})
local _tuupsv=_YORtNJ({84,111,111,108})
local _olIJhq=_YORtNJ({80,108,97,121,101,114,115})
local _AdbOrk=_YORtNJ({84,111,111,108})
local _WTjswK=_YORtNJ({80,108,97,121,101,114,115})
local _tjBJUF=_YORtNJ({84,111,111,108})
local _sFMHjj=_YORtNJ({72,97,110,100,108,101})
local _Lujezr=_YORtNJ({72,226,165,97,226,165,110,226,165,100,226,165,108,226,165,101})
local _DGNMRb=_YORtNJ({80,108,97,121,101,114,115})
local _KbqPgE=_YORtNJ({84,111,111,108})
local _eFkbLc=_YORtNJ({72,97,110,100,108,101})
local _ScmxFR=_YORtNJ({72,226,165,97,226,165,110,226,165,100,226,165,108,226,165,101})
local _upGUry=_YORtNJ({87,111,114,107,115,112,97,99,101})
local _GfeijC=_YORtNJ({67,97,109,101,114,97})
local _HABLUc=_YORtNJ({87,111,114,107,115,112,97,99,101})
local _VjIvdo=_YORtNJ({67,97,109,101,114,97})
local _fHOSPx=_YORtNJ({80,105,99,107,105,110,103,84,111,111,108,115})
local _vTNWPQ=_YORtNJ({80,108,97,121,101,114,115})
local _fuWKpR=_YORtNJ({80,108,97,121,101,114,115})
local _oBwIwS=_YORtNJ({72,97,110,100,108,101})
local _ozKPus=_YORtNJ({72,226,165,97,226,165,110,226,165,100,226,165,108,226,165,101})
local _CGamJF=_YORtNJ({80,108,97,121,101,114,115})
local _HxqMiz=_YORtNJ({80,108,97,121,101,114,115})
local _tWbCbg=_YORtNJ({83,116,97,114,116,101,114,71,117,105})
local _AvlzvH=_YORtNJ({83,101,110,100,78,111,116,105,102,105,99,97,116,105,111,110})
local _OVfEpJ=_YORtNJ({77,97,102,105,97,32,72,117,98,32,84,111,111,108})
local _GFAGxB=_YORtNJ({84,111,111,108,32,68,117,112,97,100,97,58,32})
local _TLdOro=_YORtNJ({32,47,32})
local _tkPubS=_YORtNJ({87,111,114,107,115,112,97,99,101})
local _KNKqyx=_YORtNJ({67,97,109,101,114,97})
local _pZHXYV=_YORtNJ({87,111,114,107,115,112,97,99,101})
local _wxDNVY=_YORtNJ({67,97,109,101,114,97})
local _oMSOWc=_YORtNJ({80,108,97,121,101,114,115})
local _IvRXMv=_YORtNJ({72,117,109,97,110,111,105,100,82,111,111,116,80,97,114,116})
local _HBSQNc=_YORtNJ({72,117,109,97,110,111,105,100,82,111,111,116,80,97,114,116})
local _oErLYY=_YORtNJ({84,111,111,108})
local _DbLcVM=_YORtNJ({})
local _bupLAa=_YORtNJ({})
local _ZHBGgL=_YORtNJ({80,108,97,121,101,114,115})
local _SnZvJP=_YORtNJ({67,121,99,108,101,78,101,120,116,65,110,105,109,97,116,105,111,110})
local _xEcCQP=_YORtNJ({84,111,111,108})
local _yWIksh=_YORtNJ({80,97,105,110,116,82,111,108,108,101,114})
local _nQdLHX=_YORtNJ({84,111,111,108})
local _nBTJfG=_YORtNJ({80,97,105,110,116,82,111,108,108,101,114})
local _acERhh=_YORtNJ({80,108,97,121,101,114,115})
local _ICSwBT=_YORtNJ({82,117,110,83,101,114,118,105,99,101})
local _NWYEqP=_YORtNJ({72,117,109,97,110,111,105,100,82,111,111,116,80,97,114,116})
local _BMSIsJ=_YORtNJ({67,111,108,111,114,105,114,32,77,97,112,97,32,67,233,117,32,91,77,117,105,116,111,32,79,80,93})
local _DRwbxx=_YORtNJ({80,97,105,110,116,82,111,108,108,101,114})
local _usRJNb=_YORtNJ({82,101,112,108,105,99,97,116,101,100,83,116,111,114,97,103,101})
local _QSJQFH=_YORtNJ({49,84,111,111,49,108})
local _ARNwNy=_YORtNJ({82,101,112,108,105,99,97,116,101,100,83,116,111,114,97,103,101})
local _wFTzDX=_YORtNJ({49,67,108,101,97,49,114,84,111,111,108,49,115})
local _YMduZp=_YORtNJ({84,111,111,108})
local _RWzQqP=_YORtNJ({84,111,111,108})
local _COlpYb=_YORtNJ({84,111,111,108})
local _VaxbkR=_YORtNJ({84,111,111,108})
local _cHLXsu=_YORtNJ({67,108,101,97,114,65,108,108,84,111,111,108,115})
local _OELbBV=_YORtNJ({82,101,112,108,105,99,97,116,101,100,83,116,111,114,97,103,101})
local _PKQCdF=_YORtNJ({82,69})
local _nsBzVR=_YORtNJ({49,67,108,101,97,49,114,84,111,111,108,49,115})
local _TUStXU=_YORtNJ({83,116,97,114,116,101,114,71,117,105})
local _tHtAXU=_YORtNJ({83,101,110,100,78,111,116,105,102,105,99,97,116,105,111,110})
local _iKgoYa=_YORtNJ({77,97,102,105,97,32,72,117,98,32,68,117,112,101})
local _JIyjDD=_YORtNJ({78,227,111,32,67,108,105,113,117,101,32,101,109,32,110,97,100,97,32,101,110,113,117,97,110,116,111,32,97,115,32,116,111,111,108,32,101,115,116,105,118,101,114,101,109,32,115,101,110,100,111,32,100,117,112,97,100,97,115})
local _QMNKts=_YORtNJ({84,101,110,100,101,117})
local _xBWLBl=_YORtNJ({87,111,114,107,115,112,97,99,101})
local _JcEwWc=_YORtNJ({67,97,109,101,114,97})
local _XOkxTQ=_YORtNJ({87,111,114,107,115,112,97,99,101})
local _Ugheuc=_YORtNJ({67,97,109,101,114,97})
local _fvvcDz=_YORtNJ({80,108,97,121,101,114,115})
local _CLbMPU=_YORtNJ({84,111,111,108})
local _bnKPrh=_YORtNJ({80,108,97,121,101,114,115})
local _MsCnja=_YORtNJ({84,111,111,108})
local _cAJLBP=_YORtNJ({80,108,97,121,101,114,115})
local _UVPwQn=_YORtNJ({84,111,111,108})
local _eCOsno=_YORtNJ({80,108,97,121,101,114,115})
local _vSqzaJ=_YORtNJ({84,111,111,108})
local _dcYvsp=_YORtNJ({72,97,110,100,108,101})
local _uZHfFF=_YORtNJ({72,226,165,97,226,165,110,226,165,100,226,165,108,226,165,101})
local _AgQEju=_YORtNJ({80,108,97,121,101,114,115})
local _qGwXWc=_YORtNJ({84,111,111,108})
local _hTEaXi=_YORtNJ({72,97,110,100,108,101})
local _HCAcvt=_YORtNJ({72,226,165,97,226,165,110,226,165,100,226,165,108,226,165,101})
local _OlAnzK=_YORtNJ({87,111,114,107,115,112,97,99,101})
local _ZzkQGm=_YORtNJ({67,97,109,101,114,97})
local _DwMZMZ=_YORtNJ({87,111,114,107,115,112,97,99,101})
local _lkAUZP=_YORtNJ({67,97,109,101,114,97})
local _hpmeAT=_YORtNJ({80,105,99,107,105,110,103,84,111,111,108,115})
local _Ijguzs=_YORtNJ({80,108,97,121,101,114,115})
local _vDpQvX=_YORtNJ({80,108,97,121,101,114,115})
local _vIOPDj=_YORtNJ({72,97,110,100,108,101})
local _PbtRFg=_YORtNJ({72,226,165,97,226,165,110,226,165,100,226,165,108,226,165,101})
local _pWKppg=_YORtNJ({80,108,97,121,101,114,115})
local _JftDQr=_YORtNJ({80,108,97,121,101,114,115})
local _LAOANj=_YORtNJ({83,116,97,114,116,101,114,71,117,105})
local _DTzeab=_YORtNJ({83,101,110,100,78,111,116,105,102,105,99,97,116,105,111,110})
local _RrWvgr=_YORtNJ({77,97,102,105,97,32,72,117,98,32,84,111,111,108})
local _YDxval=_YORtNJ({84,111,111,108,32,68,117,112,97,100,97,58,32})
local _ySBrLK=_YORtNJ({32,47,32})
local _isEOQw=_YORtNJ({87,111,114,107,115,112,97,99,101})
local _tZJhxk=_YORtNJ({67,97,109,101,114,97})
local _UHYxeh=_YORtNJ({87,111,114,107,115,112,97,99,101})
local _pVcOuo=_YORtNJ({67,97,109,101,114,97})
local _cVQnqE=_YORtNJ({80,108,97,121,101,114,115})
local _erRICa=_YORtNJ({72,117,109,97,110,111,105,100,82,111,111,116,80,97,114,116})
local _PCIXiA=_YORtNJ({72,117,109,97,110,111,105,100,82,111,111,116,80,97,114,116})
local _UwlpDz=_YORtNJ({84,111,111,108})
local _axjCQT=_YORtNJ({})
local _hDDvpe=_YORtNJ({})
local _wCdXYZ=_YORtNJ({80,108,97,121,101,114,115})
local _hQJYuV=_YORtNJ({67,121,99,108,101,78,101,120,116,65,110,105,109,97,116,105,111,110})
local _BKudDr=_YORtNJ({84,111,111,108})
local _EiclfX=_YORtNJ({80,97,105,110,116,82,111,108,108,101,114})
local _EefTPo=_YORtNJ({84,111,111,108})
local _JpwYrt=_YORtNJ({80,97,105,110,116,82,111,108,108,101,114})
local _iNtDfL=_YORtNJ({80,108,97,121,101,114,115})
local _GahVPe=_YORtNJ({82,117,110,83,101,114,118,105,99,101})
local _gVfIWW=_YORtNJ({72,117,109,97,110,111,105,100,82,111,111,116,80,97,114,116})
local _iMbScY=_YORtNJ({80,108,97,121,101,114,115})
local _wFXswa=_YORtNJ({84,111,111,108})
local _BmLTCp=_YORtNJ({80,97,105,110,116,82,111,108,108,101,114})
local _letHLM=_YORtNJ({83,101,116,67,111,108,111,114})
local _vFgLCY=_YORtNJ({80,108,97,121,101,114,115})
local _JvrZxo=_YORtNJ({84,111,111,108})
local _PHAMQm=_YORtNJ({80,97,105,110,116,82,111,108,108,101,114})
local _fWmOVZ=_YORtNJ({84,111,111,108})
local _WFfZOh=_YORtNJ({80,97,105,110,116,82,111,108,108,101,114})
local _Exzvdk=_YORtNJ({83,101,108,101,99,105,111,110,101,32,97,32,67,111,114})
local _mqDLuQ=_YORtNJ({69,115,99,111,108,104,97,32,117,109,97,32,99,111,114,32,112,97,114,97,32,97,112,108,105,99,97,114})
local _SNzjyf=_YORtNJ({80,108,97,121,101,114,115})
local _vmsqsQ=_YORtNJ({84,111,111,108})
local _ODDGAi=_YORtNJ({80,97,105,110,116,82,111,108,108,101,114})
local _pZzoFq=_YORtNJ({83,101,116,67,111,108,111,114})
local _ESkGYk=_YORtNJ({80,97,105,110,116,82,111,108,108,101,114})
local _xbhlas=_YORtNJ({80,97,105,110,116,82,111,108,108,101,114})
local _IleNEW=_YORtNJ({67,111,108,111,114,105,100,111})
local _KGmXrw=_YORtNJ({32,101,32})
local _GcQLdF=_YORtNJ({83,101,108,101,99,105,111,110,101,32,97,32,67,111,109,98,105,110,97,231,227,111,32,100,101,32,67,111,114,101,115})
local _rPCCZm=_YORtNJ({69,115,99,111,108,104,97,32,117,109,97,32,99,111,109,98,105,110,97,231,227,111,32,100,101,32,99,111,114,101,115})
local _IhAvFd=_YORtNJ({80,108,97,121,101,114,115})
local _AJPpBe=_YORtNJ({84,111,111,108})
local _iRJgCu=_YORtNJ({80,97,105,110,116,82,111,108,108,101,114})
local _osjhEI=_YORtNJ({83,101,116,67,111,108,111,114})
local _VHoIrA=_YORtNJ({80,97,105,110,116,82,111,108,108,101,114})
local _aXAnIu=_YORtNJ({80,97,105,110,116,82,111,108,108,101,114})
local _RiYlUb=_YORtNJ({82,101,112,108,105,99,97,116,101,100,83,116,111,114,97,103,101})
local _BvjshD=_YORtNJ({49,67,108,101,97,49,114,84,111,111,108,49,115})
local _kSJKFe=_YORtNJ({82,101,112,108,105,99,97,116,101,100,83,116,111,114,97,103,101})
local _iLoEfL=_YORtNJ({49,84,111,111,49,108})
local _cmYTtA=_YORtNJ({73,116,101,109,115,32,67,111,110,116,114,111,108})
local _ljazKt=_YORtNJ({67,108,101,97,114,32,65,108,108,32,84,111,111,108,115})
local _YnKLEW=_YORtNJ({67,108,101,97,114,65,108,108,84,111,111,108,115})
local _jbkwMA=_YORtNJ({82,101,112,108,105,99,97,116,101,100,83,116,111,114,97,103,101})
local _FwntAP=_YORtNJ({82,69})
local _TsVoVL=_YORtNJ({49,67,108,101,97,49,114,84,111,111,108,49,115})
local _oVGFHL=_YORtNJ({69,113,117,105,112,32,73,116,101,109,115})
local _SiaBaH=_YORtNJ({69,113,117,105,112,97,114,32,116,111,100,111,115,32,111,115,32,105,116,101,110,115})
local _cbYCow=_YORtNJ({80,108,97,121,101,114,115})
local _sgxsbr=_YORtNJ({84,111,111,108})
local _ZFallz=_YORtNJ({78,52,122,105,32,71,114,105,112})
local _rzEfGH=_YORtNJ({71,105,97,110,116,32,74,111,117,115,116,32,66,108,117,101,32,78,52,122,105})
local _FjSSnv=_YORtNJ({74,111,117,115,116,66,108,117,101})
local _FpPzob=_YORtNJ({82,101,112,108,105,99,97,116,101,100,83,116,111,114,97,103,101})
local _AVWBGX=_YORtNJ({49,84,111,111,49,108})
local _MvubCW=_YORtNJ({82,101,112,108,105,99,97,116,101,100,83,116,111,114,97,103,101})
local _MuTkkA=_YORtNJ({49,67,108,101,97,49,114,84,111,111,108,49,115})
local _AzpPfY=_YORtNJ({83,116,97,114,116,101,114,71,117,105})
local _BIhkgC=_YORtNJ({83,101,110,100,78,111,116,105,102,105,99,97,116,105,111,110})
local _HNvfEi=_YORtNJ({68,117,112,101,32,83,99,114,105,112,116})
local _IOKkoJ=_YORtNJ({80,108,101,97,115,101,32,100,111,32,110,111,116,32,101,113,117,105,112,32,97,110,121,32,116,111,111,108,115,32,111,114,32,117,110,101,113,117,105,112,32,116,111,111,108,115,32,111,114,32,99,108,105,99,107,32,116,111,111,108,115,32,111,110,32,105,110,118,101,110,116,111,114,121,46,32,73,116,32,119,105,108,108,32,98,114,101,97,107,32,116,104,101,32,115,99,114,105,112,116,46})
local _eXJXjE=_YORtNJ({73,32,117,110,100,101,114,115,116,97,110,100})
local _uTndlA=_YORtNJ({87,111,114,107,115,112,97,99,101})
local _SWPdTo=_YORtNJ({67,97,109,101,114,97})
local _DkMZBW=_YORtNJ({87,111,114,107,115,112,97,99,101})
local _lBONFV=_YORtNJ({67,97,109,101,114,97})
local _iYVBvy=_YORtNJ({80,108,97,121,101,114,115})
local _oelJgX=_YORtNJ({84,111,111,108})
local _wYrAjl=_YORtNJ({80,108,97,121,101,114,115})
local _cwYWFb=_YORtNJ({84,111,111,108})
local _otsjYJ=_YORtNJ({80,108,97,121,101,114,115})
local _SnzPRA=_YORtNJ({84,111,111,108})
local _LxKMLs=_YORtNJ({80,108,97,121,101,114,115})
local _zusYld=_YORtNJ({84,111,111,108})
local _dlqgAN=_YORtNJ({72,97,110,100,108,101})
local _ISKERC=_YORtNJ({72,226,129,165,97,226,129,165,110,226,129,165,100,226,129,165,108,226,129,165,101})
local _ZmxWxj=_YORtNJ({80,108,97,121,101,114,115})
local _oYlvio=_YORtNJ({84,111,111,108})
local _CbVVqc=_YORtNJ({72,97,110,100,108,101})
local _oJUzMv=_YORtNJ({72,226,129,165,97,226,129,165,110,226,129,165,100,226,129,165,108,226,129,165,101})
local _ClRNbM=_YORtNJ({87,111,114,107,115,112,97,99,101})
local _RxgDYL=_YORtNJ({67,97,109,101,114,97})
local _HcfKUl=_YORtNJ({87,111,114,107,115,112,97,99,101})
local _lpUytu=_YORtNJ({67,97,109,101,114,97})
local _giYaQL=_YORtNJ({80,105,99,107,105,110,103,84,111,111,108,115})
local _YObjPs=_YORtNJ({80,108,97,121,101,114,115})
local _vXXYoE=_YORtNJ({80,108,97,121,101,114,115})
local _QSiUnD=_YORtNJ({72,97,110,100,108,101})
local _ivFsCD=_YORtNJ({72,226,129,165,97,226,129,165,110,226,129,165,100,226,129,165,108,226,129,165,101})
local _HpkzKL=_YORtNJ({80,108,97,121,101,114,115})
local _ELvswa=_YORtNJ({80,108,97,121,101,114,115})
local _RmvDBk=_YORtNJ({87,111,114,107,115,112,97,99,101})
local _ebFduq=_YORtNJ({67,97,109,101,114,97})
local _Dccivl=_YORtNJ({87,111,114,107,115,112,97,99,101})
local _xvZMoL=_YORtNJ({67,97,109,101,114,97})
local _zDeYVR=_YORtNJ({80,108,97,121,101,114,115})
local _TzNTxN=_YORtNJ({72,117,109,97,110,111,105,100,82,111,111,116,80,97,114,116})
local _UgvvAf=_YORtNJ({72,117,109,97,110,111,105,100,82,111,111,116,80,97,114,116})
local _RJMSPa=_YORtNJ({84,111,111,108})
local _Nqzscj=_YORtNJ({})
local _hHEYZk=_YORtNJ({})
local _ChMYJx=_YORtNJ({71,105,97,110,116,32,74,111,117,115,116,32,82,101,100,32,78,52,122,105})
local _PfKxGd=_YORtNJ({74,111,117,115,116,82,101,100})
local _KiZCxY=_YORtNJ({82,101,112,108,105,99,97,116,101,100,83,116,111,114,97,103,101})
local _QsTzzo=_YORtNJ({49,84,111,111,49,108})
local _IPlzCu=_YORtNJ({82,101,112,108,105,99,97,116,101,100,83,116,111,114,97,103,101})
local _raFrfG=_YORtNJ({49,67,108,101,97,49,114,84,111,111,108,49,115})
local _MnleVw=_YORtNJ({83,116,97,114,116,101,114,71,117,105})
local _Xrpsun=_YORtNJ({83,101,110,100,78,111,116,105,102,105,99,97,116,105,111,110})
local _VzlRWa=_YORtNJ({68,117,112,101,32,83,99,114,105,112,116})
local _nzCgxO=_YORtNJ({80,108,101,97,115,101,32,100,111,32,110,111,116,32,101,113,117,105,112,32,97,110,121,32,116,111,111,108,115,32,111,114,32,117,110,101,113,117,105,112,32,116,111,111,108,115,32,111,114,32,99,108,105,99,107,32,116,111,111,108,115,32,111,110,32,105,110,118,101,110,116,111,114,121,46,32,73,116,32,119,105,108,108,32,98,114,101,97,107,32,116,104,101,32,115,99,114,105,112,116,46})
local _sVojzC=_YORtNJ({73,32,117,110,100,101,114,115,116,97,110,100})
local _jXCNqB=_YORtNJ({87,111,114,107,115,112,97,99,101})
local _sWnGyh=_YORtNJ({67,97,109,101,114,97})
local _AlKrmc=_YORtNJ({87,111,114,107,115,112,97,99,101})
local _gSApZf=_YORtNJ({67,97,109,101,114,97})
local _leuquA=_YORtNJ({80,108,97,121,101,114,115})
local _mCLxdy=_YORtNJ({84,111,111,108})
local _bkczxF=_YORtNJ({80,108,97,121,101,114,115})
local _YLuAOd=_YORtNJ({84,111,111,108})
local _zDadtC=_YORtNJ({80,108,97,121,101,114,115})
local _XMsswm=_YORtNJ({84,111,111,108})
local _ciNQCG=_YORtNJ({80,108,97,121,101,114,115})
local _gTFDyX=_YORtNJ({84,111,111,108})
local _HWpEiG=_YORtNJ({72,97,110,100,108,101})
local _zltKLA=_YORtNJ({72,226,129,165,97,226,129,165,110,226,129,165,100,226,129,165,108,226,129,165,101})
local _VljmKE=_YORtNJ({80,108,97,121,101,114,115})
local _dvQYUr=_YORtNJ({84,111,111,108})
local _UPtGqX=_YORtNJ({72,97,110,100,108,101})
local _TvARTs=_YORtNJ({72,226,129,165,97,226,129,165,110,226,129,165,100,226,129,165,108,226,129,165,101})
local _FNrscJ=_YORtNJ({87,111,114,107,115,112,97,99,101})
local _ibcmEQ=_YORtNJ({67,97,109,101,114,97})
local _GIjNyE=_YORtNJ({87,111,114,107,115,112,97,99,101})
local _glodXO=_YORtNJ({67,97,109,101,114,97})
local _dWvSBg=_YORtNJ({80,105,99,107,105,110,103,84,111,111,108,115})
local _gyRAQl=_YORtNJ({80,108,97,121,101,114,115})
local _ipaeBP=_YORtNJ({80,108,97,121,101,114,115})
local _lpgLha=_YORtNJ({72,97,110,100,108,101})
local _GVgSrv=_YORtNJ({72,226,129,165,97,226,129,165,110,226,129,165,100,226,129,165,108,226,129,165,101})
local _OOYZKe=_YORtNJ({80,108,97,121,101,114,115})
local _tbGGjH=_YORtNJ({80,108,97,121,101,114,115})
local _VGueQZ=_YORtNJ({87,111,114,107,115,112,97,99,101})
local _ONBWgr=_YORtNJ({67,97,109,101,114,97})
local _IdXkIU=_YORtNJ({87,111,114,107,115,112,97,99,101})
local _BjSOwW=_YORtNJ({67,97,109,101,114,97})
local _zlYcLY=_YORtNJ({80,108,97,121,101,114,115})
local _xFXAlo=_YORtNJ({72,117,109,97,110,111,105,100,82,111,111,116,80,97,114,116})
local _rOWnTf=_YORtNJ({72,117,109,97,110,111,105,100,82,111,111,116,80,97,114,116})
local _Wyyrnx=_YORtNJ({84,111,111,108})
local _EJokrE=_YORtNJ({})
local _bLAeyn=_YORtNJ({})
local _vWtLHQ=_YORtNJ({70,105,114,101,32,78,52,122,105})
local _eiOvrc=_YORtNJ({99,114,121,115,116,97,108,32,110,97,122,105,32,108,101,108})
local _SWRuUx=_YORtNJ({83,116,97,114,116,101,114,71,117,105})
local _ndsqUc=_YORtNJ({83,101,110,100,78,111,116,105,102,105,99,97,116,105,111,110})
local _veMQiG=_YORtNJ({68,117,112,101,32,83,99,114,105,112,116})
local _iyJfHq=_YORtNJ({80,108,101,97,115,101,32,100,111,32,110,111,116,32,101,113,117,105,112,32,97,110,121,32,116,111,111,108,115,32,111,114,32,117,110,101,113,117,105,112,32,116,111,111,108,115,32,111,114,32,99,108,105,99,107,32,116,111,111,108,115,32,111,110,32,105,110,118,101,110,116,111,114,121,46,32,73,116,32,119,105,108,108,32,98,114,101,97,107,32,116,104,101,32,115,99,114,105,112,116,46})
local _QmGJsc=_YORtNJ({73,32,117,110,100,101,114,115,116,97,110,100})
local _bDvkgb=_YORtNJ({80,97,112,101,114,98,97,103,70,105,114,101})
local _gJkESc=_YORtNJ({80,97,112,101,114,98,97,103,70,105,114,101})
local _mvzJrm=_YORtNJ({67,108,101,97,114,65,108,108,84,111,111,108,115})
local _BbtuXy=_YORtNJ({87,111,114,107,115,112,97,99,101})
local _BTAAaY=_YORtNJ({67,97,109,101,114,97})
local _bMuNpm=_YORtNJ({87,111,114,107,115,112,97,99,101})
local _lmDxFg=_YORtNJ({67,97,109,101,114,97})
local _EzGeRr=_YORtNJ({87,111,114,107,115,112,97,99,101})
local _RiHArz=_YORtNJ({67,97,109,101,114,97})
local _tlENIw=_YORtNJ({87,111,114,107,115,112,97,99,101})
local _LcaJSK=_YORtNJ({67,97,109,101,114,97})
local _trjPOC=_YORtNJ({80,105,99,107,105,110,103,84,111,111,108,115})
local _WYYaHE=_YORtNJ({80,108,97,121,101,114,115})
local _BaPQwl=_YORtNJ({80,108,97,121,101,114,115})
local _qIBWBE=_YORtNJ({72,97,110,100,108,101})
local _uHhrPb=_YORtNJ({72,226,110,100,108,234})
local _MfVqLr=_YORtNJ({80,108,97,121,101,114,115})
local _WFbDBs=_YORtNJ({80,108,97,121,101,114,115})
local _mZuNGx=_YORtNJ({87,111,114,107,115,112,97,99,101})
local _stCVDh=_YORtNJ({67,97,109,101,114,97})
local _UAIaKv=_YORtNJ({87,111,114,107,115,112,97,99,101})
local _oTKFXI=_YORtNJ({67,97,109,101,114,97})
local _rVAJfm=_YORtNJ({80,108,97,121,101,114,115})
local _snTIPI=_YORtNJ({72,117,109,97,110,111,105,100,82,111,111,116,80,97,114,116})
local _wryEsp=_YORtNJ({72,117,109,97,110,111,105,100,82,111,111,116,80,97,114,116})
local _tcBvWT=_YORtNJ({80,108,97,121,101,114,115})
local _gZxodx=_YORtNJ({84,111,111,108})
local _CaMmmB=_YORtNJ({80,108,97,121,101,114,115})
local _izIsiO=_YORtNJ({67,114,121,115,116,97,108,32,78,52,122,105})
local _hKgbzP=_YORtNJ({99,114,121,115,116,97,108,32,110,97,122,105,32,108,101,108})
local _WmsMvY=_YORtNJ({83,116,97,114,116,101,114,71,117,105})
local _qCrTKd=_YORtNJ({83,101,110,100,78,111,116,105,102,105,99,97,116,105,111,110})
local _XkAMah=_YORtNJ({68,117,112,101,32,83,99,114,105,112,116})
local _mktsuX=_YORtNJ({80,108,101,97,115,101,32,100,111,32,110,111,116,32,101,113,117,105,112,32,97,110,121,32,116,111,111,108,115,32,111,114,32,117,110,101,113,117,105,112,32,116,111,111,108,115,32,111,114,32,99,108,105,99,107,32,116,111,111,108,115,32,111,110,32,105,110,118,101,110,116,111,114,121,46,32,73,116,32,119,105,108,108,32,98,114,101,97,107,32,116,104,101,32,115,99,114,105,112,116,46})
local _IMIolc=_YORtNJ({73,32,117,110,100,101,114,115,116,97,110,100})
local _NcVwVg=_YORtNJ({67,114,121,115,116,97,108})
local _bsyunl=_YORtNJ({67,114,121,115,116,97,108})
local _DWdHNB=_YORtNJ({67,108,101,97,114,65,108,108,84,111,111,108,115})
local _VmPEBW=_YORtNJ({87,111,114,107,115,112,97,99,101})
local _iwtUPF=_YORtNJ({67,97,109,101,114,97})
local _HVvNpE=_YORtNJ({87,111,114,107,115,112,97,99,101})
local _muhrce=_YORtNJ({67,97,109,101,114,97})
local _JnUNxc=_YORtNJ({87,111,114,107,115,112,97,99,101})
local _UmRNmv=_YORtNJ({67,97,109,101,114,97})
local _upfqID=_YORtNJ({87,111,114,107,115,112,97,99,101})
local _wewUqD=_YORtNJ({67,97,109,101,114,97})
local _yjQOxU=_YORtNJ({80,105,99,107,105,110,103,84,111,111,108,115})
local _ObleBf=_YORtNJ({80,108,97,121,101,114,115})
local _vRprLf=_YORtNJ({80,108,97,121,101,114,115})
local _MpAREk=_YORtNJ({72,97,110,100,108,101})
local _sWAmKN=_YORtNJ({72,226,110,100,108,234})
local _xVBAzm=_YORtNJ({80,108,97,121,101,114,115})
local _bahhBg=_YORtNJ({80,108,97,121,101,114,115})
local _ovIOYt=_YORtNJ({87,111,114,107,115,112,97,99,101})
local _mIFQWA=_YORtNJ({67,97,109,101,114,97})
local _qWAUUZ=_YORtNJ({87,111,114,107,115,112,97,99,101})
local _baATTw=_YORtNJ({67,97,109,101,114,97})
local _UtSgtd=_YORtNJ({80,108,97,121,101,114,115})
local _BSFhpx=_YORtNJ({72,117,109,97,110,111,105,100,82,111,111,116,80,97,114,116})
local _KurbZj=_YORtNJ({72,117,109,97,110,111,105,100,82,111,111,116,80,97,114,116})
local _jYmLao=_YORtNJ({80,108,97,121,101,114,115})
local _AKCxqA=_YORtNJ({84,111,111,108})
local _fSaEFa=_YORtNJ({80,108,97,121,101,114,115})
local _mAbVeW=_YORtNJ({70,105,114,101,88,32,78,52,122,105})
local _mgrjKp=_YORtNJ({110,97,122,105,32,102,105,114,101,120,32,108,101,108})
local _vUIvKg=_YORtNJ({83,116,97,114,116,101,114,71,117,105})
local _rPRcXZ=_YORtNJ({83,101,110,100,78,111,116,105,102,105,99,97,116,105,111,110})
local _vhLLml=_YORtNJ({68,117,112,101,32,83,99,114,105,112,116})
local _ClAIRQ=_YORtNJ({80,108,101,97,115,101,32,100,111,32,110,111,116,32,101,113,117,105,112,32,97,110,121,32,116,111,111,108,115,32,111,114,32,117,110,101,113,117,105,112,32,116,111,111,108,115,32,111,114,32,99,108,105,99,107,32,116,111,111,108,115,32,111,110,32,105,110,118,101,110,116,111,114,121,46,32,73,116,32,119,105,108,108,32,98,114,101,97,107,32,116,104,101,32,115,99,114,105,112,116,46})
local _irotJP=_YORtNJ({73,32,117,110,100,101,114,115,116,97,110,100})
local _mHwSiM=_YORtNJ({70,105,114,101,88})
local _wOyBeI=_YORtNJ({70,105,114,101,88})
local _KdSuez=_YORtNJ({67,108,101,97,114,65,108,108,84,111,111,108,115})
local _DyTZRo=_YORtNJ({87,111,114,107,115,112,97,99,101})
local _uvnpmF=_YORtNJ({67,97,109,101,114,97})
local _vykNYe=_YORtNJ({87,111,114,107,115,112,97,99,101})
local _JNydVb=_YORtNJ({67,97,109,101,114,97})
local _zgzYzZ=_YORtNJ({87,111,114,107,115,112,97,99,101})
local _rhtbRe=_YORtNJ({67,97,109,101,114,97})
local _drARXD=_YORtNJ({87,111,114,107,115,112,97,99,101})
local _OAoGYy=_YORtNJ({67,97,109,101,114,97})
local _gmxIlh=_YORtNJ({80,105,99,107,105,110,103,84,111,111,108,115})
local _DEwpkM=_YORtNJ({80,108,97,121,101,114,115})
local _kehMqD=_YORtNJ({80,108,97,121,101,114,115})
local _teBCbb=_YORtNJ({72,97,110,100,108,101})
local _mnKxBC=_YORtNJ({72,226,110,100,108,234})
local _UBhiaH=_YORtNJ({80,108,97,121,101,114,115})
local _HzJjDz=_YORtNJ({80,108,97,121,101,114,115})
local _kmnBsS=_YORtNJ({87,111,114,107,115,112,97,99,101})
local _dicqmg=_YORtNJ({67,97,109,101,114,97})
local _MipmwD=_YORtNJ({87,111,114,107,115,112,97,99,101})
local _DCLcXi=_YORtNJ({67,97,109,101,114,97})
local _LVdpKm=_YORtNJ({80,108,97,121,101,114,115})
local _BajvJJ=_YORtNJ({72,117,109,97,110,111,105,100,82,111,111,116,80,97,114,116})
local _YZzLtc=_YORtNJ({72,117,109,97,110,111,105,100,82,111,111,116,80,97,114,116})
local _rXvePE=_YORtNJ({80,108,97,121,101,114,115})
local _iagdUl=_YORtNJ({84,111,111,108})
local _TiMdJb=_YORtNJ({80,108,97,121,101,114,115})
local _PKdEww=_YORtNJ({65,117,114,97,32,71,114,105,112})
local _MwuxCt=_YORtNJ({67,111,117,99,104,32,65,117,114,97})
local _EbIeCk=_YORtNJ({67,111,117,99,104,32,83,112,114,97,121,32,108,101,108})
local _gtcinG=_YORtNJ({83,116,97,114,116,101,114,71,117,105})
local _buVeuH=_YORtNJ({83,101,110,100,78,111,116,105,102,105,99,97,116,105,111,110})
local _tfVaFz=_YORtNJ({68,117,112,101,32,83,99,114,105,112,116})
local _NbtYzC=_YORtNJ({80,108,101,97,115,101,32,100,111,32,110,111,116,32,101,113,117,105,112,32,97,110,121,32,116,111,111,108,115,32,111,114,32,117,110,101,113,117,105,112,32,116,111,111,108,115,32,111,114,32,99,108,105,99,107,32,116,111,111,108,115,32,111,110,32,105,110,118,101,110,116,111,114,121,46,32,73,116,32,119,105,108,108,32,98,114,101,97,107,32,116,104,101,32,115,99,114,105,112,116,46})
local _ujIJyK=_YORtNJ({73,32,117,110,100,101,114,115,116,97,110,100})
local _tTYthG=_YORtNJ({67,111,117,99,104})
local _OnovAs=_YORtNJ({67,111,117,99,104})
local _VIPgIE=_YORtNJ({67,108,101,97,114,65,108,108,84,111,111,108,115})
local _qKYQkw=_YORtNJ({87,111,114,107,115,112,97,99,101})
local _jaDENf=_YORtNJ({67,97,109,101,114,97})
local _aivPUN=_YORtNJ({87,111,114,107,115,112,97,99,101})
local _BcJZJO=_YORtNJ({67,97,109,101,114,97})
local _qAeSmA=_YORtNJ({87,111,114,107,115,112,97,99,101})
local _cYWvSE=_YORtNJ({67,97,109,101,114,97})
local _ZcELxq=_YORtNJ({87,111,114,107,115,112,97,99,101})
local _dDmLwD=_YORtNJ({67,97,109,101,114,97})
local _xhgJuD=_YORtNJ({80,105,99,107,105,110,103,84,111,111,108,115})
local _YUpAur=_YORtNJ({80,108,97,121,101,114,115})
local _imnRsN=_YORtNJ({80,108,97,121,101,114,115})
local _BQVSDF=_YORtNJ({72,97,110,100,108,101})
local _zsIvnf=_YORtNJ({72,195,162,194,129,194,165,97,195,162,194,129,194,165,110,195,162,194,129,194,165,100,195,162,194,129,194,165,108,195,162,194,129,194,165,101})
local _zRovKb=_YORtNJ({80,108,97,121,101,114,115})
local _oLfHTu=_YORtNJ({80,108,97,121,101,114,115})
local _tXkarP=_YORtNJ({87,111,114,107,115,112,97,99,101})
local _EawQEJ=_YORtNJ({67,97,109,101,114,97})
local _mcEFxE=_YORtNJ({87,111,114,107,115,112,97,99,101})
local _BJehZc=_YORtNJ({67,97,109,101,114,97})
local _QxnZhl=_YORtNJ({80,108,97,121,101,114,115})
local _KgfJvV=_YORtNJ({72,117,109,97,110,111,105,100,82,111,111,116,80,97,114,116})
local _pxXlWz=_YORtNJ({72,117,109,97,110,111,105,100,82,111,111,116,80,97,114,116})
local _pkfNAz=_YORtNJ({72,117,109,97,110,111,105,100})
local _jipyJX=_YORtNJ({100,111,110,101})
local _lGSJix=_YORtNJ({84,111,111,108})
local _jNtREE=_YORtNJ({})
local _tFQqmW=_YORtNJ({})
local _spQPqd=_YORtNJ({70,105,114,101,32,65,117,114,97})
local _helllj=_YORtNJ({102,105,114,101,32,83,112,114,97,121,32,108,101,108})
local _haODiU=_YORtNJ({83,116,97,114,116,101,114,71,117,105})
local _IwcFaE=_YORtNJ({83,101,110,100,78,111,116,105,102,105,99,97,116,105,111,110})
local _TjxCNp=_YORtNJ({68,117,112,101,32,83,99,114,105,112,116})
local _SVYxGD=_YORtNJ({80,108,101,97,115,101,32,100,111,32,110,111,116,32,101,113,117,105,112,32,97,110,121,32,116,111,111,108,115,32,111,114,32,117,110,101,113,117,105,112,32,116,111,111,108,115,32,111,114,32,99,108,105,99,107,32,116,111,111,108,115,32,111,110,32,105,110,118,101,110,116,111,114,121,46,32,73,116,32,119,105,108,108,32,98,114,101,97,107,32,116,104,101,32,115,99,114,105,112,116,46})
local _HSUkiZ=_YORtNJ({73,32,117,110,100,101,114,115,116,97,110,100})
local _WEwhho=_YORtNJ({80,97,112,101,114,98,97,103,70,105,114,101})
local _FIWoxX=_YORtNJ({80,97,112,101,114,98,97,103,70,105,114,101})
local _MulwFj=_YORtNJ({67,108,101,97,114,65,108,108,84,111,111,108,115})
local _lPBWVb=_YORtNJ({87,111,114,107,115,112,97,99,101})
local _RRZlkt=_YORtNJ({67,97,109,101,114,97})
local _jkonzg=_YORtNJ({87,111,114,107,115,112,97,99,101})
local _fyxrBj=_YORtNJ({67,97,109,101,114,97})
local _lmxTGX=_YORtNJ({87,111,114,107,115,112,97,99,101})
local _QSMMsz=_YORtNJ({67,97,109,101,114,97})
local _WnqDwm=_YORtNJ({87,111,114,107,115,112,97,99,101})
local _XwCpwc=_YORtNJ({67,97,109,101,114,97})
local _PjGAtH=_YORtNJ({80,105,99,107,105,110,103,84,111,111,108,115})
local _fksFCD=_YORtNJ({80,108,97,121,101,114,115})
local _ugwaDp=_YORtNJ({80,108,97,121,101,114,115})
local _erMfQM=_YORtNJ({72,97,110,100,108,101})
local _nmgExf=_YORtNJ({72,195,162,194,129,194,165,97,195,162,194,129,194,165,110,195,162,194,129,194,165,100,195,162,194,129,194,165,108,195,162,194,129,194,165,101})
local _naUZcO=_YORtNJ({80,108,97,121,101,114,115})
local _CFqcJE=_YORtNJ({80,108,97,121,101,114,115})
local _LxpGlB=_YORtNJ({87,111,114,107,115,112,97,99,101})
local _hPAtXJ=_YORtNJ({67,97,109,101,114,97})
local _izCnkn=_YORtNJ({87,111,114,107,115,112,97,99,101})
local _JQKkjN=_YORtNJ({67,97,109,101,114,97})
local _qYZcOy=_YORtNJ({80,108,97,121,101,114,115})
local _EIKiyJ=_YORtNJ({72,117,109,97,110,111,105,100,82,111,111,116,80,97,114,116})
local _PJBMMi=_YORtNJ({72,117,109,97,110,111,105,100,82,111,111,116,80,97,114,116})
local _GZQmtl=_YORtNJ({72,117,109,97,110,111,105,100})
local _lWndpL=_YORtNJ({100,111,110,101})
local _JvUCqD=_YORtNJ({84,111,111,108})
local _HWYaKh=_YORtNJ({})
local _IZnxHo=_YORtNJ({})
local _bxRbtz=_YORtNJ({87,97,116,101,114,32,65,117,114,97})
local _HGSlcf=_YORtNJ({119,97,116,101,114,32,83,112,114,97,121,32,108,101,108})
local _CKOpMv=_YORtNJ({83,116,97,114,116,101,114,71,117,105})
local _meihHW=_YORtNJ({83,101,110,100,78,111,116,105,102,105,99,97,116,105,111,110})
local _NGXaqQ=_YORtNJ({68,117,112,101,32,83,99,114,105,112,116})
local _iJwYbG=_YORtNJ({80,108,101,97,115,101,32,100,111,32,110,111,116,32,101,113,117,105,112,32,97,110,121,32,116,111,111,108,115,32,111,114,32,117,110,101,113,117,105,112,32,116,111,111,108,115,32,111,114,32,99,108,105,99,107,32,116,111,111,108,115,32,111,110,32,105,110,118,101,110,116,111,114,121,46,32,73,116,32,119,105,108,108,32,98,114,101,97,107,32,116,104,101,32,115,99,114,105,112,116,46})
local _NdPCTK=_YORtNJ({73,32,117,110,100,101,114,115,116,97,110,100})
local _QWqLUZ=_YORtNJ({87,97,116,101,114,105,110,103,67,97,110})
local _EBwhiD=_YORtNJ({87,97,116,101,114,105,110,103,67,97,110})
local _mFjjep=_YORtNJ({67,108,101,97,114,65,108,108,84,111,111,108,115})
local _BkXrlh=_YORtNJ({87,111,114,107,115,112,97,99,101})
local _fFuafc=_YORtNJ({67,97,109,101,114,97})
local _gIAtIk=_YORtNJ({87,111,114,107,115,112,97,99,101})
local _FyVmBf=_YORtNJ({67,97,109,101,114,97})
local _YPqdHr=_YORtNJ({87,111,114,107,115,112,97,99,101})
local _fMcfDv=_YORtNJ({67,97,109,101,114,97})
local _hJeICb=_YORtNJ({87,111,114,107,115,112,97,99,101})
local _bzjKwd=_YORtNJ({67,97,109,101,114,97})
local _sVsZCV=_YORtNJ({80,105,99,107,105,110,103,84,111,111,108,115})
local _LidoxD=_YORtNJ({80,108,97,121,101,114,115})
local _VSuFXA=_YORtNJ({80,108,97,121,101,114,115})
local _fKGrfN=_YORtNJ({72,97,110,100,108,101})
local _KTygtd=_YORtNJ({72,195,162,194,129,194,165,97,195,162,194,129,194,165,110,195,162,194,129,194,165,100,195,162,194,129,194,165,108,195,162,194,129,194,165,101})
local _IsiGRr=_YORtNJ({80,108,97,121,101,114,115})
local _khXjdl=_YORtNJ({80,108,97,121,101,114,115})
local _FgQmMb=_YORtNJ({87,111,114,107,115,112,97,99,101})
local _ktdgtd=_YORtNJ({67,97,109,101,114,97})
local _LmVkUo=_YORtNJ({87,111,114,107,115,112,97,99,101})
local _CvioUE=_YORtNJ({67,97,109,101,114,97})
local _IIPPOi=_YORtNJ({80,108,97,121,101,114,115})
local _mZFacx=_YORtNJ({72,117,109,97,110,111,105,100,82,111,111,116,80,97,114,116})
local _WZrxRP=_YORtNJ({72,117,109,97,110,111,105,100,82,111,111,116,80,97,114,116})
local _zihgOz=_YORtNJ({72,117,109,97,110,111,105,100})
local _LsXDUY=_YORtNJ({100,111,110,101})
local _cXGcus=_YORtNJ({84,111,111,108})
local _qZqSGR=_YORtNJ({})
local _RBHHLm=_YORtNJ({})
local _qmtZsx=_YORtNJ({76,105,103,104,116,32,65,117,114,97})
local _QZSLSD=_YORtNJ({108,105,103,104,116,32,83,112,114,97,121,32,108,101,108})
local _hDAbVc=_YORtNJ({83,116,97,114,116,101,114,71,117,105})
local _KEgeKz=_YORtNJ({83,101,110,100,78,111,116,105,102,105,99,97,116,105,111,110})
local _oDkbMU=_YORtNJ({68,117,112,101,32,83,99,114,105,112,116})
local _INNEUi=_YORtNJ({80,108,101,97,115,101,32,100,111,32,110,111,116,32,101,113,117,105,112,32,97,110,121,32,116,111,111,108,115,32,111,114,32,117,110,101,113,117,105,112,32,116,111,111,108,115,32,111,114,32,99,108,105,99,107,32,116,111,111,108,115,32,111,110,32,105,110,118,101,110,116,111,114,121,46,32,73,116,32,119,105,108,108,32,98,114,101,97,107,32,116,104,101,32,115,99,114,105,112,116,46})
local _zRgdtF=_YORtNJ({73,32,117,110,100,101,114,115,116,97,110,100})
local _zhghQh=_YORtNJ({70,108,97,115,104,76,105,103,104,116})
local _rLdrtJ=_YORtNJ({70,108,97,115,104,76,105,103,104,116})
local _IYdORm=_YORtNJ({67,108,101,97,114,65,108,108,84,111,111,108,115})
local _ZXCpKu=_YORtNJ({87,111,114,107,115,112,97,99,101})
local _nmTXGd=_YORtNJ({67,97,109,101,114,97})
local _dDHSGi=_YORtNJ({87,111,114,107,115,112,97,99,101})
local _vxKyXV=_YORtNJ({67,97,109,101,114,97})
local _ABCIhl=_YORtNJ({87,111,114,107,115,112,97,99,101})
local _QboDOo=_YORtNJ({67,97,109,101,114,97})
local _wFdtaa=_YORtNJ({87,111,114,107,115,112,97,99,101})
local _CHAdEl=_YORtNJ({67,97,109,101,114,97})
local _PZaJfB=_YORtNJ({80,105,99,107,105,110,103,84,111,111,108,115})
local _oDQocK=_YORtNJ({80,108,97,121,101,114,115})
local _WYVIIj=_YORtNJ({80,108,97,121,101,114,115})
local _UVdsYI=_YORtNJ({72,97,110,100,108,101})
local _HtPzQd=_YORtNJ({72,195,162,194,129,194,165,97,195,162,194,129,194,165,110,195,162,194,129,194,165,100,195,162,194,129,194,165,108,195,162,194,129,194,165,101})
local _SLZQtQ=_YORtNJ({80,108,97,121,101,114,115})
local _euedDv=_YORtNJ({80,108,97,121,101,114,115})
local _gNhPeS=_YORtNJ({87,111,114,107,115,112,97,99,101})
local _hnssMP=_YORtNJ({67,97,109,101,114,97})
local _oyzmWX=_YORtNJ({87,111,114,107,115,112,97,99,101})
local _MCxydI=_YORtNJ({67,97,109,101,114,97})
local _JpLlIw=_YORtNJ({80,108,97,121,101,114,115})
local _LMsfFQ=_YORtNJ({72,117,109,97,110,111,105,100,82,111,111,116,80,97,114,116})
local _xHCZzE=_YORtNJ({72,117,109,97,110,111,105,100,82,111,111,116,80,97,114,116})
local _RXVxHi=_YORtNJ({72,117,109,97,110,111,105,100})
local _xfempR=_YORtNJ({100,111,110,101})
local _JhXruJ=_YORtNJ({84,111,111,108})
local _YNuZSq=_YORtNJ({})
local _LaVbYu=_YORtNJ({})
local _LhIXYr=_YORtNJ({83,109,111,107,101,32,65,117,114,97})
local _xHLXBB=_YORtNJ({83,116,97,114,116,101,114,71,117,105})
local _wmUBCN=_YORtNJ({83,101,110,100,78,111,116,105,102,105,99,97,116,105,111,110})
local _oQwBUe=_YORtNJ({68,117,112,101,32,83,99,114,105,112,116})
local _xTvIDW=_YORtNJ({80,108,101,97,115,101,32,100,111,32,110,111,116,32,101,113,117,105,112,32,97,110,121,32,116,111,111,108,115,32,111,114,32,117,110,101,113,117,105,112,32,116,111,111,108,115,32,111,114,32,99,108,105,99,107,32,116,111,111,108,115,32,111,110,32,105,110,118,101,110,116,111,114,121,46,32,73,116,32,119,105,108,108,32,98,114,101,97,107,32,116,104,101,32,115,99,114,105,112,116,46})
local _XTMVcA=_YORtNJ({73,32,117,110,100,101,114,115,116,97,110,100})
local _eMcQVg=_YORtNJ({67,108,101,97,114,65,108,108,84,111,111,108,115})
local _BqEakz=_YORtNJ({87,111,114,107,115,112,97,99,101})
local _EzBUWC=_YORtNJ({67,97,109,101,114,97})
local _iUKgSt=_YORtNJ({87,111,114,107,115,112,97,99,101})
local _tkcdIP=_YORtNJ({67,97,109,101,114,97})
local _SGLKiU=_YORtNJ({80,105,99,107,105,110,103,84,111,111,108,115})
local _fiIyMR=_YORtNJ({70,105,114,101,72,111,115,101})
local _TKGXhC=_YORtNJ({82,101,112,108,105,99,97,116,101,100,83,116,111,114,97,103,101})
local _abEVEF=_YORtNJ({49,84,111,111,49,108})
local _NHBRTG=_YORtNJ({70,105,114,101,72,111,115,101})
local _MpTBpq=_YORtNJ({68,101,115,116,114,111,121,70,105,114,101,72,111,115,101})
local _OsRfDe=_YORtNJ({80,108,97,121,101,114,115})
local _lqXGGK=_YORtNJ({72,117,109,97,110,111,105,100})
local _zwvcBH=_YORtNJ({84,111,111,108})
local _fzNPLN=_YORtNJ({70,101,114,114,97,109,101,110,116,97,32})
local _eLXMsc=_YORtNJ({32,110,227,111,32,101,115,116,225,32,110,111,32,112,101,114,115,111,110,97,103,101,109,46})
local _iNzSxX=_YORtNJ({68,49,99,107,32,71,114,105,112})
local _HvQcsY=_YORtNJ({66,108,97,99,107,32,68,49,99,107})
local _fwsNnS=_YORtNJ({66,111,120})
local _JpKbsv=_YORtNJ({66,111,120})
local _QyUUSt=_YORtNJ({67,108,101,97,114,65,108,108,84,111,111,108,115})
local _SFKzka=_YORtNJ({87,111,114,107,115,112,97,99,101})
local _rDZDMq=_YORtNJ({67,97,109,101,114,97})
local _JKuviw=_YORtNJ({87,111,114,107,115,112,97,99,101})
local _FxDujX=_YORtNJ({67,97,109,101,114,97})
local _cpXyod=_YORtNJ({87,111,114,107,115,112,97,99,101})
local _qeuTHD=_YORtNJ({67,97,109,101,114,97})
local _cANtNc=_YORtNJ({87,111,114,107,115,112,97,99,101})
local _lKqhzT=_YORtNJ({67,97,109,101,114,97})
local _nuLtPY=_YORtNJ({80,105,99,107,105,110,103,84,111,111,108,115})
local _sDZtNi=_YORtNJ({80,108,97,121,101,114,115})
local _NeCzol=_YORtNJ({80,108,97,121,101,114,115})
local _kONCia=_YORtNJ({72,97,110,100,108,101})
local _jduaCv=_YORtNJ({72,226,129,165,97,226,129,165,110,226,129,165,100,226,129,165,108,226,129,165,101})
local _HltwwJ=_YORtNJ({80,108,97,121,101,114,115})
local _wigczz=_YORtNJ({80,108,97,121,101,114,115})
local _ohNAtL=_YORtNJ({87,111,114,107,115,112,97,99,101})
local _yaofGc=_YORtNJ({67,97,109,101,114,97})
local _KruBrf=_YORtNJ({87,111,114,107,115,112,97,99,101})
local _iuPziZ=_YORtNJ({67,97,109,101,114,97})
local _zPujKf=_YORtNJ({80,108,97,121,101,114,115})
local _ctuntN=_YORtNJ({72,117,109,97,110,111,105,100,82,111,111,116,80,97,114,116})
local _pHWjAc=_YORtNJ({72,117,109,97,110,111,105,100,82,111,111,116,80,97,114,116})
local _dEXicm=_YORtNJ({66,105,103,32,66,108,97,99,107,32,68,105,99,107,32,76,109,97,111})
local _KqKSOg=_YORtNJ({66,105,103,32,66,108,97,99,107,32,68,105,99,107,32,76,109,97,111})
local _NLmQpU=_YORtNJ({66,105,103,32,66,108,97,99,107,32,68,105,99,107,32,76,109,97,111})
local _SjMlLW=_YORtNJ({66,105,103,32,66,108,97,99,107,32,68,105,99,107,32,76,109,97,111})
local _JJiTbK=_YORtNJ({66,105,103,32,66,108,97,99,107,32,68,105,99,107,32,76,109,97,111})
local _hfLtIX=_YORtNJ({66,105,103,32,66,108,97,99,107,32,68,105,99,107,32,76,109,97,111})
local _YieDbR=_YORtNJ({66,105,103,32,66,108,97,99,107,32,68,105,99,107,32,76,109,97,111})
local _GMApKX=_YORtNJ({66,105,103,32,66,108,97,99,107,32,68,105,99,107,32,76,109,97,111})
local _nOSEIA=_YORtNJ({66,105,103,32,66,108,97,99,107,32,68,105,99,107,32,76,109,97,111})
local _ajClZv=_YORtNJ({66,105,103,32,66,108,97,99,107,32,68,105,99,107,32,76,109,97,111})
local _VwSIXP=_YORtNJ({66,105,103,32,66,108,97,99,107,32,68,105,99,107,32,76,109,97,111})
local _fQJwjW=_YORtNJ({66,105,103,32,66,108,97,99,107,32,68,105,99,107,32,76,109,97,111})
local _WRjVdR=_YORtNJ({66,105,103,32,66,108,97,99,107,32,68,105,99,107,32,76,109,97,111})
local _toTyOy=_YORtNJ({66,105,103,32,66,108,97,99,107,32,68,105,99,107,32,76,109,97,111})
local _MlyniO=_YORtNJ({66,105,103,32,66,108,97,99,107,32,68,105,99,107,32,76,109,97,111})
local _ZoMaSK=_YORtNJ({66,105,103,32,66,108,97,99,107,32,68,105,99,107,32,76,109,97,111})
local _cMKyrT=_YORtNJ({66,105,103,32,66,108,97,99,107,32,68,105,99,107,32,76,109,97,111})
local _IzUJJf=_YORtNJ({66,105,103,32,66,108,97,99,107,32,68,105,99,107,32,76,109,97,111})
local _ySvPdS=_YORtNJ({66,105,103,32,66,108,97,99,107,32,68,105,99,107,32,76,109,97,111})
local _EmyNzQ=_YORtNJ({66,105,103,32,66,108,97,99,107,32,68,105,99,107,32,76,109,97,111})
local _pdwJPv=_YORtNJ({66,105,103,32,66,108,97,99,107,32,68,105,99,107,32,76,109,97,111})
local _JXIpYo=_YORtNJ({66,105,103,32,66,108,97,99,107,32,68,105,99,107,32,76,109,97,111})
local _UCbYiK=_YORtNJ({66,105,103,32,66,108,97,99,107,32,68,105,99,107,32,76,109,97,111})
local _DCsbJl=_YORtNJ({66,105,103,32,66,108,97,99,107,32,68,105,99,107,32,76,109,97,111})
local _ifwToQ=_YORtNJ({66,105,103,32,66,108,97,99,107,32,68,105,99,107,32,76,109,97,111})
local _zbiWhX=_YORtNJ({66,105,103,32,66,108,97,99,107,32,68,105,99,107,32,76,109,97,111})
local _CsAuOy=_YORtNJ({66,105,103,32,66,108,97,99,107,32,68,105,99,107,32,76,109,97,111})
local _rzYZZo=_YORtNJ({66,105,103,32,66,108,97,99,107,32,68,105,99,107,32,76,109,97,111})
local _XaOogI=_YORtNJ({66,105,103,32,66,108,97,99,107,32,68,105,99,107,32,76,109,97,111})
local _THYljO=_YORtNJ({66,105,103,32,66,108,97,99,107,32,68,105,99,107,32,76,109,97,111})
local _PxtDQV=_YORtNJ({66,105,103,32,66,108,97,99,107,32,68,105,99,107,32,76,109,97,111})
local _FIZfUk=_YORtNJ({66,105,103,32,66,108,97,99,107,32,68,105,99,107,32,76,109,97,111})
local _pGsFyH=_YORtNJ({66,105,103,32,66,108,97,99,107,32,68,105,99,107,32,76,109,97,111})
local _yFzhku=_YORtNJ({66,105,103,32,66,108,97,99,107,32,68,105,99,107,32,76,109,97,111})
local _WJzUlL=_YORtNJ({66,105,103,32,66,108,97,99,107,32,68,105,99,107,32,76,109,97,111})
local _dztAif=_YORtNJ({66,105,103,32,66,108,97,99,107,32,68,105,99,107,32,76,109,97,111})
local _wYxzSO=_YORtNJ({66,105,103,32,66,108,97,99,107,32,68,105,99,107,32,76,109,97,111})
local _nJynrX=_YORtNJ({66,105,103,32,66,108,97,99,107,32,68,105,99,107,32,76,109,97,111})
local _RktnGr=_YORtNJ({66,105,103,32,66,108,97,99,107,32,68,105,99,107,32,76,109,97,111})
local _ARtpMG=_YORtNJ({66,105,103,32,66,108,97,99,107,32,68,105,99,107,32,76,109,97,111})
local _bIYNng=_YORtNJ({66,105,103,32,66,108,97,99,107,32,68,105,99,107,32,76,109,97,111})
local _bYDMFI=_YORtNJ({66,105,103,32,66,108,97,99,107,32,68,105,99,107,32,76,109,97,111})
local _siiHiV=_YORtNJ({66,105,103,32,66,108,97,99,107,32,68,105,99,107,32,76,109,97,111})
local _xIYdfv=_YORtNJ({66,105,103,32,66,108,97,99,107,32,68,105,99,107,32,76,109,97,111})
local _sBlGun=_YORtNJ({66,105,103,32,66,108,97,99,107,32,68,105,99,107,32,76,109,97,111})
local _qPWswU=_YORtNJ({66,105,103,32,66,108,97,99,107,32,68,105,99,107,32,76,109,97,111})
local _erkXJw=_YORtNJ({66,105,103,32,66,108,97,99,107,32,68,105,99,107,32,76,109,97,111})
local _jBCSnG=_YORtNJ({66,105,103,32,66,108,97,99,107,32,68,105,99,107,32,76,109,97,111})
local _REJKVs=_YORtNJ({66,105,103,32,66,108,97,99,107,32,68,105,99,107,32,76,109,97,111})
local _ugxduI=_YORtNJ({66,105,103,32,66,108,97,99,107,32,68,105,99,107,32,76,109,97,111})
local _ODLtZb=_YORtNJ({66,105,103,32,66,108,97,99,107,32,68,105,99,107,32,76,109,97,111})
local _DLIgJv=_YORtNJ({66,105,103,32,66,108,97,99,107,32,68,105,99,107,32,76,109,97,111})
local _bpuTfx=_YORtNJ({66,105,103,32,66,108,97,99,107,32,68,105,99,107,32,76,109,97,111})
local _kasDUc=_YORtNJ({66,105,103,32,66,108,97,99,107,32,68,105,99,107,32,76,109,97,111})
local _gqFKqP=_YORtNJ({66,105,103,32,66,108,97,99,107,32,68,105,99,107,32,76,109,97,111})
local _gcHNCd=_YORtNJ({66,105,103,32,66,108,97,99,107,32,68,105,99,107,32,76,109,97,111})
local _MZAbwn=_YORtNJ({66,105,103,32,66,108,97,99,107,32,68,105,99,107,32,76,109,97,111})
local _FFTMIk=_YORtNJ({66,105,103,32,66,108,97,99,107,32,68,105,99,107,32,76,109,97,111})
local _DmKBqt=_YORtNJ({66,105,103,32,66,108,97,99,107,32,68,105,99,107,32,76,109,97,111})
local _zcbHST=_YORtNJ({66,105,103,32,66,108,97,99,107,32,68,105,99,107,32,76,109,97,111})
local _cQHAxt=_YORtNJ({66,105,103,32,66,108,97,99,107,32,68,105,99,107,32,76,109,97,111})
local _BMrCLc=_YORtNJ({66,105,103,32,66,108,97,99,107,32,68,105,99,107,32,76,109,97,111})
local _KieVsa=_YORtNJ({66,105,103,32,66,108,97,99,107,32,68,105,99,107,32,76,109,97,111})
local _xBLkjA=_YORtNJ({66,105,103,32,66,108,97,99,107,32,68,105,99,107,32,76,109,97,111})
local _rbkvLg=_YORtNJ({66,105,103,32,66,108,97,99,107,32,68,105,99,107,32,76,109,97,111})
local _wmLZbG=_YORtNJ({66,105,103,32,66,108,97,99,107,32,68,105,99,107,32,76,109,97,111})
local _DcKAwV=_YORtNJ({66,105,103,32,66,108,97,99,107,32,68,105,99,107,32,76,109,97,111})
local _YMLoLu=_YORtNJ({66,105,103,32,66,108,97,99,107,32,68,105,99,107,32,76,109,97,111})
local _hEPPKK=_YORtNJ({66,105,103,32,66,108,97,99,107,32,68,105,99,107,32,76,109,97,111})
local _GjyQlW=_YORtNJ({66,105,103,32,66,108,97,99,107,32,68,105,99,107,32,76,109,97,111})
local _AhPdhP=_YORtNJ({66,105,103,32,66,108,97,99,107,32,68,105,99,107,32,76,109,97,111})
local _hDXCiR=_YORtNJ({66,105,103,32,66,108,97,99,107,32,68,105,99,107,32,76,109,97,111})
local _SzOSLl=_YORtNJ({66,105,103,32,66,108,97,99,107,32,68,105,99,107,32,76,109,97,111})
local _njSMKh=_YORtNJ({66,105,103,32,66,108,97,99,107,32,68,105,99,107,32,76,109,97,111})
local _mpyYfi=_YORtNJ({66,105,103,32,66,108,97,99,107,32,68,105,99,107,32,76,109,97,111})
local _GNFHHH=_YORtNJ({66,105,103,32,66,108,97,99,107,32,68,105,99,107,32,76,109,97,111})
local _RNQkrQ=_YORtNJ({80,108,97,121,101,114,115})
local _AtYsFk=_YORtNJ({84,111,111,108})
local _QWmqnQ=_YORtNJ({80,108,97,121,101,114,115})
local _Mcqhrf=_YORtNJ({85,110,105,118,101,114,115,97,108,32,83,99,114,105,112,116,115})
local _lBalAw=_YORtNJ({112,108,97,110,101})
local _JNdDdl=_YORtNJ({85,110,105,118,101,114,115,97,108,32,83,99,114,105,112,116,115})
local _VabxjO=_YORtNJ({82,97,101,108,32,72,117,98,32,66,114,111,111,107})
local _YSqKsj=_YORtNJ({104,116,116,112,115,58,47,47,114,97,119,115,99,114,105,112,116,115,46,110,101,116,47,114,97,119,47,84,104,101,45,77,105,109,105,99,45,82,97,101,108,45,72,117,98,45,50,48,57,50,49})
local _oDlKRT=_YORtNJ({83,104,105,102,116,76,111,99,107})
local _oXpIbz=_YORtNJ({104,116,116,112,115,58,47,47,112,97,115,116,101,98,105,110,46,99,111,109,47,114,97,119,47,78,50,116,105,72,103,121,118})
local _MpibAs=_YORtNJ({71,104,111,115,116,32,72,117,98})
local _wxUDwv=_YORtNJ({104,116,116,112,115,58,47,47,114,97,119,115,99,114,105,112,116,115,46,110,101,116,47,114,97,119,47,85,110,105,118,101,114,115,97,108,45,83,99,114,105,112,116,45,71,104,111,115,116,72,117,98,45,49,54,53,51,52})
local _nyoYGi=_YORtNJ({73,110,102,105,110,105,116,101,89,105,101,108,100,32,45,32,67,109,100})
local _DxITUc=_YORtNJ({104,116,116,112,115,58,47,47,114,97,119,46,103,105,116,104,117,98,117,115,101,114,99,111,110,116,101,110,116,46,99,111,109,47,69,100,103,101,73,89,47,105,110,102,105,110,105,116,101,121,105,101,108,100,47,109,97,115,116,101,114,47,115,111,117,114,99,101})
local _wdqcJw=_YORtNJ({84,80,32,84,111,111,108})
local _ONxRQQ=_YORtNJ({104,116,116,112,115,58,47,47,114,97,119,46,103,105,116,104,117,98,117,115,101,114,99,111,110,116,101,110,116,46,99,111,109,47,101,114,114,48,114,49,50,57,47,75,112,116,72,97,100,101,115,66,108,97,105,114,47,109,97,105,110,47,66,97,111,46,108,117,97})
local _ZVRtIW=_YORtNJ({70,108,121,32,71,117,105})
local _xTcUxj=_YORtNJ({104,116,116,112,115,58,47,47,115,99,114,105,112,116,98,108,111,120,46,99,111,109,47,114,97,119,47,85,110,105,118,101,114,115,97,108,45,83,99,114,105,112,116,45,70,108,121,45,118,51,45,55,52,49,50})
local _ftQNjO=_YORtNJ({78,97,109,101,108,101,115,115,32,65,100,109,105,110,32,45,32,67,109,100})
local _cRIEQo=_YORtNJ({104,116,116,112,115,58,47,47,114,97,119,46,103,105,116,104,117,98,117,115,101,114,99,111,110,116,101,110,116,46,99,111,109,47,70,105,108,116,101,114,105,110,103,69,110,97,98,108,101,100,47,78,97,109,101,108,101,115,115,65,100,109,105,110,47,109,97,105,110,47,83,111,117,114,99,101})
local _sNrLrt=_YORtNJ({84,101,108,101,107,105,110,101,115,105,115})
local _cpqGro=_YORtNJ({104,116,116,112,115,58,47,47,114,97,119,46,103,105,116,104,117,98,117,115,101,114,99,111,110,116,101,110,116,46,99,111,109,47,83,65,90,88,72,85,66,47,67,111,110,116,114,111,108,45,117,112,100,97,116,101,47,109,97,105,110,47,82,69,65,68,77,69,46,109,100})
local _FiBpPl=_YORtNJ({83,99,114,105,112,116})
local _gRKZnw=_YORtNJ({83,99,114,105,112,116})
local _DWmadA=_YORtNJ({80,108,97,121,101,114,115})
local _LsEVYk=_YORtNJ({82,117,110,83,101,114,118,105,99,101})
local redzlib = loadstring(game:HttpGet(_AqqUCd))()
local function _d(t) local s=_cfLtYm for _,v in ipairs(t) do s=s..string.char(v) end return s end
local _k = {77,105,108,105,116,97,114,121,95,98,97,99,107,117,112,95,97,110,116,105,122,101,112,101,116,111}
local _validKey = _d(_k)
local inputKey = game:GetService(_FejCHm).LocalPlayer:RequestBadgeService and _PkGDEn or _gZIJiL
repeat
inputKey = tostring(game:HttpGet and game:HttpGet(_dIuwyU) or _eGGIUZ)
local ui = Instance.new(_qCmzwL, game:GetService(_sEEPUG))
ui.Name = _unyotm
local frame = Instance.new(_nOiLYW, ui)
frame.Size = UDim2.new(0,340,0,140)
frame.Position = UDim2.new(0.5,-170,0.5,-70)
frame.BackgroundColor3 = Color3.fromRGB(20,18,0)
frame.BorderSizePixel = 0
local corner = Instance.new(_ZSFNvE, frame) corner.CornerRadius = UDim.new(0,10)
local stroke = Instance.new(_XCUZRn, frame)
stroke.Color = Color3.fromRGB(255,255,0) stroke.Thickness = 2
local title = Instance.new(_paPkas, frame)
title.Size = UDim2.new(1,0,0,36) title.BackgroundTransparency = 1
title.Text = _pVylkl title.TextColor3 = Color3.fromRGB(255,255,0)
title.TextSize = 16 title.Font = Enum.Font.GothamBold
local sub = Instance.new(_OsdAGe, frame)
sub.Size = UDim2.new(1,0,0,20) sub.Position = UDim2.new(0,0,0,34)
sub.BackgroundTransparency = 1 sub.Text = _PieYgR
sub.TextColor3 = Color3.fromRGB(200,190,0) sub.TextSize = 12 sub.Font = Enum.Font.Gotham
local box = Instance.new(_LkWZwl, frame)
box.Size = UDim2.new(0.85,0,0,32) box.Position = UDim2.new(0.075,0,0,62)
box.BackgroundColor3 = Color3.fromRGB(40,35,0) box.TextColor3 = Color3.fromRGB(255,255,0)
box.PlaceholderText = _wHJCgz box.PlaceholderColor3 = Color3.fromRGB(120,110,0)
box.TextSize = 13 box.Font = Enum.Font.Gotham box.Text = _XbLwJu
box.BorderSizePixel = 0
local bc = Instance.new(_bzHpbG, box) bc.CornerRadius = UDim.new(0,6)
local btn = Instance.new(_qsAANf, frame)
btn.Size = UDim2.new(0.5,0,0,28) btn.Position = UDim2.new(0.25,0,0,102)
btn.BackgroundColor3 = Color3.fromRGB(255,220,0) btn.TextColor3 = Color3.fromRGB(0,0,0)
btn.Text = _GLdMWh btn.TextSize = 14 btn.Font = Enum.Font.GothamBold
btn.BorderSizePixel = 0
local btnc = Instance.new(_lanTgV, btn) btnc.CornerRadius = UDim.new(0,6)
local confirmed = false
btn.MouseButton1Click:Connect(function()
if box.Text == _validKey then
confirmed = true
ui:Destroy()
else
box.PlaceholderText = _kkWRNr
box.Text = _zMoHLA
box.PlaceholderColor3 = Color3.fromRGB(255,80,80)
end
end)
repeat task.wait() until confirmed
break
until true
local Window = redzlib:MakeWindow({
Title = _ttZjFe,
SubTitle = _EJgqoI,
SaveFolder = _docwbD,
})
if redzlib.Themes then
redzlib.Themes[_rFXWnP] = {
[_zlXxkl] = ColorSequence.new(Color3.fromRGB(255,220,0), Color3.fromRGB(180,150,0)),
[_OivxgX] = Color3.fromRGB(20,18,0),
[_kWhYIY] = Color3.fromRGB(255,255,0),
[_eDXRLt] = Color3.fromRGB(255,220,0),
[_qWYXUp] = Color3.fromRGB(255,255,0),
[_fzsAHa] = Color3.fromRGB(200,190,0),
[_JUcXLY] = Color3.fromRGB(255,220,0),
}
pcall(function() redzlib:SetTheme(_nVlsmu) end)
end
task.delay(0.5, function()
local function applyYellow(gui)
for _, v in ipairs(gui:GetDescendants()) do
pcall(function()
if v:IsA(_VHjWCc) or v:IsA(_GkfFgN) then
if v.BackgroundTransparency < 1 then
v.BackgroundColor3 = Color3.fromRGB(20,18,0)
end
elseif v:IsA(_yaglxP) or v:IsA(_WyWwFL) or v:IsA(_IgKhQP) then
v.TextColor3 = Color3.fromRGB(255,255,0)
if v.BackgroundTransparency < 1 then
v.BackgroundColor3 = Color3.fromRGB(30,28,0)
end
elseif v:IsA(_luGQma) then
v.Color = Color3.fromRGB(255,220,0)
elseif v:IsA(_YpYFbo) or v:IsA(_gZdaWg) then
v.ImageColor3 = Color3.fromRGB(255,220,0)
end
end)
end
end
for _, gui in ipairs(game:GetService(_XcQMvY):GetChildren()) do
pcall(function() applyYellow(gui) end)
end
for _, gui in ipairs(game:GetService(_ljTdbv).LocalPlayer.PlayerGui:GetChildren()) do
pcall(function() applyYellow(gui) end)
end
end)
Window:AddMinimizeButton({
Button = { Image = _qaGjUc, BackgroundTransparency = 0 },
Corner = { CornerRadius = UDim.new(35, 1) },
})
local InfoTab = Window:MakeTab({ Title = _UFiVYY, Icon = _ISGJbW })
InfoTab:AddSection({ _CfbVEz })
InfoTab:AddParagraph({ _aVPHTX, _znRAjw })
InfoTab:AddSection({ _hlEWiq })
InfoTab:AddButton({
Name = _teiFmG,
Callback = function()
local TeleportService = game:GetService(_vekdSG)
TeleportService:TeleportToPlaceInstance(game.PlaceId, game.JobId, game.Players.LocalPlayer)
end
})
local TrollTab = Window:MakeTab({ Title = _dYRJTT, Icon = _WOcEoa })
TrollTab:AddSection({ _sDzcUB })
TrollTab:AddButton({
Name = _CpnCOX,
Description = _zqPUCN,
Callback = function()
local Players = game:GetService(_wRNgKD)
local RunService = game:GetService(_XgOeNR)
local LocalPlayer = Players.LocalPlayer
local Workspace = game:GetService(_abdKiV)
local angle = 1
local radius = 10
local blackHoleActive = false
local function setupPlayer()
local character = LocalPlayer.Character or LocalPlayer.CharacterAdded:Wait()
local humanoidRootPart = character:WaitForChild(_QQCAcU)
local Folder = Instance.new(_eagLBu, Workspace)
local Part = Instance.new(_itsOba, Folder)
local Attachment1 = Instance.new(_yqnoTf, Part)
Part.Anchored = true
Part.CanCollide = false
Part.Transparency = 1
return humanoidRootPart, Attachment1
end
local humanoidRootPart, Attachment1 = setupPlayer()
if not getgenv().Network then
getgenv().Network = {
BaseParts = {},
Velocity = Vector3.new(14.46262424, 14.46262424, 14.46262424)
}
Network.RetainPart = function(part)
if typeof(part) == _ayZPKt and part:IsA(_wfRPgo) and part:IsDescendantOf(Workspace) then
table.insert(Network.BaseParts, part)
part.CustomPhysicalProperties = PhysicalProperties.new(0, 0, 0, 0, 0)
part.CanCollide = false
end
end
local function EnablePartControl()
LocalPlayer.ReplicationFocus = Workspace
RunService.Heartbeat:Connect(function()
sethiddenproperty(LocalPlayer, _qoxYUt, math.huge)
for _, part in pairs(Network.BaseParts) do
if part:IsDescendantOf(Workspace) then
part.Velocity = Network.Velocity
end
end
end)
end
EnablePartControl()
end
local function ForcePart(v)
if v:IsA(_KwvQgy) and not v.Anchored and not v.Parent:FindFirstChild(_hEraLL) and not v.Parent:FindFirstChild(_VIjdAT) and v.Name ~= _bgAmFu then
for _, x in next, v:GetChildren() do
if x:IsA(_dqgLLi) or x:IsA(_fiOKsA) or x:IsA(_rybYFJ) or x:IsA(_IRVyJe) or x:IsA(_yMCGRX) or x:IsA(_lSzTwL) or x:IsA(_MlVPEc) then
x:Destroy()
end
end
if v:FindFirstChild(_DzerEx) then
v:FindFirstChild(_RJAEwS):Destroy()
end
if v:FindFirstChild(_jfNPMo) then
v:FindFirstChild(_FVQGuL):Destroy()
end
if v:FindFirstChild(_wMsaEQ) then
v:FindFirstChild(_FUVuMq):Destroy()
end
v.CanCollide = false
local Torque = Instance.new(_RSZfUC, v)
Torque.Torque = Vector3.new(1000000, 1000000, 1000000)
local AlignPosition = Instance.new(_dZwsRX, v)
local Attachment2 = Instance.new(_jiBHXm, v)
Torque.Attachment0 = Attachment2
AlignPosition.MaxForce = math.huge
AlignPosition.MaxVelocity = math.huge
AlignPosition.Responsiveness = 500
AlignPosition.Attachment0 = Attachment2
AlignPosition.Attachment1 = Attachment1
end
end
local function toggleBlackHole()
blackHoleActive = not blackHoleActive
if blackHoleActive then
for _, v in next, Workspace:GetDescendants() do
ForcePart(v)
end
Workspace.DescendantAdded:Connect(function(v)
if blackHoleActive then
ForcePart(v)
end
end)
spawn(function()
while blackHoleActive and RunService.RenderStepped:Wait() do
angle = angle + math.rad(2)
local offsetX = math.cos(angle) * radius
local offsetZ = math.sin(angle) * radius
Attachment1.WorldCFrame = humanoidRootPart.CFrame * CFrame.new(offsetX, 0, offsetZ)
end
end)
else
Attachment1.WorldCFrame = CFrame.new(0, -1000, 0)
end
end
LocalPlayer.CharacterAdded:Connect(function()
humanoidRootPart, Attachment1 = setupPlayer()
if blackHoleActive then
toggleBlackHole()
end
end)
local library = loadstring(game:HttpGet(_hysNfJ))()
local window = library:Window(_obpFgI)
window:Slider(_IJTwTV,1,100,10, function(Value)
radius = Value
end)
window:Toggle(_IjObFG, true, function(Value)
if Value then
toggleBlackHole()
else
blackHoleActive = false
end
end)
spawn(function()
while true do
RunService.RenderStepped:Wait()
if blackHoleActive then
angle = angle + math.rad(angleSpeed)
end
end
end)
toggleBlackHole()
end
})
TrollTab:AddSection({ _kwhUKM })
TrollTab:AddButton({
Name = _sJkVAp,
Description = _lzQvTq,
Callback = function()
local Gui = Instance.new(_oAoTbl)
local Main = Instance.new(_AIusUX)
local Box = Instance.new(_YuUtHL)
local UITextSizeConstraint = Instance.new(_aglxdZ)
local Label = Instance.new(_EDvMUq)
local UITextSizeConstraint_2 = Instance.new(_lyoUWO)
local Button = Instance.new(_hDWlCO)
local UITextSizeConstraint_3 = Instance.new(_HXEikU)
Gui.Name = _DRgCLx
Gui.Parent = gethui()
Gui.ZIndexBehavior = Enum.ZIndexBehavior.Sibling
Main.Name = _YwWqJx
Main.Parent = Gui
Main.BackgroundColor3 = Color3.fromRGB(40, 35, 0)
Main.BorderColor3 = Color3.fromRGB(20, 18, 0)
Main.BorderSizePixel = 0
Main.Position = UDim2.new(0.335954279, 0, 0.542361975, 0)
Main.Size = UDim2.new(0.240350261, 0, 0.166880623, 0)
Main.Active = true
Main.Draggable = true
Box.Name = _rsrmNr
Box.Parent = Main
Box.BackgroundColor3 = Color3.fromRGB(60, 55, 0)
Box.BorderColor3 = Color3.fromRGB(20, 18, 0)
Box.BorderSizePixel = 0
Box.Position = UDim2.new(0.0980926454, 0, 0.218712583, 0)
Box.Size = UDim2.new(0.801089942, 0, 0.364963502, 0)
Box.FontFace = Font.new(_OXfFYk, Enum.FontWeight.Bold, Enum.FontStyle.Normal)
Box.PlaceholderText = _IQavxj
Box.Text = _iJhinS
Box.TextColor3 = Color3.fromRGB(255, 255, 0)
Box.TextScaled = true
Box.TextSize = 31.000
Box.TextWrapped = true
UITextSizeConstraint.Parent = Box
UITextSizeConstraint.MaxTextSize = 31
Label.Name = _nAgrBF
Label.Parent = Main
Label.BackgroundColor3 = Color3.fromRGB(60, 55, 0)
Label.BorderColor3 = Color3.fromRGB(20, 18, 0)
Label.BorderSizePixel = 0
Label.Size = UDim2.new(1, 0, 0.160583943, 0)
Label.FontFace = Font.new(_IkdruH, Enum.FontWeight.Bold, Enum.FontStyle.Normal)
Label.Text = _sJfCFR
Label.TextColor3 = Color3.fromRGB(255, 255, 0)
Label.TextScaled = true
Label.TextSize = 14.000
Label.TextWrapped = true
UITextSizeConstraint_2.Parent = Label
UITextSizeConstraint_2.MaxTextSize = 21
Button.Name = _ztBNsl
Button.Parent = Main
Button.BackgroundColor3 = Color3.fromRGB(60, 55, 0)
Button.BorderColor3 = Color3.fromRGB(20, 18, 0)
Button.BorderSizePixel = 0
Button.Position = UDim2.new(0.183284417, 0, 0.656760991, 0)
Button.Size = UDim2.new(0.629427791, 0, 0.277372271, 0)
Button.Font = Enum.Font.Nunito
Button.Text = _UrLacR
Button.TextColor3 = Color3.fromRGB(255, 255, 0)
Button.TextScaled = true
Button.TextSize = 28.000
Button.TextWrapped = true
UITextSizeConstraint_3.Parent = Button
UITextSizeConstraint_3.MaxTextSize = 28
local Players = game:GetService(_Odrtlk)
local RunService = game:GetService(_HzJHKh)
local LocalPlayer = Players.LocalPlayer
local UserInputService = game:GetService(_EystLO)
local Workspace = game:GetService(_yQJHfk)
local character
local humanoidRootPart
mainStatus = true
UserInputService.InputBegan:Connect(function(input, gameProcessedEvent)
if input.KeyCode == Enum.KeyCode.RightControl and not gameProcessedEvent then
mainStatus = not mainStatus
Main.Visible = mainStatus
end
end)
local Folder = Instance.new(_FdxUQm, Workspace)
local Part = Instance.new(_LcFgQq, Folder)
local Attachment1 = Instance.new(_nWpZyY, Part)
Part.Anchored = true
Part.CanCollide = false
Part.Transparency = 1
if not getgenv().Network then
getgenv().Network = {
BaseParts = {},
Velocity = Vector3.new(14.46262424, 14.46262424, 14.46262424)
}
Network.RetainPart = function(Part)
if Part:IsA(_rasBVu) and Part:IsDescendantOf(Workspace) then
table.insert(Network.BaseParts, Part)
Part.CustomPhysicalProperties = PhysicalProperties.new(0, 0, 0, 0, 0)
Part.CanCollide = false
end
end
local function EnablePartControl()
LocalPlayer.ReplicationFocus = Workspace
RunService.Heartbeat:Connect(function()
sethiddenproperty(LocalPlayer, _PaeUNz, math.huge)
for _, Part in pairs(Network.BaseParts) do
if Part:IsDescendantOf(Workspace) then
Part.Velocity = Network.Velocity
end
end
end)
end
EnablePartControl()
end
local function ForcePart(v)
if v:IsA(_CJfaiq) and not v.Anchored and not v.Parent:FindFirstChildOfClass(_YhdAkU) and not v.Parent:FindFirstChild(_aOoqmf) and v.Name ~= _JOEVDo then
for _, x in ipairs(v:GetChildren()) do
if x:IsA(_NYsefU) or x:IsA(_DhmwTP) then
x:Destroy()
end
end
if v:FindFirstChild(_JsDTMj) then
v:FindFirstChild(_lluMbQ):Destroy()
end
if v:FindFirstChild(_NanoXL) then
v:FindFirstChild(_yCWwkN):Destroy()
end
if v:FindFirstChild(_DpxhjV) then
v:FindFirstChild(_SiveGZ):Destroy()
end
v.CanCollide = false
local Torque = Instance.new(_LIbdyq, v)
Torque.Torque = Vector3.new(100000, 100000, 100000)
local AlignPosition = Instance.new(_jVbciZ, v)
local Attachment2 = Instance.new(_wJPewK, v)
Torque.Attachment0 = Attachment2
AlignPosition.MaxForce = math.huge
AlignPosition.MaxVelocity = math.huge
AlignPosition.Responsiveness = 200
AlignPosition.Attachment0 = Attachment2
AlignPosition.Attachment1 = Attachment1
end
end
local blackHoleActive = false
local DescendantAddedConnection
local function toggleBlackHole()
blackHoleActive = not blackHoleActive
if blackHoleActive then
Button.Text = _sckDWJ
for _, v in ipairs(Workspace:GetDescendants()) do
ForcePart(v)
end
DescendantAddedConnection = Workspace.DescendantAdded:Connect(function(v)
if blackHoleActive then
ForcePart(v)
end
end)
spawn(function()
while blackHoleActive and RunService.RenderStepped:Wait() do
Attachment1.WorldCFrame = humanoidRootPart.CFrame
end
end)
else
Button.Text = _ermher
if DescendantAddedConnection then
DescendantAddedConnection:Disconnect()
end
end
end
local function getPlayer(name)
local lowerName = string.lower(name)
for _, p in pairs(Players:GetPlayers()) do
local lowerPlayer = string.lower(p.Name)
if string.find(lowerPlayer, lowerName) then
return p
elseif string.find(string.lower(p.DisplayName), lowerName) then
return p
end
end
end
local player = nil
local function VDOYZQL_fake_script()
local script = Instance.new(_FiBpPl, Box)
script.Parent.FocusLost:Connect(function(enterPressed)
if enterPressed then
player = getPlayer(Box.Text)
if player then
Box.Text = player.Name
print(_pcGSGZ, player.Name)
else
print(_rOQDEY)
end
end
end)
end
coroutine.wrap(VDOYZQL_fake_script)()
local function JUBNQKI_fake_script()
local script = Instance.new(_gRKZnw, Button)
script.Parent.MouseButton1Click:Connect(function()
if player then
character = player.Character or player.CharacterAdded:Wait()
humanoidRootPart = character:WaitForChild(_MtRRJa)
toggleBlackHole()
else
print(_cdkDCn)
end
end)
end
coroutine.wrap(JUBNQKI_fake_script)()
end
})
TrollTab:AddSection({ _mXzHIm })
TrollTab:AddButton({
Name = _TfkASa,
Description = _XigDaZ,
Callback = function()
local args = {
[1] = {
[1] = 102344834840946,
[2] = 70400527171038,
[3] = 0,
[4] = 0,
[5] = 0,
[6] = 0
}
}
game:GetService(_XmDEwP):WaitForChild(_AWsjZa):WaitForChild(_VgDVyy):InvokeServer(unpack(args))
game:GetService(_Vmtujq):WaitForChild(_UErGMq):WaitForChild(_zQOHBd):InvokeServer(111858803548721)
local allaccessories = {}
for zxcwefwfecas, xcaefwefas in ipairs({
game.Players.LocalPlayer.Character.Humanoid.HumanoidDescription.BackAccessory,
game.Players.LocalPlayer.Character.Humanoid.HumanoidDescription.FaceAccessory,
game.Players.LocalPlayer.Character.Humanoid.HumanoidDescription.FrontAccessory,
game.Players.LocalPlayer.Character.Humanoid.HumanoidDescription.NeckAccessory,
game.Players.LocalPlayer.Character.Humanoid.HumanoidDescription.HatAccessory,
game.Players.LocalPlayer.Character.Humanoid.HumanoidDescription.HairAccessory,
game.Players.LocalPlayer.Character.Humanoid.HumanoidDescription.ShouldersAccessory,
game.Players.LocalPlayer.Character.Humanoid.HumanoidDescription.WaistAccessory,
game.Players.LocalPlayer.Character.Humanoid.HumanoidDescription.GraphicTShirt
}) do
for scacvdfbdb in string.gmatch(xcaefwefas, _gbBUJL) do
table.insert(allaccessories, tonumber(scacvdfbdb))
end
end
wait()
for asdwr,asderg in ipairs(allaccessories) do
task.spawn(function()
game:GetService(_TGHAuK):WaitForChild(_xZCpmE):WaitForChild(_ZSNYwe):InvokeServer(asderg)
print(asderg)
end)
end
end
})
TrollTab:AddSection({ _ibdSSY })
local colors = { _fdwaDs, _jIgmMQ, _gIsBXv, _erPKwm, _KAqudH, _qHybsd, _dxSMgJ }
local rgbEnabled = false
local function changeColor(color)
local args = { color }
game:GetService(_nCvCBQ):WaitForChild(_nKdsCX):WaitForChild(_eCIKZS):FireServer(unpack(args))
end
local function toggleRGBCharacter(enabled)
rgbEnabled = enabled
if rgbEnabled then
while rgbEnabled do
for _, color in ipairs(colors) do
if not rgbEnabled then return end
changeColor(color)
wait(0.5)
end
end
end
end
TrollTab:AddToggle({
Name = _gwdtiC,
Description = _iwMfnw,
Default = false,
Callback = function(value)
toggleRGBCharacter(value)
end
})
TrollTab:AddSection({ _LQSNRS })
local hairColors = {
Color3.new(1, 1, 0), Color3.new(0, 0, 1), Color3.new(1, 0, 1), Color3.new(1, 1, 1),
Color3.new(0, 1, 0), Color3.new(0.5, 0, 1), Color3.new(1, 0.647, 0), Color3.new(0, 1, 1)
}
local isActive = false
local function changeHairColor()
local i = 1
while isActive do
if not isActive then break end
local args = { [1] = _wHIPUs, [2] = hairColors[i] }
game:GetService(_QuHkuV):WaitForChild(_pzvyFk):WaitForChild(_KAqPDW):FireServer(unpack(args))
wait(0.1)
i = i % #hairColors + 1
end
end
TrollTab:AddToggle({
Name = _CSRcDW,
Description = _wBOaCo,
Default = false,
Callback = function(value)
isActive = value
if isActive then
changeHairColor()
end
end
})
TrollTab:AddSection({ _MKyKDR })
TrollTab:AddToggle({
Name = _TrQRqk,
Description = _hLlfma,
Default = false,
Callback = function(Value)
local player = game.Players.LocalPlayer
local connections = {}
local runService = game:GetService(_RZxtyH)
local function preventSitting(humanoid)
if humanoid then
humanoid:SetStateEnabled(Enum.HumanoidStateType.Seated, false)
local sitConnection = humanoid.StateChanged:Connect(function(_, newState)
if newState == Enum.HumanoidStateType.Seated then
humanoid:ChangeState(Enum.HumanoidStateType.GettingUp)
end
end)
table.insert(connections, sitConnection)
end
end
local function monitorCharacter()
local function onCharacterAdded(character)
local humanoid = character:WaitForChild(_JkVuvt)
preventSitting(humanoid)
end
local characterAddedConnection = player.CharacterAdded:Connect(onCharacterAdded)
table.insert(connections, characterAddedConnection)
if player.Character then
onCharacterAdded(player.Character)
end
end
local function resetSitting()
for _, connection in ipairs(connections) do
connection:Disconnect()
end
connections = {}
local humanoid = player.Character and player.Character:FindFirstChildOfClass(_PbDCGS)
if humanoid then
humanoid:SetStateEnabled(Enum.HumanoidStateType.Seated, true)
end
end
if Value then
monitorCharacter()
local heartbeatConnection = runService.Heartbeat:Connect(function()
local humanoid = player.Character and player.Character:FindFirstChildOfClass(_VILfLD)
if humanoid then
humanoid:SetStateEnabled(Enum.HumanoidStateType.Seated, false)
end
end)
table.insert(connections, heartbeatConnection)
else
resetSitting()
end
end
})
local Troll = Window:MakeTab({ Title = _SMdiFH, Icon = _LfTXOl })
local Players = game:GetService(_fJEFCp)
local LocalPlayer = Players.LocalPlayer
local ReplicatedStorage = game:GetService(_pfLFEs)
local VirtualInputManager = game:GetService(_ZWmkQF)
local RunService = game:GetService(_jrklun)
local cam = workspace.CurrentCamera
local selectedPlayerName = nil
local methodKill = nil
getgenv().Target = nil
local Character = LocalPlayer.Character
local Humanoid = Character and Character:WaitForChild(_hYhfRG)
local RootPart = Character and Character:WaitForChild(_Mwnjgx)
local function cleanupCouch()
local char = LocalPlayer.Character
if char then
local couch = char:FindFirstChild(_OkoQKm) or LocalPlayer.Backpack:FindFirstChild(_ZGiEVp)
if couch then
couch:Destroy()
end
end
ReplicatedStorage:WaitForChild(_YYwPfF):WaitForChild(_DPUDUv):FireServer(_TjWDkl)
end
LocalPlayer.CharacterAdded:Connect(function(newCharacter)
Character = newCharacter
Humanoid = newCharacter:WaitForChild(_cxrpOT)
RootPart = newCharacter:WaitForChild(_Rnsaph)
cleanupCouch()
Humanoid.Died:Connect(function()
cleanupCouch()
end)
end)
if Humanoid then
Humanoid.Died:Connect(function()
cleanupCouch()
end)
end
local function KillPlayerCouch()
if not selectedPlayerName then
warn(_KJNawP)
return
end
local target = Players:FindFirstChild(selectedPlayerName)
if not target or not target.Character then
warn(_YVsZQW)
return
end
local char = LocalPlayer.Character
if not char then
warn(_GWpQFM)
return
end
local hum = char:FindFirstChildOfClass(_iTaqcj)
local root = char:FindFirstChild(_pTsEiH)
local tRoot = target.Character and target.Character:FindFirstChild(_lKCfkm)
if not hum or not root or not tRoot then
warn(_LfSbPt)
return
end
local originalPos = root.Position
local sitPos = Vector3.new(145.51, -350.09, 21.58)
ReplicatedStorage:WaitForChild(_FwjHMR):WaitForChild(_LiBMtX):FireServer(_OSzLRL)
task.wait(0.2)
ReplicatedStorage.RE:FindFirstChild(_bhiash):InvokeServer(_JPpuzN, _pdwcar)
task.wait(0.3)
local tool = LocalPlayer.Backpack:FindFirstChild(_meIeDk)
if tool then tool.Parent = char end
task.wait(0.1)
VirtualInputManager:SendKeyEvent(true, Enum.KeyCode.F, false, game)
task.wait(0.1)
hum:SetStateEnabled(Enum.HumanoidStateType.Seated, false)
hum.PlatformStand = false
cam.CameraSubject = target.Character:FindFirstChild(_JGXYnq) or tRoot or hum
local align = Instance.new(_AzCHrY)
align.Name = _fqxqMO
align.MaxForce = Vector3.new(math.huge, math.huge, math.huge)
align.D = 10
align.P = 30000
align.Position = root.Position
align.Parent = tRoot
task.spawn(function()
local angle = 0
local startTime = tick()
while tick() - startTime < 5 and target and target.Character and target.Character:FindFirstChildOfClass(_lVEouM) do
local tHum = target.Character:FindFirstChildOfClass(_anOyop)
if not tHum or tHum.Sit then break end
local hrp = target.Character.HumanoidRootPart
local adjustedPos = hrp.Position + (hrp.Velocity / 1.5)
angle += 50
root.CFrame = CFrame.new(adjustedPos + Vector3.new(0, 2, 0)) * CFrame.Angles(math.rad(angle), 0, 0)
align.Position = root.Position + Vector3.new(2, 0, 0)
task.wait()
end
align:Destroy()
hum:SetStateEnabled(Enum.HumanoidStateType.Seated, true)
hum.PlatformStand = false
cam.CameraSubject = hum
for _, p in pairs(char:GetDescendants()) do
if p:IsA(_IYZPRp) then
p.Velocity = Vector3.zero
p.RotVelocity = Vector3.zero
end
end
task.wait(0.1)
root.CFrame = CFrame.new(sitPos)
task.wait(0.3)
local tool = char:FindFirstChild(_lTxQUf)
if tool then tool.Parent = LocalPlayer.Backpack end
task.wait(0.01)
ReplicatedStorage.RE:FindFirstChild(_DZZwoT):InvokeServer(_rMdbHx, _epDINL)
task.wait(0.2)
root.CFrame = CFrame.new(originalPos)
end)
end
local function BringPlayerLLL()
if not selectedPlayerName then
warn(_inPnJG)
return
end
local target = Players:FindFirstChild(selectedPlayerName)
if not target or not target.Character then
warn(_rNgbjd)
return
end
local char = LocalPlayer.Character
if not char then
warn(_gNdsxK)
return
end
local hum = char:FindFirstChildOfClass(_WWjXNB)
local root = char:FindFirstChild(_qLqijp)
local tRoot = target.Character and target.Character:FindFirstChild(_HudyNk)
if not hum or not root or not tRoot then
warn(_WvSadS)
return
end
local originalPos = root.Position
ReplicatedStorage:WaitForChild(_oFWAHn):WaitForChild(_PRMtbP):FireServer(_ZIfyXo)
task.wait(0.2)
ReplicatedStorage.RE:FindFirstChild(_OiohVR):InvokeServer(_GKjtjO, _DCwaAA)
task.wait(0.3)
local tool = LocalPlayer.Backpack:FindFirstChild(_UXXrIz)
if tool then
tool.Parent = char
end
task.wait(0.1)
VirtualInputManager:SendKeyEvent(true, Enum.KeyCode.F, false, game)
task.wait(0.1)
hum:SetStateEnabled(Enum.HumanoidStateType.Seated, false)
hum.PlatformStand = false
cam.CameraSubject = target.Character:FindFirstChild(_HjyuZf) or tRoot or hum
local align = Instance.new(_TkwJqy)
align.Name = _EYaYOC
align.MaxForce = Vector3.new(math.huge, math.huge, math.huge)
align.D = 10
align.P = 30000
align.Position = root.Position
align.Parent = tRoot
task.spawn(function()
local angle = 0
local startTime = tick()
while tick() - startTime < 5 and target and target.Character and target.Character:FindFirstChildOfClass(_CzdTgc) do
local tHum = target.Character:FindFirstChildOfClass(_aCgrrS)
if not tHum or tHum.Sit then break end
local hrp = target.Character.HumanoidRootPart
local adjustedPos = hrp.Position + (hrp.Velocity / 1.5)
angle += 50
root.CFrame = CFrame.new(adjustedPos + Vector3.new(0, 2, 0)) * CFrame.Angles(math.rad(angle), 0, 0)
align.Position = root.Position + Vector3.new(2, 0, 0)
task.wait()
end
align:Destroy()
hum:SetStateEnabled(Enum.HumanoidStateType.Seated, true)
hum.PlatformStand = false
cam.CameraSubject = hum
for _, p in pairs(char:GetDescendants()) do
if p:IsA(_LgUnJH) then
p.Velocity = Vector3.zero
p.RotVelocity = Vector3.zero
end
end
task.wait(0.1)
root.Anchored = true
root.CFrame = CFrame.new(originalPos)
task.wait(0.001)
root.Anchored = false
task.wait(0.7)
local tool = char:FindFirstChild(_AMPwQh)
if tool then
tool.Parent = LocalPlayer.Backpack
end
task.wait(0.001)
ReplicatedStorage.RE:FindFirstChild(_RtIyRc):InvokeServer(_oWPRjn, _tBcBCU)
end)
end
local function BringWithCouch()
local targetPlayer = Players:FindFirstChild(getgenv().Target)
if not targetPlayer then
warn(_RArLod)
return
end
if not targetPlayer.Character or not targetPlayer.Character:FindFirstChild(_BLMamr) then
warn(_oDWpxM)
return
end
local args = { [1] = _fweTpG }
ReplicatedStorage.RE[_iJwAnc]:FireServer(unpack(args))
local args = { [1] = _WGZhXg, [2] = _XnsmaW }
ReplicatedStorage.RE:FindFirstChild(_qTczJe):InvokeServer(unpack(args))
local couch = LocalPlayer.Backpack:WaitForChild(_CEsdLU, 2)
if not couch then
warn(_LILEAm)
return
end
couch.Name = _XrqLBf
local seat1 = couch:FindFirstChild(_lLztsf)
local seat2 = couch:FindFirstChild(_tVhJSq)
local handle = couch:FindFirstChild(_izyVZG)
if seat1 and seat2 and handle then
seat1.Disabled = true
seat2.Disabled = true
handle.Name = _nCaMET
else
warn(_GkYdZF)
return
end
couch.Parent = LocalPlayer.Character
local tet = Instance.new(_bQHbdy, seat1)
tet.MaxForce = Vector3.new(math.huge, math.huge, math.huge)
tet.P = 1250
tet.Velocity = Vector3.new(0, 0, 0)
tet.Name = _NIZkvv
repeat
for m = 1, 35 do
local pos = { x = 0, y = 0, z = 0 }
local tRoot = targetPlayer.Character and targetPlayer.Character.HumanoidRootPart
if not tRoot then break end
pos.x = tRoot.Position.X + (tRoot.Velocity.X / 2)
pos.y = tRoot.Position.Y + (tRoot.Velocity.Y / 2)
pos.z = tRoot.Position.Z + (tRoot.Velocity.Z / 2)
seat1.CFrame = CFrame.new(Vector3.new(pos.x, pos.y, pos.z)) * CFrame.new(-2, 2, 0)
task.wait()
end
tet:Destroy()
couch.Parent = LocalPlayer.Backpack
task.wait()
couch:FindFirstChild(_JAUraT).Name = _pCRDMN
task.wait(0.2)
couch.Parent = LocalPlayer.Character
task.wait()
couch.Parent = LocalPlayer.Backpack
couch.Handle.Name = _GJuNEd
task.wait(0.2)
couch.Parent = LocalPlayer.Character
tet = Instance.new(_EHIkIa, seat1)
tet.MaxForce = Vector3.new(math.huge, math.huge, math.huge)
tet.P = 1250
tet.Velocity = Vector3.new(0, 0, 0)
tet.Name = _qgcTTy
until targetPlayer.Character and targetPlayer.Character.Humanoid and targetPlayer.Character.Humanoid.Sit == true
task.wait()
tet:Destroy()
couch.Parent = LocalPlayer.Backpack
task.wait()
couch:FindFirstChild(_vRCDcI).Name = _krYWyt
task.wait(0.3)
couch.Parent = LocalPlayer.Character
task.wait(0.3)
couch.Grip = CFrame.new(Vector3.new(0, 0, 0))
task.wait(0.3)
ReplicatedStorage.RE[_HyiOBb]:FireServer(_UfhotI)
end
local function KillWithCouch()
local targetPlayer = Players:FindFirstChild(getgenv().Target)
if not targetPlayer then
warn(_KSoGwh)
return
end
if not targetPlayer.Character or not targetPlayer.Character:FindFirstChild(_vWHAKN) then
warn(_jFhfpA)
return
end
local args = { [1] = _eaTPpR }
ReplicatedStorage.RE[_oJnQOP]:FireServer(unpack(args))
local args = { [1] = _UKuasq, [2] = _dUCYGF }
ReplicatedStorage.RE:FindFirstChild(_GQpVeh):InvokeServer(unpack(args))
local couch = LocalPlayer.Backpack:WaitForChild(_CfECGN, 2)
if not couch then
warn(_GgnfYJ)
return
end
couch.Name = _zBkSCj
local seat1 = couch:FindFirstChild(_vkDYjO)
local seat2 = couch:FindFirstChild(_KbhOvv)
local handle = couch:FindFirstChild(_lMNfqx)
if seat1 and seat2 and handle then
seat1.Disabled = true
seat2.Disabled = true
handle.Name = _nOBYkC
else
warn(_FVpLSB)
return
end
couch.Parent = LocalPlayer.Character
local tet = Instance.new(_kvIvBa, seat1)
tet.MaxForce = Vector3.new(math.huge, math.huge, math.huge)
tet.P = 1250
tet.Velocity = Vector3.new(0, 0, 0)
tet.Name = _ZuSEUZ
repeat
for m = 1, 35 do
local pos = { x = 0, y = 0, z = 0 }
local tRoot = targetPlayer.Character and targetPlayer.Character.HumanoidRootPart
if not tRoot then break end
pos.x = tRoot.Position.X + (tRoot.Velocity.X / 2)
pos.y = tRoot.Position.Y + (tRoot.Velocity.Y / 2)
pos.z = tRoot.Position.Z + (tRoot.Velocity.Z / 2)
seat1.CFrame = CFrame.new(Vector3.new(pos.x, pos.y, pos.z)) * CFrame.new(-2, 2, 0)
task.wait()
end
tet:Destroy()
couch.Parent = LocalPlayer.Backpack
task.wait()
couch:FindFirstChild(_MxdugN).Name = _HQjMeX
task.wait(0.2)
couch.Parent = LocalPlayer.Character
task.wait()
couch.Parent = LocalPlayer.Backpack
couch.Handle.Name = _LKLymP
task.wait(0.2)
couch.Parent = LocalPlayer.Character
tet = Instance.new(_ZfzQKR, seat1)
tet.MaxForce = Vector3.new(math.huge, math.huge, math.huge)
tet.P = 1250
tet.Velocity = Vector3.new(0, 0, 0)
tet.Name = _NIctrv
until targetPlayer.Character and targetPlayer.Character.Humanoid and targetPlayer.Character.Humanoid.Sit == true
task.wait()
couch.Parent = LocalPlayer.Backpack
seat1.CFrame = CFrame.new(Vector3.new(9999, -450, 9999))
seat2.CFrame = CFrame.new(Vector3.new(9999, -450, 9999))
couch.Parent = LocalPlayer.Character
task.wait(0.1)
couch.Parent = LocalPlayer.Backpack
task.wait(2)
local bv = seat1:FindFirstChild(_CJCoce)
if bv then bv:Destroy() end
ReplicatedStorage.RE[_IXiMoP]:FireServer(_TJmshK)
end
local PlayerSection = Troll:AddSection({ Name = _LkBlAY })
local function getPlayerList()
local players = Players:GetPlayers()
local playerNames = {}
for _, player in ipairs(players) do
if player ~= LocalPlayer then
table.insert(playerNames, player.Name)
end
end
return playerNames
end
local killDropdown = Troll:AddDropdown({
Name = _DKDShW,
Options = getPlayerList(),
Default = _ATMsUt,
Callback = function(value)
selectedPlayerName = value
getgenv().Target = value
print(_lizrxo .. tostring(value))
end
})
Troll:AddButton({
Name = _UIIitT,
Callback = function()
local tablePlayers = Players:GetPlayers()
local newPlayers = {}
if killDropdown and #tablePlayers > 0 then
for _, player in ipairs(tablePlayers) do
if player.Name ~= LocalPlayer.Name then
table.insert(newPlayers, player.Name)
end
end
killDropdown:Set(newPlayers)
print(_fYsBfB, table.concat(newPlayers, _sAHMMB))
if selectedPlayerName and not Players:FindFirstChild(selectedPlayerName) then
selectedPlayerName = nil
getgenv().Target = nil
killDropdown:SetValue(_lhtqqo)
print(_LJFztx)
end
else
print(_SgTvLH)
end
end
})
Troll:AddButton({
Name = _yHqgqZ,
Callback = function()
if not selectedPlayerName or not Players:FindFirstChild(selectedPlayerName) then
print(_nHhFJP)
return
end
local character = LocalPlayer.Character
local humanoidRootPart = character and character:FindFirstChild(_KnMFZj)
if not humanoidRootPart then
warn(_SrZlzt)
return
end
local targetPlayer = Players:FindFirstChild(selectedPlayerName)
if targetPlayer and targetPlayer.Character and targetPlayer.Character:FindFirstChild(_spJppC) then
humanoidRootPart.CFrame = targetPlayer.Character.HumanoidRootPart.CFrame
else
print(_dKuTFQ)
end
end
})
Troll:AddToggle({
Name = _hsPRhv,
Default = false,
Callback = function(value)
local Camera = workspace.CurrentCamera
local function UpdateCamera()
if value then
local targetPlayer = Players:FindFirstChild(selectedPlayerName)
if targetPlayer and targetPlayer.Character then
local humanoid = targetPlayer.Character:FindFirstChild(_AIPHpr)
if humanoid then
Camera.CameraSubject = humanoid
end
end
else
if LocalPlayer.Character then
local humanoid = LocalPlayer.Character:FindFirstChild(_bspZBN)
if humanoid then
Camera.CameraSubject = humanoid
end
end
end
end
if value then
if not getgenv().CameraConnection then
getgenv().CameraConnection = RunService.Heartbeat:Connect(UpdateCamera)
end
else
if getgenv().CameraConnection then
getgenv().CameraConnection:Disconnect()
getgenv().CameraConnection = nil
end
UpdateCamera()
end
end
})
local MethodSection = Troll:AddSection({ Name = _bOhNvz })
Troll:AddDropdown({
Name = _vyhvcD,
Options = {_MVeddC, _KnhHIg, _WYmVup},
Default = _FRWPLR,
Callback = function(value)
methodKill = value
print(_vcClbA .. tostring(value))
end
})
Troll:AddButton({
Name = _RbarKq,
Callback = function()
if not selectedPlayerName or not Players:FindFirstChild(selectedPlayerName) then
print(_wvGWTQ)
return
end
if methodKill == _IRUllv then
KillPlayerCouch()
elseif methodKill == _ZPGviJ then
KillWithCouch()
else
local character = LocalPlayer.Character
local humanoidRootPart = character and character:FindFirstChild(_dGYzTd)
if not humanoidRootPart then
warn(_TUxnsA)
return
end
local originalPosition = humanoidRootPart.CFrame
local function GetBus()
local vehicles = game.Workspace:FindFirstChild(_hcPMKM)
if vehicles then
return vehicles:FindFirstChild(LocalPlayer.Name .. _IkRcSt)
end
return nil
end
local bus = GetBus()
if not bus then
humanoidRootPart.CFrame = CFrame.new(1118.81, 75.998, -1138.61)
task.wait(0.5)
local remoteEvent = ReplicatedStorage:FindFirstChild(_YQsYvi)
if remoteEvent and remoteEvent:FindFirstChild(_kmulvz) then
remoteEvent[_bPnEVH]:FireServer(_RPOsXk, _ubYyrg)
end
task.wait(1)
bus = GetBus()
end
if bus then
local seat = bus:FindFirstChild(_XAyKKs) and bus.Body:FindFirstChild(_DFoGis)
if seat and character:FindFirstChildOfClass(_MPpwKC) and not character.Humanoid.Sit then
repeat
humanoidRootPart.CFrame = seat.CFrame * CFrame.new(0, 2, 0)
task.wait()
until character.Humanoid.Sit or not bus.Parent
if character.Humanoid.Sit or not bus.Parent then
for k, v in pairs(bus.Body:GetChildren()) do
if v:IsA(_tWuCth) then
v.CanTouch = false
end
end
end
end
end
local function TrackPlayer()
while true do
if selectedPlayerName then
local targetPlayer = Players:FindFirstChild(selectedPlayerName)
if targetPlayer and targetPlayer.Character and targetPlayer.Character:FindFirstChild(_bpFDbB) then
local targetHumanoid = targetPlayer.Character:FindFirstChildOfClass(_GbNxwz)
if targetHumanoid and targetHumanoid.Sit then
if character.Humanoid then
bus:SetPrimaryPartCFrame(CFrame.new(Vector3.new(9999, -450, 9999)))
print(_fqsAWj)
task.wait(0.2)
local function simulateJump()
local humanoid = character and character:FindFirstChildWhichIsA(_xtqaZT)
if humanoid then
humanoid:ChangeState(Enum.HumanoidStateType.Jumping)
end
end
simulateJump()
print(_sIZnhc)
task.wait(0.5)
humanoidRootPart.CFrame = originalPosition
print(_cUzDnh)
end
break
else
local targetRoot = targetPlayer.Character.HumanoidRootPart
local time = tick() * 35
local lateralOffset = math.sin(time) * 4
local frontBackOffset = math.cos(time) * 20
bus:SetPrimaryPartCFrame(targetRoot.CFrame * CFrame.new(lateralOffset, 0, frontBackOffset))
end
end
end
RunService.RenderStepped:Wait()
end
end
spawn(TrackPlayer)
end
end
})
Troll:AddButton({
Name = _linngZ,
Callback = function()
if not selectedPlayerName or not Players:FindFirstChild(selectedPlayerName) then
print(_JHAINp)
return
end
if methodKill == _hkLrmz then
BringPlayerLLL()
elseif methodKill == _OrQIlF then
BringWithCouch()
else
local character = LocalPlayer.Character
local humanoidRootPart = character and character:FindFirstChild(_VnrAyY)
if not humanoidRootPart then
warn(_HYFLjq)
return
end
local originalPosition = humanoidRootPart.CFrame
local function GetBus()
local vehicles = game.Workspace:FindFirstChild(_DxWXRk)
if vehicles then
return vehicles:FindFirstChild(LocalPlayer.Name .. _SzQSwx)
end
return nil
end
local bus = GetBus()
if not bus then
humanoidRootPart.CFrame = CFrame.new(1118.81, 75.998, -1138.61)
task.wait(0.5)
local remoteEvent = ReplicatedStorage:FindFirstChild(_PuOdid)
if remoteEvent and remoteEvent:FindFirstChild(_LUAfns) then
remoteEvent[_TfvOnf]:FireServer(_YQPHhq, _RrVECi)
end
task.wait(1)
bus = GetBus()
end
if bus then
local seat = bus:FindFirstChild(_BXocsH) and bus.Body:FindFirstChild(_AtkctG)
if seat and character:FindFirstChildOfClass(_dEFMdA) and not character.Humanoid.Sit then
repeat
humanoidRootPart.CFrame = seat.CFrame * CFrame.new(0, 2, 0)
task.wait()
until character.Humanoid.Sit or not bus.Parent
end
end
local function TrackPlayer()
while true do
if selectedPlayerName then
local targetPlayer = Players:FindFirstChild(selectedPlayerName)
if targetPlayer and targetPlayer.Character and targetPlayer.Character:FindFirstChild(_qGiSlW) then
local targetHumanoid = targetPlayer.Character:FindFirstChildOfClass(_JDLAey)
if targetHumanoid and targetHumanoid.Sit then
if character.Humanoid then
bus:SetPrimaryPartCFrame(originalPosition)
task.wait(0.7)
local args = { [1] = _ZliNFg }
ReplicatedStorage.RE:FindFirstChild(_chNHGo):FireServer(unpack(args))
end
break
else
local targetRoot = targetPlayer.Character.HumanoidRootPart
local time = tick() * 35
local lateralOffset = math.sin(time) * 4
local frontBackOffset = math.cos(time) * 20
bus:SetPrimaryPartCFrame(targetRoot.CFrame * CFrame.new(lateralOffset, 0, frontBackOffset))
end
end
end
RunService.RenderStepped:Wait()
end
end
spawn(TrackPlayer)
end
end
})
local function houseBanKill()
if not selectedPlayerName then
print(_eWQXpH)
return
end
local Player = game.Players.LocalPlayer
local Backpack = Player.Backpack
local Character = Player.Character
local Humanoid = Character:FindFirstChildOfClass(_LdLQQj)
local RootPart = Character:FindFirstChild(_PnOlzW)
local Houses = game.Workspace:FindFirstChild(_UxvQga)
local OldPos = RootPart.CFrame
local Angles = 0
local Vehicles = Workspace.Vehicles
local Pos
function Check()
if Player and Character and Humanoid and RootPart and Vehicles then
return true
else
return false
end
end
local selectedPlayer = game.Players:FindFirstChild(selectedPlayerName)
if selectedPlayer and selectedPlayer.Character then
if Check() then
local House = Houses:FindFirstChild(Player.Name .. _wloxck)
if not House then
local EHouse
local availableHouses = {}
for _, Lot in pairs(Houses:GetChildren()) do
if Lot.Name == _pBHeus then
for _, num in pairs(Lot:GetDescendants()) do
if num:IsA(_XvUSYw) and num.Name == _JYisZS and num.Value < 25 and num.Value > 10 then
table.insert(availableHouses, {Lot = Lot, Number = num.Value})
break
end
end
end
end
if #availableHouses > 0 then
local randomHouse = availableHouses[math.random(1, #availableHouses)]
EHouse = randomHouse.Lot
local houseNumber = randomHouse.Number
local BuyDetector = EHouse:FindFirstChild(_JrXZCn)
Pos = BuyDetector.Position
if BuyDetector and BuyDetector:IsA(_vtQeDJ) then
RootPart.CFrame = BuyDetector.CFrame + Vector3.new(0, -6, 0)
task.wait(0.5)
local ClickDetector = BuyDetector:FindFirstChild(_ONZoLd)
if ClickDetector then
fireclickdetector(ClickDetector)
end
end
task.wait(0.5)
local args = {
houseNumber,
_dfwCXf
}
game:GetService(_isHjRA):WaitForChild(_ZLWUhY):WaitForChild(_olioxm):FireServer(unpack(args))
else
print(_iWKTzs)
return
end
end
task.wait(0.5)
local PreHouse = Houses:FindFirstChild(Player.Name .. _ZxBZZi)
if PreHouse then
task.wait(0.5)
local Number
for i, x in pairs(PreHouse:GetDescendants()) do
if x.Name == _agIUGB and x:IsA(_zwHUso) then
Number = x
end
end
task.wait(0.5)
game:GetService(_AzGdEG).RE:FindFirstChild(_TpAnJO):FireServer(_Dffrxz, _eHnZNb, Number.Value)
end
task.wait(0.5)
local PCar = Vehicles:FindFirstChild(Player.Name .. _JvLShe)
if not PCar then
if Check() then
RootPart.CFrame = CFrame.new(1118.81, 75.998, -1138.61)
task.wait(0.5)
game:GetService(_YAgBCH).RE:FindFirstChild(_TAjqAX):FireServer(_ZycHej, _jHybMf)
task.wait(0.5)
local PCar = Vehicles:FindFirstChild(Player.Name .. _uRuffV)
task.wait(0.5)
local Seat = PCar:FindFirstChild(_wmfAZO) and PCar.Body:FindFirstChild(_cZftyx)
if Seat then
repeat
task.wait()
RootPart.CFrame = Seat.CFrame * CFrame.new(0, math.random(-1, 1), 0)
until Humanoid.Sit
end
end
end
task.wait(0.5)
local PCar = Vehicles:FindFirstChild(Player.Name .. _SLkBut)
if PCar then
if not Humanoid.Sit then
local Seat = PCar:FindFirstChild(_tiUuDt) and PCar.Body:FindFirstChild(_ymwSwB)
if Seat then
repeat
task.wait()
RootPart.CFrame = Seat.CFrame * CFrame.new(0, math.random(-1, 1), 0)
until Humanoid.Sit
end
end
local Target = selectedPlayer
local TargetC = Target.Character
local TargetH = TargetC:FindFirstChildOfClass(_WxEECy)
local TargetRP = TargetC:FindFirstChild(_RGcDlX)
if TargetC and TargetH and TargetRP then
if not TargetH.Sit then
while not TargetH.Sit do
task.wait()
local Fling = function(alvo, pos, angulo)
PCar:SetPrimaryPartCFrame(CFrame.new(alvo.Position) * pos * angulo)
end
Angles = Angles + 100
Fling(TargetRP, CFrame.new(0, 1.5, 0) + TargetH.MoveDirection * TargetRP.Velocity.Magnitude / 1.10, CFrame.Angles(math.rad(Angles), 0, 0))
Fling(TargetRP, CFrame.new(0, -1.5, 0) + TargetH.MoveDirection * TargetRP.Velocity.Magnitude / 1.10, CFrame.Angles(math.rad(Angles), 0, 0))
Fling(TargetRP, CFrame.new(2.25, 1.5, -2.25) + TargetH.MoveDirection * TargetRP.Velocity.Magnitude / 1.10, CFrame.Angles(math.rad(Angles), 0, 0))
Fling(TargetRP, CFrame.new(-2.25, -1.5, 2.25) + TargetH.MoveDirection * TargetRP.Velocity.Magnitude / 1.10, CFrame.Angles(math.rad(Angles), 0, 0))
Fling(TargetRP, CFrame.new(0, 1.5, 0) + TargetH.MoveDirection * TargetRP.Velocity.Magnitude / 1.10, CFrame.Angles(math.rad(Angles), 0, 0))
Fling(TargetRP, CFrame.new(0, -1.5, 0) + TargetH.MoveDirection * TargetRP.Velocity.Magnitude / 1.10, CFrame.Angles(math.rad(Angles), 0, 0))
end
task.wait(0.2)
local House = Houses:FindFirstChild(Player.Name .. _EKwmtw)
PCar:SetPrimaryPartCFrame(CFrame.new(House.HouseSpawnPosition.Position))
task.wait(0.2)
local pedro = Region3.new(game.Players.LocalPlayer.Character.HumanoidRootPart.Position - Vector3.new(30, 30, 30), game.Players.LocalPlayer.Character.HumanoidRootPart.Position + Vector3.new(30, 30, 30))
local a = workspace:FindPartsInRegion3(pedro, game.Players.LocalPlayer.Character.HumanoidRootPart, math.huge)
for i, v in pairs(a) do
if v.Name == _WdVcfT then
local b = game:GetService(_unEiin):FindFirstChild(v.Parent.Name)
local args = {
[1] = _MdVnWX,
[2] = b,
[3] = v.Parent
}
game:GetService(_lJrEXc).RE:FindFirstChild(_ZANuPW):FireServer(unpack(args))
local args = {
[1] = _IEViaz
}
game:GetService(_hgucPX).RE:FindFirstChild(_rNfzdf):FireServer(unpack(args))
end
end
end
end
end
end
end
end
Troll:AddButton({
Name = _HZCwhE,
Callback = houseBanKill
})
local Players = game:GetService(_eRyxqs)
local LocalPlayer = Players.LocalPlayer
local cam = workspace.CurrentCamera
local currentPlayers, selectedPlayer = {}, nil
local viewing = false
local flingActive = false
Troll:AddToggle({
Name = _sktjEv,
Default = false,
Callback = function(state)
flingActive = state
if state and selectedPlayerName then
local target = Players:FindFirstChild(selectedPlayerName)
if not target or not target.Character then return end
local root = LocalPlayer.Character and LocalPlayer.Character:FindFirstChild(_DjAPCP)
local tRoot = target.Character and target.Character:FindFirstChild(_XNzENQ)
if not root or not tRoot then return end
local char = LocalPlayer.Character
local hum = char:FindFirstChildOfClass(_SMychv)
local original = root.CFrame
local args = {
_KGcFwP
}
game:GetService(_XEvvhf):WaitForChild(_ZYWEGb):WaitForChild(_HKZASG):FireServer(unpack(args))
task.wait(0.2)
local args = {
[1] = _eHtoCA,
[2] = _iphlsb
}
game:GetService(_FlQmoW).RE:FindFirstChild(_xDylFK):InvokeServer(unpack(args))
task.wait(0.3)
local tool = LocalPlayer.Backpack:FindFirstChild(_kABpiq)
if tool then
tool.Parent = char
end
task.wait(0.2)
game:GetService(_BeRaUI):SendKeyEvent(true, Enum.KeyCode.F, false, game)
task.wait(0.25)
workspace.FallenPartsDestroyHeight = 0/0
local bv = Instance.new(_rBFiQl)
bv.Name = _pkGxLM
bv.Velocity = Vector3.new(9e8, 9e8, 9e8)
bv.MaxForce = Vector3.new(1/0, 1/0, 1/0)
bv.Parent = root
hum:SetStateEnabled(Enum.HumanoidStateType.Seated, false)
hum.PlatformStand = false
cam.CameraSubject = target.Character:FindFirstChild(_YMQoYS) or tRoot or hum
task.spawn(function()
local angle = 0
local parts = {root}
while flingActive and target and target.Character and target.Character:FindFirstChildOfClass(_aDfoNI) do
local tHum = target.Character:FindFirstChildOfClass(_QMfIOb)
if tHum.Sit then break end
angle += 50
for _, part in ipairs(parts) do
local pos_x = target.Character.HumanoidRootPart.Position.X
local pos_y = target.Character.HumanoidRootPart.Position.Y
local pos_z = target.Character.HumanoidRootPart.Position.Z
pos_x = pos_x + (target.Character.HumanoidRootPart.Velocity.X / 1.5)
pos_y = pos_y + (target.Character.HumanoidRootPart.Velocity.Y / 1.5)
pos_z = pos_z + (target.Character.HumanoidRootPart.Velocity.Z / 1.5)
root.CFrame = CFrame.new(pos_x, pos_y, pos_z) * CFrame.Angles(math.rad(angle), 0, 0)
end
root.Velocity = Vector3.new(9e8, 9e8, 9e8)
root.RotVelocity = Vector3.new(9e8, 9e8, 9e8)
task.wait()
end
flingActive = false
bv:Destroy()
hum:SetStateEnabled(Enum.HumanoidStateType.Seated, true)
hum.PlatformStand = false
root.CFrame = original
cam.CameraSubject = hum
for _, p in pairs(char:GetDescendants()) do
if p:IsA(_BIYeGg) then
p.Velocity = Vector3.zero
p.RotVelocity = Vector3.zero
end
end
hum:UnequipTools()
game:GetService(_RklBYd).RE:FindFirstChild(_GjPiTU):InvokeServer(unpack(args))
end)
end
end
})
local function FlingBall(target)
local players = game:GetService(_tSDGBt)
local player = players.LocalPlayer
local character = player.Character or player.CharacterAdded:Wait()
local humanoid = character:WaitForChild(_vjAMcV)
local hrp = character:WaitForChild(_FpILDI)
local backpack = player:WaitForChild(_JXEPzq)
local ServerBalls = workspace.WorkspaceCom:WaitForChild(_VhtrYR)
local function GetBall()
if not backpack:FindFirstChild(_bOtUkt) then
game:GetService(_EtItEv).RE:FindFirstChild(_UVLuDe):InvokeServer(_BJAlvJ, _JEoTUe)
end
repeat task.wait() until backpack:FindFirstChild(_xlCEZO)
backpack.SoccerBall.Parent = character
repeat task.wait() until ServerBalls:FindFirstChild(_eXQbvt .. player.Name)
character.SoccerBall.Parent = backpack
return ServerBalls:FindFirstChild(_lQZnpT .. player.Name)
end
local Ball = ServerBalls:FindFirstChild(_uTtUqN .. player.Name) or GetBall()
Ball.CanCollide = false
Ball.Massless = true
Ball.CustomPhysicalProperties = PhysicalProperties.new(0.0001, 0, 0)
if target ~= player then
local tchar = target.Character
if tchar and tchar:FindFirstChild(_EIXJwg) and tchar:FindFirstChild(_BaPzZP) then
local troot = tchar.HumanoidRootPart
local thum = tchar.Humanoid
if Ball:FindFirstChildWhichIsA(_vmUGTJ) then
Ball:FindFirstChildWhichIsA(_BZFwwz):Destroy()
end
local bv = Instance.new(_uEfwyk)
bv.Name = _XVBiWi
bv.Velocity = Vector3.new(9e8, 9e8, 9e8)
bv.MaxForce = Vector3.new(math.huge, math.huge, math.huge)
bv.P = 9e900
bv.Parent = Ball
workspace.CurrentCamera.CameraSubject = thum
local StartTime = os.time()
repeat
if troot.Velocity.Magnitude > 0 then
local pos_x = troot.Position.X + (troot.Velocity.X / 1.5)
local pos_y = troot.Position.Y + (troot.Velocity.Y / 1.5)
local pos_z = troot.Position.Z + (troot.Velocity.Z / 1.5)
local position = Vector3.new(pos_x, pos_y, pos_z)
Ball.CFrame = CFrame.new(position)
Ball.Orientation += Vector3.new(45, 60, 30)
else
for i, v in pairs(tchar:GetChildren()) do
if v:IsA(_cUOjvS) and v.CanCollide and not v.Anchored then
Ball.CFrame = v.CFrame
task.wait(1/6000)
end
end
end
task.wait(1/6000)
until troot.Velocity.Magnitude > 1000 or thum.Health <= 0 or not tchar:IsDescendantOf(workspace) or target.Parent ~= players
workspace.CurrentCamera.CameraSubject = humanoid
end
end
end
Troll:AddButton({
Name = _ibRCFk,
Callback = function()
FlingBall(game:GetService(_cNXPNd)[selectedPlayerName])
end
})
local Players = game:GetService(_DWmadA)
local lplayer = Players.LocalPlayer
local function isItemInInventory(itemName)
for _, item in pairs(lplayer.Backpack:GetChildren()) do
if item.Name == itemName then
return true
end
end
return false
end
local function equipItem(itemName)
local item = lplayer.Backpack:FindFirstChild(itemName)
if item then
lplayer.Character.Humanoid:EquipTool(item)
end
end
local function unequipItem(itemName)
local item = lplayer.Character:FindFirstChild(itemName)
if item then
item.Parent = lplayer.Backpack
end
end
local function ActiveAutoFling(targetPlayer)
if not isItemInInventory(_rcHzjm) then
local args = { [1] = _dowDkj, [2] = _hvPkfc }
game:GetService(_gVUOYO).RE:FindFirstChild(_VmnJpP):InvokeServer(unpack(args))
end
equipItem(_IIHgJC)
getgenv().flingloop = true
while getgenv().flingloop do
local function flingloopfix()
local Players = game:GetService(_NiRBsz)
local Player = Players.LocalPlayer
local AllBool = false
local SkidFling = function(TargetPlayer)
local Character = Player.Character
local Humanoid = Character and Character:FindFirstChildOfClass(_UtJhnk)
local RootPart = Humanoid and Humanoid.RootPart
local TCharacter = TargetPlayer.Character
local THumanoid, TRootPart, THead, Accessory, Handle
if TCharacter:FindFirstChildOfClass(_UiZIwj) then
THumanoid = TCharacter:FindFirstChildOfClass(_OdRdru)
end
if THumanoid and THumanoid.RootPart then
TRootPart = THumanoid.RootPart
end
if TCharacter:FindFirstChild(_UBjRqC) then
THead = TCharacter.Head
end
if TCharacter:FindFirstChildOfClass(_tuDqeE) then
Accessory = TCharacter:FindFirstChildOfClass(_NmStAm)
end
if Accessory and Accessory:FindFirstChild(_OsuNMD) then
Handle = Accessory.Handle
end
if Character and Humanoid and RootPart then
if RootPart.Velocity.Magnitude < 50 then
getgenv().OldPos = RootPart.CFrame
end
if THumanoid and THumanoid.Sit and not AllBool then
unequipItem(_pCKWLd)
getgenv().flingloop = false
return
end
if THead then
workspace.CurrentCamera.CameraSubject = THead
elseif not THead and Handle then
workspace.CurrentCamera.CameraSubject = Handle
elseif THumanoid and TRootPart then
workspace.CurrentCamera.CameraSubject = THumanoid
end
if not TCharacter:FindFirstChildWhichIsA(_oyPyqX) then
return
end
local FPos = function(BasePart, Pos, Ang)
RootPart.CFrame = CFrame.new(BasePart.Position) * Pos * Ang
Character:SetPrimaryPartCFrame(CFrame.new(BasePart.Position) * Pos * Ang)
RootPart.Velocity = Vector3.new(9e7, 9e7 * 10, 9e7)
RootPart.RotVelocity = Vector3.new(9e8, 9e8, 9e8)
end
local SFBasePart = function(BasePart)
local TimeToWait = 2
local Time = tick()
local Angle = 0
repeat
if RootPart and THumanoid then
if BasePart.Velocity.Magnitude < 50 then
Angle = Angle + 100
FPos(BasePart, CFrame.new(0, 1.5, 0) + THumanoid.MoveDirection * BasePart.Velocity.Magnitude / 1.25, CFrame.Angles(math.rad(Angle), 0, 0))
task.wait()
FPos(BasePart, CFrame.new(0, -1.5, 0) + THumanoid.MoveDirection * BasePart.Velocity.Magnitude / 1.25, CFrame.Angles(math.rad(Angle), 0, 0))
task.wait()
FPos(BasePart, CFrame.new(2.25, 1.5, -2.25) + THumanoid.MoveDirection * BasePart.Velocity.Magnitude / 1.25, CFrame.Angles(math.rad(Angle), 0, 0))
task.wait()
FPos(BasePart, CFrame.new(-2.25, -1.5, 2.25) + THumanoid.MoveDirection * BasePart.Velocity.Magnitude / 1.25, CFrame.Angles(math.rad(Angle), 0, 0))
task.wait()
FPos(BasePart, CFrame.new(0, 1.5, 0) + THumanoid.MoveDirection, CFrame.Angles(math.rad(Angle), 0, 0))
task.wait()
FPos(BasePart, CFrame.new(0, -1.5, 0) + THumanoid.MoveDirection, CFrame.Angles(math.rad(Angle), 0, 0))
task.wait()
else
FPos(BasePart, CFrame.new(0, 1.5, THumanoid.WalkSpeed), CFrame.Angles(math.rad(90), 0, 0))
task.wait()
FPos(BasePart, CFrame.new(0, -1.5, -THumanoid.WalkSpeed), CFrame.Angles(0, 0, 0))
task.wait()
FPos(BasePart, CFrame.new(0, 1.5, THumanoid.WalkSpeed), CFrame.Angles(math.rad(90), 0, 0))
task.wait()
FPos(BasePart, CFrame.new(0, 1.5, TRootPart.Velocity.Magnitude / 1.25), CFrame.Angles(math.rad(90), 0, 0))
task.wait()
FPos(BasePart, CFrame.new(0, -1.5, -TRootPart.Velocity.Magnitude / 1.25), CFrame.Angles(0, 0, 0))
task.wait()
FPos(BasePart, CFrame.new(0, 1.5, TRootPart.Velocity.Magnitude / 1.25), CFrame.Angles(math.rad(90), 0, 0))
task.wait()
FPos(BasePart, CFrame.new(0, -1.5, 0), CFrame.Angles(math.rad(90), 0, 0))
task.wait()
FPos(BasePart, CFrame.new(0, -1.5, 0), CFrame.Angles(0, 0, 0))
task.wait()
FPos(BasePart, CFrame.new(0, -1.5, 0), CFrame.Angles(math.rad(-90), 0, 0))
task.wait()
FPos(BasePart, CFrame.new(0, -1.5, 0), CFrame.Angles(0, 0, 0))
task.wait()
end
else
break
end
until BasePart.Velocity.Magnitude > 500 or BasePart.Parent ~= TargetPlayer.Character or TargetPlayer.Parent ~= Players or not TargetPlayer.Character == TCharacter or THumanoid.Sit or Humanoid.Health <= 0 or tick() > Time + TimeToWait or getgenv().flingloop == false
end
workspace.FallenPartsDestroyHeight = 0/0
local BV = Instance.new(_sWVHMu)
BV.Name = _AmaTWo
BV.Parent = RootPart
BV.Velocity = Vector3.new(9e8, 9e8, 9e8)
BV.MaxForce = Vector3.new(1/0, 1/0, 1/0)
Humanoid:SetStateEnabled(Enum.HumanoidStateType.Seated, false)
if TRootPart and THead then
if (TRootPart.CFrame.p - THead.CFrame.p).Magnitude > 5 then
SFBasePart(THead)
else
SFBasePart(TRootPart)
end
elseif TRootPart and not THead then
SFBasePart(TRootPart)
elseif not TRootPart and THead then
SFBasePart(THead)
elseif not TRootPart and not THead and Accessory and Handle then
SFBasePart(Handle)
end
BV:Destroy()
Humanoid:SetStateEnabled(Enum.HumanoidStateType.Seated, true)
workspace.CurrentCamera.CameraSubject = Humanoid
repeat
RootPart.CFrame = getgenv().OldPos * CFrame.new(0, .5, 0)
Character:SetPrimaryPartCFrame(getgenv().OldPos * CFrame.new(0, .5, 0))
Humanoid:ChangeState(_wFOnYk)
table.foreach(Character:GetChildren(), function(_, x)
if x:IsA(_nXPuhA) then
x.Velocity, x.RotVelocity = Vector3.new(), Vector3.new()
end
end)
task.wait()
until (RootPart.Position - getgenv().OldPos.p).Magnitude < 25
workspace.FallenPartsDestroyHeight = getgenv().FPDH
end
end
if AllBool then
for _, x in next, Players:GetPlayers() do
SkidFling(x)
end
end
if targetPlayer then
SkidFling(targetPlayer)
end
task.wait()
end
wait()
pcall(flingloopfix)
end
end
local kill = Troll:AddSection({Name = _AVrAmW})
Troll:AddButton({
Name = _TpnoSI,
Callback = function()
if not selectedPlayerName or not game.Players:FindFirstChild(selectedPlayerName) then
warn(_chhadA)
return
end
local Player = game.Players.LocalPlayer
local Character = Player.Character
local Humanoid = Character and Character:FindFirstChildOfClass(_nubImQ)
local RootPart = Character and Character:FindFirstChild(_ogdKrI)
local Vehicles = game.Workspace:FindFirstChild(_GIryxi)
if not Humanoid or not RootPart then
warn(_aYkGYW)
return
end
local function spawnBoat()
RootPart.CFrame = CFrame.new(1754, -2, 58)
task.wait(0.5)
game:GetService(_UFamre).RE:FindFirstChild(_ionIXd):FireServer(_ylyocQ, _apmkGR)
task.wait(1)
return Vehicles:FindFirstChild(Player.Name.._sUNCFn)
end
local PCar = Vehicles:FindFirstChild(Player.Name.._QCnrvL) or spawnBoat()
if not PCar then
warn(_TNzkOJ)
return
end
local Seat = PCar:FindFirstChild(_yZctfv) and PCar.Body:FindFirstChild(_DcSEgQ)
if not Seat then
warn(_BhjeUS)
return
end
repeat
task.wait(0.1)
RootPart.CFrame = Seat.CFrame * CFrame.new(0, 1, 0)
until Humanoid.SeatPart == Seat
print(_LGeQqO)
local TargetPlayer = game.Players:FindFirstChild(selectedPlayerName)
if not TargetPlayer or not TargetPlayer.Character then
warn(_iHBWlf)
return
end
local TargetC = TargetPlayer.Character
local TargetH = TargetC:FindFirstChildOfClass(_gMcFDZ)
local TargetRP = TargetC:FindFirstChild(_AWVLin)
if not TargetRP or not TargetH then
warn(_KvUgNi)
return
end
local Spin = Instance.new(_ptRGyc)
Spin.Name = _xThBUe
Spin.Parent = PCar.PrimaryPart
Spin.MaxTorque = Vector3.new(0, math.huge, 0)
Spin.AngularVelocity = Vector3.new(0, 369, 0)
print(_xcyHWm)
local function moveCar(TargetRP, offset)
if PCar and PCar.PrimaryPart then
PCar:SetPrimaryPartCFrame(CFrame.new(TargetRP.Position + offset))
end
end
task.spawn(function()
while PCar and PCar.Parent and TargetRP and TargetRP.Parent do
task.wait(0.01)
moveCar(TargetRP, Vector3.new(0, 1, 0))
moveCar(TargetRP, Vector3.new(0, -2.25, 5))
moveCar(TargetRP, Vector3.new(0, 2.25, 0.25))
moveCar(TargetRP, Vector3.new(-2.25, -1.5, 2.25))
moveCar(TargetRP, Vector3.new(0, 1.5, 0))
moveCar(TargetRP, Vector3.new(0, -1.5, 0))
if PCar and PCar.PrimaryPart then
local Rotation = CFrame.Angles(
math.rad(math.random(-369, 369)),
math.rad(math.random(-369, 369)),
math.rad(math.random(-369, 369))
)
PCar:SetPrimaryPartCFrame(CFrame.new(TargetRP.Position + Vector3.new(0, 1.5, 0)) * Rotation)
end
end
if Spin and Spin.Parent then
Spin:Destroy()
print(_AdHaEt)
end
end)
end
})
print(_TpvhzK)
Troll:AddButton({
Name = _EtyczK,
Callback = function()
local Player = game.Players.LocalPlayer
local Character = Player.Character
local RootPart = Character and Character:FindFirstChild(_VtuOjX)
local Humanoid = Character and Character:FindFirstChildOfClass(_cnRCBM)
local Vehicles = game.Workspace:FindFirstChild(_jTDAFd)
if not RootPart or not Humanoid then
warn(_mUhVSB)
return
end
Humanoid.PlatformStand = true
print(_lvhDUu)
for _, obj in pairs(RootPart:GetChildren()) do
if obj:IsA(_WVFEOs) or obj:IsA(_nAbZtd) then
obj:Destroy()
end
end
print(_UFKmEH)
game:GetService(_LmSUiY).RE:FindFirstChild(_eRsrus):FireServer(_vZdKLS)
task.wait(0.5)
local PCar = Vehicles and Vehicles:FindFirstChild(Player.Name.._sqrAgb)
if PCar and PCar.PrimaryPart then
for _, obj in pairs(PCar.PrimaryPart:GetChildren()) do
if obj:IsA(_CoAShT) or obj:IsA(_hzTTeN) then
obj:Destroy()
end
end
print(_faWbvJ)
end
task.wait(1)
local safePos = Vector3.new(0, 1000, 0)
local bp = Instance.new(_ZXvmBJ, RootPart)
bp.Position = safePos
bp.MaxForce = Vector3.new(math.huge, math.huge, math.huge)
local bg = Instance.new(_hBWccR, RootPart)
bg.CFrame = RootPart.CFrame
bg.MaxTorque = Vector3.new(math.huge, math.huge, math.huge)
print(_bTydWH)
task.wait(3)
bp:Destroy()
bg:Destroy()
Humanoid.PlatformStand = false
print(_POknbC)
end
})
local kill = Troll:AddSection({Name = _YDlZbn})
Troll:AddButton({
Name = _erjgcz,
Description = _KhxmMG,
Callback = function()
local Players = game:GetService(_vFSPxO)
local Workspace = game:GetService(_KXPwbC)
local RunService = game:GetService(_xApIgI)
local UserInputService = game:GetService(_NBhfyv)
local LocalPlayer = Players.LocalPlayer
local Character = LocalPlayer.Character or LocalPlayer.CharacterAdded:Wait()
local HRP = Character:WaitForChild(_ldHDUP)
local BlackHole = Instance.new(_UCLYZp)
BlackHole.Size = Vector3.new(100000, 100000, 100000)
BlackHole.Transparency = 1
BlackHole.Anchored = true
BlackHole.CanCollide = false
BlackHole.Name = _CWulld
BlackHole.Parent = Workspace
local baseAttachment = Instance.new(_pfbHdp)
baseAttachment.Name = _oQcNpQ
baseAttachment.Parent = BlackHole
RunService.Heartbeat:Connect(function()
BlackHole.CFrame = HRP.CFrame
end)
local ControlledDoors = {}
local function SetupPart(part)
if not part:IsA(_ymQIYn) or part.Anchored or not string.find(part.Name, _kzvizI) then return end
if part:FindFirstChild(_phcMAz) then return end
part.CanCollide = false
for _, obj in ipairs(part:GetChildren()) do
if obj:IsA(_poHMcv) or obj:IsA(_uNkeMF) or obj:IsA(_gjucQq) then
obj:Destroy()
end
end
local marker = Instance.new(_OhFZez, part)
marker.Name = _YizKqg
local a1 = Instance.new(_cJraWH, part)
local align = Instance.new(_PuxgZI, part)
align.Attachment0 = a1
align.Attachment1 = baseAttachment
align.MaxForce = 1e20
align.MaxVelocity = math.huge
align.Responsiveness = 99999
local torque = Instance.new(_JLhVEo, part)
torque.Attachment0 = a1
torque.RelativeTo = Enum.ActuatorRelativeTo.World
torque.Torque = Vector3.new(
math.random(-10e5, 10e5) * 10000,
math.random(-10e5, 10e5) * 10000,
math.random(-10e5, 10e5) * 10000
)
table.insert(ControlledDoors, {Part = part, Align = align})
end
for _, obj in ipairs(Workspace:GetDescendants()) do
if obj:IsA(_tyMqxo) and string.find(obj.Name, _eOWQGg) then
SetupPart(obj)
end
end
Workspace.DescendantAdded:Connect(function(obj)
if obj:IsA(_nnNItQ) and string.find(obj.Name, _UAHtsV) then
SetupPart(obj)
end
end)
local function FlingPlayer(player)
local char = player.Character
if not char then return end
local targetHRP = char:FindFirstChild(_BkpLPJ)
if not targetHRP then return end
local targetAttachment = targetHRP:FindFirstChild(_WjUqsF)
if not targetAttachment then
targetAttachment = Instance.new(_VsbuMY, targetHRP)
targetAttachment.Name = _FIgJef
end
for _, data in ipairs(ControlledDoors) do
if data.Align then
data.Align.Attachment1 = targetAttachment
end
end
local start = tick()
local flingDetected = false
while tick() - start < 5 do
if targetHRP.Velocity.Magnitude >= 20 then
flingDetected = true
break
end
RunService.Heartbeat:Wait()
end
for _, data in ipairs(ControlledDoors) do
if data.Align then
data.Align.Attachment1 = baseAttachment
end
end
end
UserInputService.TouchTap:Connect(function(touchPositions, processed)
if processed then return end
local pos = touchPositions[1]
local camera = Workspace.CurrentCamera
local unitRay = camera:ScreenPointToRay(pos.X, pos.Y)
local raycast = Workspace:Raycast(unitRay.Origin, unitRay.Direction * 1000)
if raycast and raycast.Instance then
local hit = raycast.Instance
local player = Players:GetPlayerFromCharacter(hit:FindFirstAncestorOfClass(_weQmVM))
if player and player ~= LocalPlayer then
FlingPlayer(player)
end
end
end)
end
})
Troll:AddButton({
Name = _dCYlRY,
Callback = function()
local jogadores = game:GetService(_vzzUXn)
local rep = game:GetService(_nKJhAw)
local entrada = game:GetService(_CtKjRg)
local eu = jogadores.LocalPlayer
local cam = workspace.CurrentCamera
local podeClicar = true
local ferramentaEquipada = false
local NOME_FERRAMENTA = _TjLWLt
local mochila = eu:WaitForChild(_ZJLOot)
if not mochila:FindFirstChild(NOME_FERRAMENTA) and not (eu.Character and eu.Character:FindFirstChild(NOME_FERRAMENTA)) then
local ferramenta = Instance.new(_tEKpfJ)
ferramenta.Name = NOME_FERRAMENTA
ferramenta.RequiresHandle = false
ferramenta.CanBeDropped = false
ferramenta.Equipped:Connect(function()
ferramentaEquipada = true
end)
ferramenta.Unequipped:Connect(function()
ferramentaEquipada = false
end)
ferramenta.Parent = mochila
end
local function jogarComSofa(alvo)
if not ferramentaEquipada then return end
if not alvo or not alvo.Character or alvo == eu then return end
local jogando = true
local raiz = eu.Character and eu.Character:FindFirstChild(_cjuyCX)
local alvoRaiz = alvo.Character and alvo.Character:FindFirstChild(_NymRdF)
if not raiz or not alvoRaiz then return end
local boneco = eu.Character
local humano = boneco:FindFirstChildOfClass(_WetzTi)
local posOriginal = raiz.CFrame
rep:WaitForChild(_tFBicx):WaitForChild(_dxvCcE):FireServer(_UMhVAk)
task.wait(0.2)
rep.RE:FindFirstChild(_Thdcue):InvokeServer(_TzdKkQ, _kSmNLm)
task.wait(0.3)
local sofa = eu.Backpack:FindFirstChild(_koTIBW)
if sofa then
sofa.Parent = boneco
end
task.wait(0.1)
game:GetService(_zWNwEn):SendKeyEvent(true, Enum.KeyCode.F, false, game)
task.wait(0.25)
workspace.FallenPartsDestroyHeight = 0/0
local forca = Instance.new(_sQCtcg)
forca.Name = _YtEAZb
forca.Velocity = Vector3.new(9e8, 9e8, 9e8)
forca.MaxForce = Vector3.new(math.huge, math.huge, math.huge)
forca.Parent = raiz
humano:SetStateEnabled(Enum.HumanoidStateType.Seated, false)
humano.PlatformStand = false
cam.CameraSubject = alvo.Character:FindFirstChild(_EqPumH) or alvoRaiz or humano
task.spawn(function()
local angulo = 0
local partes = {raiz}
while jogando and alvo and alvo.Character and alvo.Character:FindFirstChildOfClass(_XZMTqS) do
local alvoHum = alvo.Character:FindFirstChildOfClass(_VEvlBT)
if alvoHum.Sit then break end
angulo += 50
for _, parte in ipairs(partes) do
local hrp = alvo.Character.HumanoidRootPart
local pos = hrp.Position + hrp.Velocity / 1.5
raiz.CFrame = CFrame.new(pos) * CFrame.Angles(math.rad(angulo), 0, 0)
end
raiz.Velocity = Vector3.new(9e8, 9e8, 9e8)
raiz.RotVelocity = Vector3.new(9e8, 9e8, 9e8)
task.wait()
end
jogando = false
forca:Destroy()
humano:SetStateEnabled(Enum.HumanoidStateType.Seated, true)
humano.PlatformStand = false
raiz.CFrame = posOriginal
cam.CameraSubject = humano
for _, p in pairs(boneco:GetDescendants()) do
if p:IsA(_nqvvET) then
p.Velocity = Vector3.zero
p.RotVelocity = Vector3.zero
end
end
humano:UnequipTools()
rep.RE:FindFirstChild(_SyoaNJ):InvokeServer(_fOqNuP, _xNcbbG)
end)
while jogando do
task.wait()
end
end
entrada.TouchTap:Connect(function(toques, processado)
if processado or not podeClicar or not ferramentaEquipada then return end
local pos = toques[1]
local raio = cam:ScreenPointToRay(pos.X, pos.Y)
local acerto = workspace:Raycast(raio.Origin, raio.Direction * 1000)
if acerto and acerto.Instance then
local alvo = jogadores:GetPlayerFromCharacter(acerto.Instance:FindFirstAncestorOfClass(_WrplyX))
if alvo and alvo ~= eu then
podeClicar = false
jogarComSofa(alvo)
task.delay(2, function()
podeClicar = true
end)
end
end
end)
end
})
Troll:AddButton({
Name = _eMsZNT,
Callback = function()
local jogadores = game:GetService(_ZIdZij)
local rep = game:GetService(_QBjvip)
local mundo = game:GetService(_lzXJpq)
local entrada = game:GetService(_NHyKTz)
local cam = mundo.CurrentCamera
local eu = jogadores.LocalPlayer
local NOME_FERRAMENTA = _dAwOpG
local ferramentaEquipada = false
local mochila = eu:WaitForChild(_osXuKP)
if not mochila:FindFirstChild(NOME_FERRAMENTA) then
local ferramenta = Instance.new(_lboOxL)
ferramenta.Name = NOME_FERRAMENTA
ferramenta.RequiresHandle = false
ferramenta.CanBeDropped = false
ferramenta.Equipped:Connect(function()
ferramentaEquipada = true
end)
ferramenta.Unequipped:Connect(function()
ferramentaEquipada = false
end)
ferramenta.Parent = mochila
end
local function FlingBall(target)
local players = game:GetService(_aborDn)
local player = players.LocalPlayer
local character = player.Character or player.CharacterAdded:Wait()
local humanoid = character:WaitForChild(_FVeJVz)
local hrp = character:WaitForChild(_zfPnCF)
local backpack = player:WaitForChild(_moiXfM)
local ServerBalls = workspace.WorkspaceCom:WaitForChild(_wEbeXd)
local function GetBall()
if not backpack:FindFirstChild(_eBKSqU) and not character:FindFirstChild(_xyCeII) then
game:GetService(_zjQEZh).RE:FindFirstChild(_WRMkth):InvokeServer(_KNdbcV, _PdXtoJ)
end
repeat task.wait() until backpack:FindFirstChild(_uucpRa) or character:FindFirstChild(_hrfZes)
local ballTool = backpack:FindFirstChild(_kuyucB)
if ballTool then
ballTool.Parent = character
end
repeat task.wait() until ServerBalls:FindFirstChild(_kCFZgC .. player.Name)
return ServerBalls:FindFirstChild(_Ieaaui .. player.Name)
end
local Ball = ServerBalls:FindFirstChild(_kplXaT .. player.Name) or GetBall()
Ball.CanCollide = false
Ball.Massless = true
Ball.CustomPhysicalProperties = PhysicalProperties.new(0.0001, 0, 0)
if target ~= player then
local tchar = target.Character
if tchar and tchar:FindFirstChild(_lAfWDX) and tchar:FindFirstChild(_wUuyzg) then
local troot = tchar.HumanoidRootPart
local thum = tchar.Humanoid
if Ball:FindFirstChildWhichIsA(_xEsVWI) then
Ball:FindFirstChildWhichIsA(_uyRnQj):Destroy()
end
local bv = Instance.new(_twkGJi)
bv.Name = _vNMnNK
bv.Velocity = Vector3.new(9e8, 9e8, 9e8)
bv.MaxForce = Vector3.new(math.huge, math.huge, math.huge)
bv.P = 9e900
bv.Parent = Ball
workspace.CurrentCamera.CameraSubject = thum
repeat
if troot.Velocity.Magnitude > 0 then
local pos = troot.Position + (troot.Velocity / 1.5)
Ball.CFrame = CFrame.new(pos)
Ball.Orientation += Vector3.new(45, 60, 30)
else
for i, v in pairs(tchar:GetChildren()) do
if v:IsA(_HVlnLL) and v.CanCollide and not v.Anchored then
Ball.CFrame = v.CFrame
task.wait(1/6000)
end
end
end
task.wait(1/6000)
until troot.Velocity.Magnitude > 1000 or thum.Health <= 0 or not tchar:IsDescendantOf(workspace) or target.Parent ~= players
workspace.CurrentCamera.CameraSubject = humanoid
end
end
end
entrada.TouchTap:Connect(function(toques, processado)
if not ferramentaEquipada or processado then return end
local pos = toques[1]
local raio = cam:ScreenPointToRay(pos.X, pos.Y)
local hit = mundo:Raycast(raio.Origin, raio.Direction * 1000)
if hit and hit.Instance then
local modelo = hit.Instance:FindFirstAncestorOfClass(_QFJbWy)
local jogador = jogadores:GetPlayerFromCharacter(modelo)
if jogador and jogador ~= eu then
FlingBall(jogador)
end
end
end)
end
})
Troll:AddButton({
Name = _HAUrAw,
Callback = function()
local jogadores = game:GetService(_YSJFBX)
local rep = game:GetService(_YKZQgc)
local loop = game:GetService(_lxlVBy)
local mundo = game:GetService(_tZxICx)
local entrada = game:GetService(_BdgTec)
local eu = jogadores.LocalPlayer
local cam = mundo.CurrentCamera
local NOME_FERRAMENTA = _LKVTkt
local ferramentaEquipada = false
local nomeAlvo = nil
local loopTP = nil
local sofaEquipado = false
local base = nil
local posInicial = nil
local raiz = nil
local mochila = eu:WaitForChild(_mTOptp)
if not mochila:FindFirstChild(NOME_FERRAMENTA) then
local ferramenta = Instance.new(_CLoTyD)
ferramenta.Name = NOME_FERRAMENTA
ferramenta.RequiresHandle = false
ferramenta.CanBeDropped = false
ferramenta.Equipped:Connect(function()
ferramentaEquipada = true
end)
ferramenta.Unequipped:Connect(function()
ferramentaEquipada = false
nomeAlvo = nil
limparSofa()
end)
ferramenta.Parent = mochila
end
function limparSofa()
if loopTP then
loopTP:Disconnect()
loopTP = nil
end
if sofaEquipado then
local boneco = eu.Character
if boneco then
local sofa = boneco:FindFirstChild(_aapKbJ)
if sofa then
sofa.Parent = eu.Backpack
sofaEquipado = false
end
end
end
if base then
base:Destroy()
base = nil
end
if getgenv().AntiSit then
getgenv().AntiSit:Set(false)
end
local humano = eu.Character and eu.Character:FindFirstChildOfClass(_JMclDp)
if humano then
humano:SetStateEnabled(Enum.HumanoidStateType.Physics, true)
humano:ChangeState(Enum.HumanoidStateType.GettingUp)
end
if posInicial and raiz then
raiz.CFrame = posInicial
posInicial = nil
end
end
function pegarSofa()
local boneco = eu.Character
if not boneco then return end
local mochila = eu.Backpack
if not mochila:FindFirstChild(_eLoQOs) and not boneco:FindFirstChild(_MyiMHU) then
local args = { _QjixGk, _frXTca }
rep.RE[_TNIUvY]:InvokeServer(unpack(args))
task.wait(0.1)
end
local sofa = mochila:FindFirstChild(_owTPoB) or boneco:FindFirstChild(_HHdXXj)
if sofa then
sofa.Parent = boneco
sofaEquipado = true
end
end
function posAleatoriaAbaixo(boneco)
local rp = boneco:FindFirstChild(_JeIeWp)
if not rp then return Vector3.new() end
local offset = Vector3.new(math.random(-2, 2), -5.1, math.random(-2, 2))
return rp.Position + offset
end
function tpAbaixo(alvo)
if not alvo or not alvo.Character or not alvo.Character:FindFirstChild(_kSraEe) then return end
local meuBoneco = eu.Character
local minhaRaiz = meuBoneco and meuBoneco:FindFirstChild(_ZOmxyy)
local humano = meuBoneco and meuBoneco:FindFirstChildOfClass(_ZAPCqd)
if not minhaRaiz or not humano then return end
humano:SetStateEnabled(Enum.HumanoidStateType.Physics, false)
if not base then
base = Instance.new(_DmHkXm)
base.Size = Vector3.new(10, 1, 10)
base.Anchored = true
base.CanCollide = true
base.Transparency = 0.5
base.Parent = mundo
end
local destino = posAleatoriaAbaixo(alvo.Character)
base.Position = destino
minhaRaiz.CFrame = CFrame.new(destino)
humano:SetStateEnabled(Enum.HumanoidStateType.Physics, true)
end
function arremessarComSofa(alvo)
if not alvo then return end
nomeAlvo = alvo.Name
local boneco = eu.Character
if not boneco then return end
posInicial = boneco:FindFirstChild(_chvJwb) and boneco.HumanoidRootPart.CFrame
raiz = boneco:FindFirstChild(_YCUJMb)
pegarSofa()
loopTP = loop.Heartbeat:Connect(function()
local alvoAtual = jogadores:FindFirstChild(nomeAlvo)
if not alvoAtual or not alvoAtual.Character or not alvoAtual.Character:FindFirstChild(_PlOMeI) then
limparSofa()
return
end
if getgenv().AntiSit then
getgenv().AntiSit:Set(true)
end
tpAbaixo(alvoAtual)
end)
task.spawn(function()
local alvoAtual = jogadores:FindFirstChild(nomeAlvo)
while alvoAtual and alvoAtual.Character and alvoAtual.Character:FindFirstChild(_POypNp) do
task.wait(0.05)
if alvoAtual.Character.Humanoid.SeatPart then
local buraco = CFrame.new(265.46, -450.83, -59.93)
alvoAtual.Character.HumanoidRootPart.CFrame = buraco
eu.Character.HumanoidRootPart.CFrame = buraco
task.wait(0.4)
limparSofa()
task.wait(0.2)
if posInicial then
eu.Character.HumanoidRootPart.CFrame = posInicial
end
break
end
end
end)
end
entrada.TouchTap:Connect(function(toques, processado)
if not ferramentaEquipada or processado then return end
local pos = toques[1]
local raio = cam:ScreenPointToRay(pos.X, pos.Y)
local hit = mundo:Raycast(raio.Origin, raio.Direction * 1000)
if hit and hit.Instance then
local modelo = hit.Instance:FindFirstAncestorOfClass(_AJJZIM)
local jogador = jogadores:GetPlayerFromCharacter(modelo)
if jogador and jogador ~= eu then
arremessarComSofa(jogador)
end
end
end)
end
})
local kill = Troll:AddSection({Name = _GfWMvx})
Troll:AddButton({
Name = _RBEgVM,
Callback = function()
local Players = game:GetService(_wUHsZY)
local Workspace = game:GetService(_OFJNVC)
local RunService = game:GetService(_NqWodf)
local ReplicatedStorage = game:GetService(_JnYjqG)
local destination = Vector3.new(145.51, -374.09, 21.58)
local originalPosition = nil
local function GetBus()
local vehicles = Workspace:FindFirstChild(_FZaUYi)
if vehicles then
return vehicles:FindFirstChild(Players.LocalPlayer.Name.._AGWhgp)
end
return nil
end
local function TrackPlayer(selectedPlayerName, callback)
while true do
if selectedPlayerName then
local targetPlayer = Players:FindFirstChild(selectedPlayerName)
if targetPlayer and targetPlayer.Character and targetPlayer.Character:FindFirstChild(_VIWtfk) then
local targetHumanoid = targetPlayer.Character:FindFirstChildOfClass(_gkNfue)
if targetHumanoid and targetHumanoid.Sit then
local bus = GetBus()
if bus then
bus:SetPrimaryPartCFrame(CFrame.new(destination))
print(_hmKOPl)
task.wait(0.2)
local function simulateJump()
local humanoid = Players.LocalPlayer.Character and Players.LocalPlayer.Character:FindFirstChildWhichIsA(_mcItvn)
if humanoid then
humanoid:ChangeState(Enum.HumanoidStateType.Jumping)
end
end
simulateJump()
print(_rRmEVT)
task.wait(0.4)
simulateJump()
print(_bZffPt)
task.wait(0.5)
if originalPosition then
Players.LocalPlayer.Character.HumanoidRootPart.CFrame = originalPosition
print(_PKdoVa)
task.wait(0.1)
local args = {
[1] = _XGrCtO
}
ReplicatedStorage:WaitForChild(_LlZNXb):WaitForChild(_SHtILq):FireServer(unpack(args))
print(_SdvMhw)
end
end
break
else
local targetRoot = targetPlayer.Character.HumanoidRootPart
local time = tick() * 35
local lateralOffset = math.sin(time) * 10
local frontBackOffset = math.cos(time) * 20
local bus = GetBus()
if bus then
bus:SetPrimaryPartCFrame(targetRoot.CFrame * CFrame.new(0, 0, frontBackOffset))
end
end
end
end
RunService.RenderStepped:Wait()
end
if callback then
callback()
end
end
local function StartKillBusao(playerName, callback)
local selectedPlayerName = playerName
local player = Players.LocalPlayer
local character = player.Character or player.CharacterAdded:Wait()
local humanoidRootPart = character:WaitForChild(_VHcgoa)
originalPosition = humanoidRootPart.CFrame
local bus = GetBus()
if not bus then
humanoidRootPart.CFrame = CFrame.new(1118.81, 75.998, -1138.61)
task.wait(0.5)
local remoteEvent = ReplicatedStorage:FindFirstChild(_dIRVeZ)
if remoteEvent and remoteEvent:FindFirstChild(_ZmqMfK) then
remoteEvent[_vJAWwG]:FireServer(_mOvPmg, _AuHZtc)
end
task.wait(1)
bus = GetBus()
end
if bus then
local seat = bus:FindFirstChild(_hyWHZt) and bus.Body:FindFirstChild(_mOxJeW)
if seat and character:FindFirstChildOfClass(_BvINzj) and not character.Humanoid.Sit then
repeat
humanoidRootPart.CFrame = seat.CFrame * CFrame.new(0, 2, 0)
task.wait()
until character.Humanoid.Sit or not bus.Parent
end
end
spawn(function()
TrackPlayer(selectedPlayerName, callback)
end)
end
local function PerformActionForAllPlayers(players)
if #players == 0 then
return
end
local player = table.remove(players, 1)
StartKillBusao(player.Name, function()
task.wait(0.5)
PerformActionForAllPlayers(players)
end)
end
PerformActionForAllPlayers(Players:GetPlayers())
end
})
print(_zXemZh)
Troll:AddButton({
Name = _MbSqRP,
Callback = function()
local ReplicatedStorage = game:GetService(_YkDmjC)
local Players = game:GetService(_jvsIdt)
local Workspace = game:GetService(_yWcyGX)
local function executeScriptForPlayer(targetPlayer)
local Player = game.Players.LocalPlayer
local Backpack = Player.Backpack
local Character = Player.Character
local Humanoid = Character:FindFirstChildOfClass(_XdCDrO)
local RootPart = Character:FindFirstChild(_BzDwbl)
local Houses = game.Workspace:FindFirstChild(_XjurcO)
local OldPos = RootPart.CFrame
local Angles = 0
local Vehicles = Workspace.Vehicles
local Pos
function Check()
if Player and Character and Humanoid and RootPart and Vehicles then
return true
else
return false
end
end
if Check() then
local House = Houses:FindFirstChild(Player.Name.._mIJVcA)
if not House then
local EHouse
for _, Lot in pairs(Houses:GetChildren()) do
if Lot.Name == _iepVdy then
for _, num in pairs(Lot:GetDescendants()) do
if num:IsA(_MumRCw) and num.Name == _NQFWJF and num.Value < 25 and num.Value > 10 then
EHouse = Lot
break
end
end
end
end
local BuyDetector = EHouse:FindFirstChild(_SzArIy)
Pos = BuyDetector.Position
if BuyDetector and BuyDetector:IsA(_uWmnia) then
RootPart.CFrame = BuyDetector.CFrame + Vector3.new(0, -6, 0)
task.wait(0.5)
local ClickDetector = BuyDetector:FindFirstChild(_VcwdRr)
if ClickDetector then
fireclickdetector(ClickDetector)
end
end
end
task.wait(0.5)
local PreHouse = Houses:FindFirstChild(Player.Name .. _VvhePv)
if PreHouse then
task.wait(0.5)
local Number
for i, x in pairs(PreHouse:GetDescendants()) do
if x.Name == _QoQncG and x:IsA(_OLXEdq) then
Number = x
end
end
task.wait(0.5)
game:GetService(_TRfLvS).RE:FindFirstChild(_GZWulV):FireServer(_tOmBLz, _AsNflw, Number.Value)
end
task.wait(0.5)
local PCar = Vehicles:FindFirstChild(Player.Name.._IEkbai)
if not PCar then
if Check() then
RootPart.CFrame = CFrame.new(1118.81, 75.998, -1138.61)
task.wait(0.5)
game:GetService(_veFqEu).RE:FindFirstChild(_LBIkyh):FireServer(_WiybuC, _pgCsfM)
task.wait(0.5)
local PCar = Vehicles:FindFirstChild(Player.Name.._THTsOH)
task.wait(0.5)
local Seat = PCar:FindFirstChild(_LsatNp) and PCar.Body:FindFirstChild(_BQaDJL)
if Seat then
repeat
task.wait()
RootPart.CFrame = Seat.CFrame * CFrame.new(0, math.random(-1, 1), 0)
until Humanoid.Sit
end
end
end
task.wait(0.5)
local PCar = Vehicles:FindFirstChild(Player.Name.._hRMdvO)
if PCar then
if not Humanoid.Sit then
local Seat = PCar:FindFirstChild(_wZmHlV) and PCar.Body:FindFirstChild(_hoyHoK)
if Seat then
repeat
task.wait()
RootPart.CFrame = Seat.CFrame * CFrame.new(0, math.random(-1, 1), 0)
until Humanoid.Sit
end
end
local Target = targetPlayer
local TargetC = Target.Character
local TargetH = TargetC:FindFirstChildOfClass(_jovavl)
local TargetRP = TargetC:FindFirstChild(_oprAxo)
if TargetC and TargetH and TargetRP then
if not TargetH.Sit then
while not TargetH.Sit do
task.wait()
local Fling = function(alvo, pos, angulo)
PCar:SetPrimaryPartCFrame(CFrame.new(alvo.Position) * pos * angulo)
end
Angles = Angles + 100
Fling(TargetRP, CFrame.new(0, 1.5, 0) + TargetH.MoveDirection * TargetRP.Velocity.Magnitude / 1.10, CFrame.Angles(math.rad(Angles), 0, 0))
Fling(TargetRP, CFrame.new(0, -1.5, 0) + TargetH.MoveDirection * TargetRP.Velocity.Magnitude / 1.10, CFrame.Angles(math.rad(Angles), 0, 0))
Fling(TargetRP, CFrame.new(2.25, 1.5, -2.25) + TargetH.MoveDirection * TargetRP.Velocity.Magnitude / 1.10, CFrame.Angles(math.rad(Angles), 0, 0))
Fling(TargetRP, CFrame.new(-2.25, -1.5, 2.25) + TargetH.MoveDirection * TargetRP.Velocity.Magnitude / 1.10, CFrame.Angles(math.rad(Angles), 0, 0))
Fling(TargetRP, CFrame.new(0, 1.5, 0) + TargetH.MoveDirection * TargetRP.Velocity.Magnitude / 1.10, CFrame.Angles(math.rad(Angles), 0, 0))
Fling(TargetRP, CFrame.new(0, -1.5, 0) + TargetH.MoveDirection * TargetRP.Velocity.Magnitude / 1.10, CFrame.Angles(math.rad(Angles), 0, 0))
end
task.wait(0.2)
local House = Houses:FindFirstChild(Player.Name.._VgNhyE)
PCar:SetPrimaryPartCFrame(CFrame.new(House.HouseSpawnPosition.Position))
task.wait(0.2)
local pedro = Region3.new(game.Players.LocalPlayer.Character.HumanoidRootPart.Position - Vector3.new(30,30,30), game.Players.LocalPlayer.Character.HumanoidRootPart.Position + Vector3.new(30,30,30))
local a = workspace:FindPartsInRegion3(pedro, game.Players.LocalPlayer.Character.HumanoidRootPart, math.huge)
for i, v in pairs(a) do
if v.Name == _WmVKJO then
local b = game:GetService(_kdyuYe):FindFirstChild(v.Parent.Name)
local args = {
[1] = _VhMrpT,
[2] = b,
[3] = v.Parent
}
game:GetService(_dTRDtV).RE:FindFirstChild(_TNvvUA):FireServer(unpack(args))
end
end
end
end
end
end
local deleteArgs = {
[1] = _BnaQtr
}
ReplicatedStorage:WaitForChild(_sHvpCu):WaitForChild(_JMlTBh):FireServer(unpack(deleteArgs))
end
for _, player in pairs(Players:GetPlayers()) do
if player ~= Player then
executeScriptForPlayer(player)
task.wait(2)
end
end
end
})
print(_vsUOlV)
Troll:AddButton({
Name = _ZiqdVh,
Callback = function()
local Player = game.Players.LocalPlayer
local Character = Player.Character
local Humanoid = Character:FindFirstChildOfClass(_QJTZkK)
local RootPart = Character:FindFirstChild(_WeooVQ)
local Vehicles = game.Workspace:FindFirstChild(_NicgNj)
local OldPos = RootPart.CFrame
local Angles = 0
local PCar = Vehicles:FindFirstChild(Player.Name.._joxtEg)
if not PCar then
if RootPart then
RootPart.CFrame = CFrame.new(1754, -2, 58)
task.wait(0.5)
game:GetService(_OSHwXH).RE:FindFirstChild(_ZFXhuc):FireServer(_MOkzsv, _oRHCbq)
task.wait(0.5)
PCar = Vehicles:FindFirstChild(Player.Name.._imDlpR)
task.wait(0.5)
local Seat = PCar:FindFirstChild(_cnEyUA) and PCar.Body:FindFirstChild(_EfDBKx)
if Seat then
repeat
task.wait()
RootPart.CFrame = Seat.CFrame * CFrame.new(0, math.random(-1, 1), 0)
until Humanoid.Sit
end
end
end
task.wait(0.5)
PCar = Vehicles:FindFirstChild(Player.Name.._JOMMaE)
if PCar then
if not Humanoid.Sit then
local Seat = PCar:FindFirstChild(_vATTbr) and PCar.Body:FindFirstChild(_GVpkiL)
if Seat then
repeat
task.wait()
RootPart.CFrame = Seat.CFrame * CFrame.new(0, math.random(-1, 1), 0)
until Humanoid.Sit
end
end
end
local SpinGyro = Instance.new(_mPacQK)
SpinGyro.Parent = PCar.PrimaryPart
SpinGyro.MaxTorque = Vector3.new(1e7, 1e7, 1e7)
SpinGyro.P = 1e7
SpinGyro.CFrame = PCar.PrimaryPart.CFrame * CFrame.Angles(0, math.rad(90), 0)
local function flingPlayer(TargetC, TargetRP, TargetH)
Angles = 0
local endTime = tick() + 1
while tick() < endTime do
Angles = Angles + 100
task.wait()
local kill = function(alvo, pos, angulo)
PCar:SetPrimaryPartCFrame(CFrame.new(alvo.Position) * pos * angulo)
end
kill(TargetRP, CFrame.new(0, 3, 0), CFrame.Angles(math.rad(Angles), 0, 0))
kill(TargetRP, CFrame.new(0, -1.5, 2), CFrame.Angles(math.rad(Angles), 0, 0))
kill(TargetRP, CFrame.new(2, 1.5, 2.25), CFrame.Angles(math.rad(50), 0, 0))
kill(TargetRP, CFrame.new(-2.25, -1.5, 2.25), CFrame.Angles(math.rad(30), 0, 0))
kill(TargetRP, CFrame.new(0, 1.5, 0), CFrame.Angles(math.rad(Angles), 0, 0))
kill(TargetRP, CFrame.new(0, -1.5, 0), CFrame.Angles(math.rad(Angles), 0, 0))
end
end
for _, Target in pairs(game.Players:GetPlayers()) do
if Target ~= Player then
local TargetC = Target.Character
local TargetH = TargetC and TargetC:FindFirstChildOfClass(_KPwxxY)
local TargetRP = TargetC and TargetC:FindFirstChild(_xrOqkk)
if TargetC and TargetH and TargetRP then
flingPlayer(TargetC, TargetRP, TargetH)
end
end
end
task.wait(0.5)
PCar:SetPrimaryPartCFrame(CFrame.new(0, 0, 0))
task.wait(0.5)
Humanoid.Sit = false
task.wait(0.5)
RootPart.CFrame = OldPos
SpinGyro:Destroy()
end
})
print(_lkPvpp)
Troll:AddButton({
Name = _GoSHJJ,
Callback = function()
local Players = game:GetService(_NDkNBu)
local ReplicatedStorage = game:GetService(_zxuwDy)
local LocalPlayer = Players.LocalPlayer
local cam = workspace.CurrentCamera
local function ProcessPlayer(target)
if not target or not target.Character or target == LocalPlayer then return end
local flingActive = true
local root = LocalPlayer.Character and LocalPlayer.Character:FindFirstChild(_VCghlR)
local tRoot = target.Character and target.Character:FindFirstChild(_mldhgM)
if not root or not tRoot then return end
local char = LocalPlayer.Character
local hum = char:FindFirstChildOfClass(_Yrxsyl)
local original = root.CFrame
ReplicatedStorage:WaitForChild(_mhAPom):WaitForChild(_JkLbAk):FireServer(_GoBXFN)
task.wait(0.2)
ReplicatedStorage.RE:FindFirstChild(_UEcmcK):InvokeServer(_TkmlHZ, _GooTdQ)
task.wait(0.3)
local tool = LocalPlayer.Backpack:FindFirstChild(_QOFoHQ)
if tool then
tool.Parent = char
end
task.wait(0.1)
game:GetService(_xKwGjC):SendKeyEvent(true, Enum.KeyCode.F, false, game)
task.wait(0.25)
workspace.FallenPartsDestroyHeight = 0/0
local bv = Instance.new(_eNcuGT)
bv.Name = _bBwzIF
bv.Velocity = Vector3.new(9e8, 9e8, 9e8)
bv.MaxForce = Vector3.new(math.huge, math.huge, math.huge)
bv.Parent = root
hum:SetStateEnabled(Enum.HumanoidStateType.Seated, false)
hum.PlatformStand = false
cam.CameraSubject = target.Character:FindFirstChild(_OyfSdX) or tRoot or hum
task.spawn(function()
local angle = 0
local parts = {root}
while flingActive and target and target.Character and target.Character:FindFirstChildOfClass(_hGJMXS) do
local tHum = target.Character:FindFirstChildOfClass(_Qovcyy)
if tHum.Sit then break end
angle += 50
for _, part in ipairs(parts) do
local hrp = target.Character.HumanoidRootPart
local pos = hrp.Position + hrp.Velocity / 1.5
root.CFrame = CFrame.new(pos) * CFrame.Angles(math.rad(angle), 0, 0)
end
root.Velocity = Vector3.new(9e8, 9e8, 9e8)
root.RotVelocity = Vector3.new(9e8, 9e8, 9e8)
task.wait()
end
flingActive = false
bv:Destroy()
hum:SetStateEnabled(Enum.HumanoidStateType.Seated, true)
hum.PlatformStand = false
root.CFrame = original
cam.CameraSubject = hum
for _, p in pairs(char:GetDescendants()) do
if p:IsA(_oiHVuV) then
p.Velocity = Vector3.zero
p.RotVelocity = Vector3.zero
end
end
hum:UnequipTools()
ReplicatedStorage.RE:FindFirstChild(_xODihX):InvokeServer(_ljFNoi, _FSTjMH)
end)
while flingActive do
task.wait()
end
end
for _, player in ipairs(Players:GetPlayers()) do
ProcessPlayer(player)
end
end
})
Troll:AddButton({
Name = _sLGPPM,
Callback = function()
local args = {
[1] = _vQjLbH
}
game:GetService(_sYkdAo):WaitForChild(_Lyvcgd):WaitForChild(_crsNdN):FireServer(unpack(args))
wait(0.2)
toolselcted = _VTlAzQ
dupeamot = 25
picktoolremote = game:GetService(_XPCpYI).RE:FindFirstChild(_OqEqpp)
cleartoolremote = game:GetService(_RiUcwy).RE:FindFirstChild(_FZyDKb)
game:GetService(_AGdIAK):SetCore(_GlQDZV,{Title=_AXnyfL,Text=_KFbRcs, Button1 = _TDxEhy ,Duration=5})
game:GetService(_NKbRae):SetCore(_aziQWN,{Title=_sdNjSh,Text=_IaTTxd, Button1 = _XPqyXF ,Duration=5})
duping = true
oldcf = game.Players.LocalPlayer.Character.HumanoidRootPart.CFrame
if game.Players.LocalPlayer.Character.Humanoid.Sit == true then
task.wait()
game.Players.LocalPlayer.Character.Humanoid.Sit = false
end
wait(0.1)
if game:GetService(_XhFNms):FindFirstChild(_lKXvoP) then
game:GetService(_Uivpce):FindFirstChild(_nTWMWG):Destroy()
end
for m=1,2 do
task.wait()
game.Players.LocalPlayer.Character.HumanoidRootPart.CFrame = CFrame.new(999999999.414, -490, 999999999.414, 0.974360406, -0.175734088, 0.14049761, -0.133441404, 0.0514053069, 0.989722729, -0.181150302, -0.983094692, 0.0266370922)
end
task.wait(0.2)
game.Players.LocalPlayer.Character.HumanoidRootPart.Anchored = true
wait(0.5)
for aidj,afh in pairs(game:GetService(_AkmnrR).LocalPlayer.Character:GetChildren()) do
if afh.Name == toolselcted == false then
if afh:IsA(_VDPZqD) then
afh.Parent = game.Players.LocalPlayer.Backpack
end
end
end
for aiefhiewhwf,dvjbvj in pairs(game:GetService(_RvQSdq).LocalPlayer.Backpack:GetChildren()) do
if dvjbvj:IsA(_bslVtC) then
if dvjbvj.Name == toolselcted == false then
dvjbvj:Destroy()
end
end
end
for ttjtjutjutjjtj,ddvdvdsvdfbrnytytmvdv in pairs(game:GetService(_hPIDzv).LocalPlayer.Character:GetChildren()) do
if ddvdvdsvdfbrnytytmvdv:IsA(_hNFHCb) then
if ddvdvdsvdfbrnytytmvdv.name == toolselcted == false then
ddvdvdsvdfbrnytytmvdv:Destroy()
end
end
end
for findin,toollel in pairs(game:GetService(_DUajkZ).LocalPlayer.Character:GetChildren()) do
if toollel:IsA(_DaDDST) then
if toollel.Name == toolselcted then
toollllfoun2 = true
for basc,aijfw in pairs(toollel:GetDescendants()) do
if aijfw.Name == _puLgQO then
aijfw.Name = _kczxpb
toollel.Parent = game.Players.LocalPlayer.Backpack
toollel.Parent = game.Players.LocalPlayer.Character
tollllahhhh = toollel
task.wait()
end
end
else
toollllfoun2 = false
end
end
end
for fiifi,toollll in pairs(game:GetService(_DkRfcl).LocalPlayer.Backpack:GetChildren()) do
if toollll:IsA(_kQDnLZ) then
if toollll.Name == toolselcted then
toollllfoun = true
for nana,jjsjsj in pairs(toollll:GetDescendants()) do
if jjsjsj.Name == _CzdGkz then
toollll.Parent = game.Players.LocalPlayer.Character
wait()
jjsjsj.Name = _tztsgf
toollll.Parent = game.Players.LocalPlayer.Backpack
toollll.Parent = game.Players.LocalPlayer.Character
toolllffel = toollll
end
end
else
toollllfoun = false
end
end
end
if toollllfoun == true then
if game.Players.LocalPlayer.Character:FindFirstChild(toolllffel) == nil then
toollllfoun = false
end
repeat wait() until game.Players.LocalPlayer.Character:FindFirstChild(toolllffel) == nil
toollllfoun = false
end
if toollllfoun2 == true then
if game.Players.LocalPlayer.Character:FindFirstChild(tollllahhhh) == nil then
toollllfoun2 = false
end
repeat wait() until game.Players.LocalPlayer.Character:FindFirstChild(tollllahhhh) == nil
toollllfoun2 = false
end
wait(0.1)
for m=1, dupeamot do
if duping == false then
game.Players.LocalPlayer.Character.HumanoidRootPart.Anchored = false
return
end
if game:GetService(_qDqgXU):FindFirstChild(_rOLOhL) then
game:GetService(_MQlIxA):FindFirstChild(_uwXKua):Destroy()
end
if m <= dupeamot then
game:GetService(_TTbvfA):SetCore(_XwwdUL,{Title=_JnSnup,Text=_vndqrn.._erheTM..m.._dIClkc.._yEwVgq.._ZnIhdL..toolselcted.._bKywMN,Duration=0.5})
elseif m == dupeamot or m >= dupeamot - 1 then
game:GetService(_orbvwP):SetCore(_PkSGYl,{Title=_jnaxUO,Text=_QAAkWN.._QQcqOP..m.._IuicEN.._GrUxCS.._wcEpcQ..toolselcted.._PQbXso.._pWwFnm.._qOhllW,Duration=4})
end
local args = {
[1] = _BTxKRm,
[2] = toolselcted
}
picktoolremote:InvokeServer(unpack(args))
game:GetService(_rTftbv).LocalPlayer.Backpack:WaitForChild(toolselcted).Parent = game.Players.LocalPlayer.Character
if duping == false then
game.Players.LocalPlayer.Character.HumanoidRootPart.Anchored = false
return
end
wait()
game:GetService(_XKJxsU).LocalPlayer.Character[toolselcted]:FindFirstChild(_LeotON).Name = _KFGNJy
game:GetService(_THRhbm).LocalPlayer.Character:FindFirstChild(toolselcted).Parent = game.Players.LocalPlayer.Backpack
game:GetService(_EehAzp).LocalPlayer.Backpack:FindFirstChild(toolselcted).Parent = game.Players.LocalPlayer.Character
repeat
if game:GetService(_MGVQeq):FindFirstChild(_zofWRu) then
game:GetService(_VDEFiA):FindFirstChild(_toFbOB):Destroy()
end
task.wait()
until game:GetService(_ydseQG).LocalPlayer.Character:FindFirstChild(toolselcted) == nil
end
game.Players.LocalPlayer.Character.HumanoidRootPart.Anchored = false
repeat wait() until game.Players.LocalPlayer.Character:FindFirstChild(_uWPcJq) == nil
repeat wait() until game.Players.LocalPlayer.Character:FindFirstChild(_rrkciV)
game.Players.LocalPlayer.Character.HumanoidRootPart.CFrame = oldcf
wait()
duping = false
for wwefef,weifwwe in pairs(game.Players:GetPlayers()) do
if weifwwe.Name == game.Players.LocalPlayer.Name == false then
ewoifjwoifjiwo = wwefef
end
end
for m=1,ewoifjwoifjiwo do
game.Players.LocalPlayer.Backpack.Couch.Name = _QmABNE..m
end
wait()
for weofefawd,iwiejguiwg in pairs(game.Players.LocalPlayer.Backpack:GetChildren()) do
if iwiejguiwg.Name == _DcKguq..weofefawd then
iwiejguiwg.Handle.Name = _CsHBKR
end
end
wait(0.2)
local function bring(skjdfuwiruwg,woiejewg)
if woiejewg == nil == false then
game.Players.LocalPlayer.Backpack[_mzmJRl..skjdfuwiruwg]:FindFirstChild(_cljFdT).Disabled = true
game.Players.LocalPlayer.Backpack[_FXHbJv..skjdfuwiruwg]:FindFirstChild(_mBnXHO).Disabled = true
game.Players.LocalPlayer.Backpack[_xBYUvc..skjdfuwiruwg].Parent = game.Players.LocalPlayer.Character
tet = Instance.new(_HQzMHA, game.Players.LocalPlayer.Character[_uuNlQw..skjdfuwiruwg]:FindFirstChild(_QjtXFZ))
tet.MaxForce = Vector3.new(math.huge,math.huge,math.huge)
tet.P = 1250
tet.Velocity = Vector3.new(0,0,0)
tet.Name = _HggODD
repeat
for m=1,35 do
local pos = {x=0, y=0, z=0}
pos.x = woiejewg.Character.HumanoidRootPart.Position.X
pos.y = woiejewg.Character.HumanoidRootPart.Position.Y
pos.z = woiejewg.Character.HumanoidRootPart.Position.Z
pos.x = pos.x + woiejewg.Character.HumanoidRootPart.Velocity.X / 2
pos.y = pos.y + woiejewg.Character.HumanoidRootPart.Velocity.Y / 2
pos.z = pos.z + woiejewg.Character.HumanoidRootPart.Velocity.Z / 2
game.Players.LocalPlayer.Character[_AXtBMi..skjdfuwiruwg]:FindFirstChild(_fMKCOA).CFrame = CFrame.new(Vector3.new(pos.x,pos.y,pos.z)) * CFrame.new(-2,2,0)
task.wait()
end
game.Players.LocalPlayer.Character[_xVMcNc..skjdfuwiruwg].Parent = game.Players.LocalPlayer.Backpack
wait()
game.Players.LocalPlayer.Backpack[_krmZND..skjdfuwiruwg]:FindFirstChild(_DECWcQ).Name = _YRqAJz
wait(0.2)
game.Players.LocalPlayer.Backpack[_HyZgot..skjdfuwiruwg].Parent = game.Players.LocalPlayer.Character
wait()
game.Players.LocalPlayer.Character[_CEFBCF..skjdfuwiruwg].Parent = game.Players.LocalPlayer.Backpack
game.Players.LocalPlayer.Backpack[_ccrMPg..skjdfuwiruwg].Handle.Name = _kXKMqB
wait(0.2)
game.Players.LocalPlayer.Backpack[_hvjRfX..skjdfuwiruwg].Parent = game.Players.LocalPlayer.Character
tet = Instance.new(_ixOpxU, game.Players.LocalPlayer.Character[_mPPSQI..skjdfuwiruwg]:FindFirstChild(_ZIjTnt))
tet.MaxForce = Vector3.new(math.huge,math.huge,math.huge)
tet.P = 1250
tet.Velocity = Vector3.new(0,0,0)
tet.Name = _kYVamj
until woiejewg.Character.Humanoid.Sit == true
wait()
game.Players.LocalPlayer.Character[_tPVauK..skjdfuwiruwg]:FindFirstChild(_EqFUfy):FindFirstChild(_APatFF):Destroy()
game.Players.LocalPlayer.Character[_pEhsXQ..skjdfuwiruwg].Parent = game.Players.LocalPlayer.Backpack
wait()
game.Players.LocalPlayer.Backpack[_HEAIPG..skjdfuwiruwg]:FindFirstChild(_LxjbMW).Name = _qGAwiC
wait(0.2)
game.Players.LocalPlayer.Backpack[_TotlJw..skjdfuwiruwg].Parent = game.Players.LocalPlayer.Character
wait()
game.Players.LocalPlayer.Character[_MaHwgO..skjdfuwiruwg].Parent = game.Players.LocalPlayer.Backpack
end
end
for mwef,weuerg in pairs(game.Players:GetPlayers()) do
if weuerg.Name == game.Players.LocalPlayer.Name == false then
spawn(function()
bring(mwef,weuerg)
end)
end
end
end
})
print(_Mzzqov)
Troll:AddButton({
Name = _ynXrin,
Callback = function()
local args = {
[1] = _OBbEoT
}
game:GetService(_Crahbc):WaitForChild(_PNPLyS):WaitForChild(_yDCTPo):FireServer(unpack(args))
wait(0.2)
local initialPosition = game.Players.LocalPlayer.Character.HumanoidRootPart.Position
local part = Instance.new(_JVVQfR)
part.Size = Vector3.new(5000, 10, 5000)
part.Position = Vector3.new(0, -500, 0)
part.Anchored = true
part.CanCollide = true
part.Parent = game.Workspace
task.wait()
game.Players.LocalPlayer.Character.HumanoidRootPart.CFrame = CFrame.new(0, -500, 0)
wait(2)
toolselcted = _WILQoO
dupeamot = 25
picktoolremote = game:GetService(_XKXJIU).RE:FindFirstChild(_opAZae)
cleartoolremote = game:GetService(_YhjChl).RE:FindFirstChild(_ySiFtK)
game:GetService(_JzeYKV):SetCore(_hpqDXW,{Title=_BLYkXR,Text=_nZpVuN, Button1 = _SnCctz ,Duration=5})
game:GetService(_oPzgEj):SetCore(_ZanjEB,{Title=_onneDI,Text=_Imsmfi, Button1 = _LPDuPl ,Duration=5})
duping = true
oldcf = game.Players.LocalPlayer.Character.HumanoidRootPart.CFrame
if game.Players.LocalPlayer.Character.Humanoid.Sit == true then
task.wait()
game.Players.LocalPlayer.Character.Humanoid.Sit = false
end
wait(0.1)
if game:GetService(_lVTEsJ):FindFirstChild(_NHXqbJ) then
game:GetService(_pCdqkl):FindFirstChild(_eSPPLK):Destroy()
end
for m=1,2 do
task.wait()
game.Players.LocalPlayer.Character.HumanoidRootPart.CFrame = CFrame.new(999999999.414, -490, 999999999.414, 0.974360406, -0.175734088, 0.14049761, -0.133441404, 0.0514053069, 0.989722729, -0.181150302, -0.983094692, 0.0266370922)
end
task.wait(0.2)
game.Players.LocalPlayer.Character.HumanoidRootPart.Anchored = true
wait(0.5)
for aidj,afh in pairs(game:GetService(_VhlDdt).LocalPlayer.Character:GetChildren()) do
if afh.Name == toolselcted == false then
if afh:IsA(_cELPCN) then
afh.Parent = game.Players.LocalPlayer.Backpack
end
end
end
for aiefhiewhwf,dvjbvj in pairs(game:GetService(_kGgGpE).LocalPlayer.Backpack:GetChildren()) do
if dvjbvj:IsA(_kZFscF) then
if dvjbvj.Name == toolselcted == false then
dvjbvj:Destroy()
end
end
end
for ttjtjutjutjjtj,ddvdvdsvdfbrnytytmvdv in pairs(game:GetService(_WYFzII).LocalPlayer.Character:GetChildren()) do
if ddvdvdsvdfbrnytytmvdv:IsA(_qBhZwQ) then
if ddvdvdsvdfbrnytytmvdv.Name == toolselcted == false then
ddvdvdsvdfbrnytytmvdv:Destroy()
end
end
end
for findin,toollel in pairs(game:GetService(_dvuiTX).LocalPlayer.Character:GetChildren()) do
if toollel:IsA(_ppjvVa) then
if toollel.Name == toolselcted then
toollllfoun2 = true
for basc,aijfw in pairs(toollel:GetDescendants()) do
if aijfw.Name == _CaMBvJ then
aijfw.Name = _wAvsec
toollel.Parent = game.Players.LocalPlayer.Backpack
toollel.Parent = game.Players.LocalPlayer.Character
tollllahhhh = toollel
task.wait()
end
end
else
toollllfoun2 = false
end
end
end
for fiifi,toollll in pairs(game:GetService(_MRIMxk).LocalPlayer.Backpack:GetChildren()) do
if toollll:IsA(_pOZser) then
if toollll.Name == toolselcted then
toollllfoun = true
for nana,jjsjsj in pairs(toollll:GetDescendants()) do
if jjsjsj.Name == _nFikHo then
toollll.Parent = game.Players.LocalPlayer.Character
wait()
jjsjsj.Name = _ozsQHJ
toollll.Parent = game.Players.LocalPlayer.Backpack
toollll.Parent = game.Players.LocalPlayer.Character
toolllffel = toollll
end
end
else
toollllfoun = false
end
end
end
if toollllfoun == true then
if game.Players.LocalPlayer.Character:FindFirstChild(toolllffel) == nil then
toollllfoun = false
end
repeat
wait()
until game.Players.LocalPlayer.Character:FindFirstChild(toolllffel) == nil
toollllfoun = false
end
if toollllfoun2 == true then
if game.Players.LocalPlayer.Character:FindFirstChild(tollllahhhh) == nil then
toollllfoun2 = false
end
repeat
wait()
until game.Players.LocalPlayer.Character:FindFirstChild(tollllahhhh) == nil
toollllfoun2 = false
end
wait(0.1)
for m=1, dupeamot do
if duping == false then
game.Players.LocalPlayer.Character.HumanoidRootPart.Anchored = false
return
end
if game:GetService(_OhVFGo):FindFirstChild(_WrPkOQ) then
game:GetService(_DuQEJX):FindFirstChild(_LHYmmP):Destroy()
end
if m <= dupeamot then
game:GetService(_YawwjN):SetCore(_RlRsZl,{Title=_YUKORP,Text=_tTvZOf.._ReJKRh..m.._ckVKYZ.._VLLVoO.._stjGFH..toolselcted.._Jmowal,Duration=0.5})
elseif m == dupeamot or m >= dupeamot - 1 then
game:GetService(_CXjsXl):SetCore(_FEGviS,{Title=_JdGTka,Text=_IRqFMI.._WDJvTV..m.._ZESpvn.._yhjrGN.._VNyIgW..toolselcted.._tQWKlp.._pSTMxd.._dlkvFu,Duration=4})
end
local args = {
[1] = _nZBBvv,
[2] = toolselcted
}
picktoolremote:InvokeServer(unpack(args))
game:GetService(_EzYhmU).LocalPlayer.Backpack:WaitForChild(toolselcted).Parent = game.Players.LocalPlayer.Character
if duping == false then
game.Players.LocalPlayer.Character.HumanoidRootPart.Anchored = false
return
end
wait()
game:GetService(_iMzPUc).LocalPlayer.Character[toolselcted]:FindFirstChild(_LsKZUA).Name = _fHEAxx
game:GetService(_CEtvPr).LocalPlayer.Character:FindFirstChild(toolselcted).Parent = game.Players.LocalPlayer.Backpack
game:GetService(_aIjFIt).LocalPlayer.Backpack:FindFirstChild(toolselcted).Parent = game.Players.LocalPlayer.Character
repeat
if game:GetService(_JEWYAJ):FindFirstChild(_TjWgyI) then
game:GetService(_rzlUil):FindFirstChild(_qhbEVx):Destroy()
end
task.wait()
until game:GetService(_OKGPwY).LocalPlayer.Character:FindFirstChild(toolselcted) == nil
end
game.Players.LocalPlayer.Character.HumanoidRootPart.Anchored = false
repeat
wait()
until game.Players.LocalPlayer.Character:FindFirstChild(_Lzfers) == nil
repeat
wait()
until game.Players.LocalPlayer.Character:FindFirstChild(_NwTLuh)
game.Players.LocalPlayer.Character.HumanoidRootPart.CFrame = oldcf
wait()
duping = false
for wwefef,weifwwe in pairs(game.Players:GetPlayers()) do
if weifwwe.Name == game.Players.LocalPlayer.Name == false then
ewoifjwoifjiwo = wwefef
end
end
for m=1,ewoifjwoifjiwo do
game.Players.LocalPlayer.Backpack.Couch.Name = _redoSN..m
end
wait()
for weofefawd,iwiejguiwg in pairs(game.Players.LocalPlayer.Backpack:GetChildren()) do
if iwiejguiwg.Name == _pBtFXr..weofefawd then
iwiejguiwg.Handle.Name = _aYzxsj
end
end
wait(0.2)
local function bring(skjdfuwiruwg,woiejewg)
if woiejewg == nil == false then
game.Players.LocalPlayer.Backpack[_XcpFog..skjdfuwiruwg]:FindFirstChild(_FUXaHt).Disabled = true
game.Players.LocalPlayer.Backpack[_KkgZGq..skjdfuwiruwg]:FindFirstChild(_CfKEFf).Disabled = true
game.Players.LocalPlayer.Backpack[_ClHxql..skjdfuwiruwg].Parent = game.Players.LocalPlayer.Character
tet = Instance.new(_NssMVa, game.Players.LocalPlayer.Character[_MksoVg..skjdfuwiruwg]:FindFirstChild(_kyAhKT))
tet.MaxForce = Vector3.new(math.huge,math.huge,math.huge)
tet.P = 1250
tet.Velocity = Vector3.new(0,0,0)
tet.Name = _qLWhQy
repeat
for m=1,35 do
local pos = {x=0, y=0, z=0}
pos.x = woiejewg.Character.HumanoidRootPart.Position.X
pos.y = woiejewg.Character.HumanoidRootPart.Position.Y
pos.z = woiejewg.Character.HumanoidRootPart.Position.Z
pos.x = pos.x + woiejewg.Character.HumanoidRootPart.Velocity.X / 2
pos.y = pos.y + woiejewg.Character.HumanoidRootPart.Velocity.Y / 2
pos.z = pos.z + woiejewg.Character.HumanoidRootPart.Velocity.Z / 2
game.Players.LocalPlayer.Character[_hJTCeS..skjdfuwiruwg]:FindFirstChild(_yTiVkh).CFrame = CFrame.new(Vector3.new(pos.x,pos.y,pos.z)) * CFrame.new(-2,2,0)
task.wait()
end
game.Players.LocalPlayer.Character[_oFaEux..skjdfuwiruwg].Parent = game.Players.LocalPlayer.Backpack
wait()
game.Players.LocalPlayer.Backpack[_xpydUx..skjdfuwiruwg]:FindFirstChild(_CurSUJ).Name = _FexlLR
wait(0.2)
game.Players.LocalPlayer.Backpack[_XObdDO..skjdfuwiruwg].Parent = game.Players.LocalPlayer.Character
wait()
game.Players.LocalPlayer.Character[_SMNFMY..skjdfuwiruwg].Parent = game.Players.LocalPlayer.Backpack
game.Players.LocalPlayer.Backpack[_lSyIqv..skjdfuwiruwg].Handle.Name = _XwAbEJ
wait(0.2)
game.Players.LocalPlayer.Backpack[_qzzEqo..skjdfuwiruwg].Parent = game.Players.LocalPlayer.Character
tet = Instance.new(_OJIQvo, game.Players.LocalPlayer.Character[_SNrwXX..skjdfuwiruwg]:FindFirstChild(_DupEGr))
tet.MaxForce = Vector3.new(math.huge,math.huge,math.huge)
tet.P = 1250
tet.Velocity = Vector3.new(0,0,0)
tet.Name = _sZeiZb
until woiejewg.Character.Humanoid.Sit == true
wait()
game.Players.LocalPlayer.Character[_znDKkD..skjdfuwiruwg]:FindFirstChild(_JolsxT):FindFirstChild(_PRxxtx):Destroy()
game.Players.LocalPlayer.Character[_eeAXNS..skjdfuwiruwg].Parent = game.Players.LocalPlayer.Backpack
wait()
game.Players.LocalPlayer.Backpack[_EJUsbw..skjdfuwiruwg]:FindFirstChild(_vCjQSR).Name = _tVOXEh
wait(0.2)
game.Players.LocalPlayer.Backpack[_DIgWGk..skjdfuwiruwg].Parent = game.Players.LocalPlayer.Character
wait()
game.Players.LocalPlayer.Character[_SIPbAD..skjdfuwiruwg].Parent = game.Players.LocalPlayer.Backpack
end
end
for mwef,weuerg in pairs(game.Players:GetPlayers()) do
if weuerg.Name == game.Players.LocalPlayer.Name == false then
spawn(function() bring(mwef,weuerg) end)
end
end
task.delay(14, function()
game.Players.LocalPlayer.Character.HumanoidRootPart.CFrame = CFrame.new(initialPosition)
end)
task.delay(14.1, function()
game:GetService(_BHKiWQ):WaitForChild(_QdMMkE):WaitForChild(_VyCmbz):FireServer(unpack(args))
end)
end
})
print(_dFJpIH)
Troll:AddButton({
Name = _TVuJXD,
Callback = function()
local player=game:GetService(_SmDgZg).LocalPlayer
local SoccerBalls=workspace.WorkspaceCom[_MRGxRH]
local MyBall=SoccerBalls:FindFirstChild(_AAjhyE..player.Name)
if not MyBall then
if not player.Backpack:FindFirstChild(_NtlbBy) then
local args={[1]=_gbaQBK,[2]=_WgQEAY}
game:GetService(_uJIRdX).RE:FindFirstChild(_KYkBxl):InvokeServer(unpack(args))
task.wait()
player.Backpack.SoccerBall.Parent=player.Character
repeat MyBall=SoccerBalls:FindFirstChild(_OJSoYq..player.Name) task.wait() until MyBall
player.Character.SoccerBall.Parent=player.Backpack
task.wait()
else
player.Backpack.SoccerBall.Parent=player.Character
repeat MyBall=SoccerBalls:FindFirstChild(_bVzChQ..player.Name) task.wait() until MyBall
player.Character.SoccerBall.Parent=player.Backpack
end
end
for i,v in pairs(game.Players:GetPlayers()) do
if v~=game.Players.LocalPlayer then
local target=v
local TCharacter=target.Character or target.CharacterAdded:Wait()
local THumanoidRootPart=TCharacter:WaitForChild(_OnbSlZ)
if not MyBall or not THumanoidRootPart then return end
for _,v in pairs(MyBall:GetChildren()) do
if v:IsA(_FUHouJ) then v:Destroy() end
end
local bodyVelocity=Instance.new(_NHstnm)
bodyVelocity.Velocity=Vector3.new(9e8,9e8,9e8)
bodyVelocity.MaxForce=Vector3.new(1/0,1/0,1/0)
bodyVelocity.P=1e10
bodyVelocity.Parent=MyBall
local bv=Instance.new(_zlbqPB)
bv.Velocity=Vector3.new(9e8,9e8,9e8)
bv.MaxForce=Vector3.new(1/0,1/0,1/0)
bv.P=1e9
bv.Parent=THumanoidRootPart
local oldPos=THumanoidRootPart.Position
workspace.CurrentCamera.CameraSubject=THumanoidRootPart
repeat
local velocity=THumanoidRootPart.Velocity.Magnitude
local parts={}
for _,v in pairs(TCharacter:GetDescendants()) do
if v:IsA(_bSOZvL) and v.CanCollide and not v.Anchored then table.insert(parts,v) end
end
for _,part in ipairs(parts) do
local pos_x=target.Character.HumanoidRootPart.Position.X
local pos_y=target.Character.HumanoidRootPart.Position.Y
local pos_z=target.Character.HumanoidRootPart.Position.Z
pos_x=pos_x+(target.Character.HumanoidRootPart.Velocity.X/1.5)
pos_y=pos_y+(target.Character.HumanoidRootPart.Velocity.Y/1.5)
pos_z=pos_z+(target.Character.HumanoidRootPart.Velocity.Z/1.5)
MyBall.CFrame=CFrame.new(pos_x,pos_y,pos_z)
task.wait(1/6000)
end
task.wait(1/6000)
until THumanoidRootPart.Velocity.Magnitude>5000 or TCharacter.Humanoid.Health==0 or target.Parent~=game.Players or THumanoidRootPart.Parent~=TCharacter or TCharacter~=target.Character
end
end
workspace.CurrentCamera.CameraSubject=game.Players.LocalPlayer.Character:WaitForChild(_JlchSn)
end
})
local Tab = Window:MakeTab({_SqXoqV, _SxoUax})
Tab:AddSection({ Name = _ijTXBI })
local Players = game:GetService(_cwBUIk)
local ReplicatedStorage = game:GetService(_HYCKau)
local Remotes = ReplicatedStorage:WaitForChild(_hkZznA)
local Target = nil
local function GetPlayerNames()
local PlayerNames = {}
for _, player in ipairs(Players:GetPlayers()) do
table.insert(PlayerNames, player.Name)
end
return PlayerNames
end
local Dropdown = Tab:AddDropdown({
Name = _wWQGHF,
Options = GetPlayerNames(),
Default = Target,
Callback = function(Value)
Target = Value
end
})
local function UpdateDropdown()
Dropdown:Refresh(GetPlayerNames(), true)
end
Players.PlayerAdded:Connect(UpdateDropdown)
Players.PlayerRemoving:Connect(UpdateDropdown)
Tab:AddButton({
Name = _ZBXPyq,
Callback = function()
if not Target then return end
local LP = Players.LocalPlayer
local LChar = LP.Character
local TPlayer = Players:FindFirstChild(Target)
if TPlayer and TPlayer.Character then
local LHumanoid = LChar and LChar:FindFirstChildOfClass(_Gqfdtk)
local THumanoid = TPlayer.Character:FindFirstChildOfClass(_KOFUGr)
if LHumanoid and THumanoid then
local LDesc = LHumanoid:GetAppliedDescription()
for _, acc in ipairs(LDesc:GetAccessories(true)) do
if acc.AssetId and tonumber(acc.AssetId) then
Remotes.Wear:InvokeServer(tonumber(acc.AssetId))
task.wait(0.2)
end
end
if tonumber(LDesc.Shirt) then
Remotes.Wear:InvokeServer(tonumber(LDesc.Shirt))
task.wait(0.2)
end
if tonumber(LDesc.Pants) then
Remotes.Wear:InvokeServer(tonumber(LDesc.Pants))
task.wait(0.2)
end
if tonumber(LDesc.Face) then
Remotes.Wear:InvokeServer(tonumber(LDesc.Face))
task.wait(0.2)
end
local PDesc = THumanoid:GetAppliedDescription()
local argsBody = {
[1] = {
[1] = PDesc.Torso,
[2] = PDesc.RightArm,
[3] = PDesc.LeftArm,
[4] = PDesc.RightLeg,
[5] = PDesc.LeftLeg,
[6] = PDesc.Head
}
}
Remotes.ChangeCharacterBody:InvokeServer(unpack(argsBody))
task.wait(0.5)
if tonumber(PDesc.Shirt) then
Remotes.Wear:InvokeServer(tonumber(PDesc.Shirt))
task.wait(0.3)
end
if tonumber(PDesc.Pants) then
Remotes.Wear:InvokeServer(tonumber(PDesc.Pants))
task.wait(0.3)
end
if tonumber(PDesc.Face) then
Remotes.Wear:InvokeServer(tonumber(PDesc.Face))
task.wait(0.3)
end
for _, v in ipairs(PDesc:GetAccessories(true)) do
if v.AssetId and tonumber(v.AssetId) then
Remotes.Wear:InvokeServer(tonumber(v.AssetId))
task.wait(0.3)
end
end
local SkinColor = TPlayer.Character:FindFirstChild(_Honkwh)
if SkinColor then
Remotes.ChangeBodyColor:FireServer(tostring(SkinColor.HeadColor))
task.wait(0.3)
end
if tonumber(PDesc.IdleAnimation) then
Remotes.Wear:InvokeServer(tonumber(PDesc.IdleAnimation))
task.wait(0.3)
end
local Bag = TPlayer:FindFirstChild(_PpVBUW)
if Bag then
if Bag:FindFirstChild(_WOomfS) and Bag.RPName.Value ~= _LBtpmH then
Remotes.RPNameText:FireServer(_MAaBnU, Bag.RPName.Value)
task.wait(0.3)
end
if Bag:FindFirstChild(_WsrMXM) and Bag.RPBio.Value ~= _MerQbk then
Remotes.RPNameText:FireServer(_BxiZyJ, Bag.RPBio.Value)
task.wait(0.3)
end
if Bag:FindFirstChild(_PrPgjE) then
Remotes.RPNameColor:FireServer(_ADHSNU, Bag.RPNameColor.Value)
task.wait(0.3)
end
if Bag:FindFirstChild(_WnyrBX) then
Remotes.RPNameColor:FireServer(_yaHWSD, Bag.RPBioColor.Value)
task.wait(0.3)
end
end
end
end
end
})
local colors = {
Color3.new(1, 0, 0),
Color3.new(0, 1, 0),
Color3.new(0, 0, 1),
Color3.new(1, 1, 0),
Color3.new(0, 1, 1),
Color3.new(1, 0, 1)
}
local isHouseRGBActive = false
local function changeColor()
local replicatedStorage = game:GetService(_UUcXpC)
local remoteEvent = replicatedStorage:FindFirstChild(_uUTccU) and replicatedStorage.RE:FindFirstChild(_WJYDId)
if not remoteEvent then
warn(_WKXzpD)
return
end
while isHouseRGBActive do
for _, color in ipairs(colors) do
if not isHouseRGBActive then return end
local args = {
[1] = _RULJGd,
[2] = color
}
pcall(function()
remoteEvent:FireServer(unpack(args))
end)
task.wait(0.8)
end
end
end
local function toggleHouseRGB(state)
isHouseRGBActive = state
if isHouseRGBActive then
print(_faMbxO)
spawn(changeColor)
else
print(_QRCgJS)
end
end
local isUnbanActive = false
local HouseTab = Window:MakeTab({_xRTkON, _qigmzh})
local SelectHouse = nil
local NoclipDoor = nil
local function getHouseList()
local Tabela = {}
local lots = workspace:FindFirstChild(_rozegB)
if lots then
for _, House in ipairs(lots:GetChildren()) do
if House.Name ~= _AjaKXW and House:IsA(_MLbUOE) then
table.insert(Tabela, House.Name)
end
end
end
return Tabela
end
pcall(function()
HouseTab:AddDropdown({
Name = _djSiOW,
Options = getHouseList(),
Default = _IfkXmt,
Callback = function(Value)
SelectHouse = Value
if NoclipDoor then
NoclipDoor:Set(false)
end
print(_iKCsbt .. tostring(Value))
end
})
end)
local function DropdownHouseUpdate()
local Tabela = getHouseList()
print(_qqtIFh, #Tabela)
pcall(function()
HouseTab:ClearDropdown(_EaPYcB)
HouseTab:AddDropdown({
Name = _pGwwdt,
Options = Tabela,
Default = _ANwTmv,
Callback = function(Value)
SelectHouse = Value
if NoclipDoor then
NoclipDoor:Set(false)
end
end
})
end)
end
pcall(DropdownHouseUpdate)
pcall(function()
HouseTab:AddButton({
Name = _tjneyc,
Callback = function()
print(_fngKCO)
pcall(DropdownHouseUpdate)
end
})
end)
pcall(function()
HouseTab:AddButton({
Name = _AMgojc,
Callback = function()
local House = workspace[_DDCKcL]:FindFirstChild(tostring(SelectHouse))
if House and game.Players.LocalPlayer.Character then
game.Players.LocalPlayer.Character.HumanoidRootPart.CFrame = CFrame.new(House.WorldPivot.Position)
else
print(_fgMSHl .. tostring(SelectHouse))
end
end
})
end)
pcall(function()
HouseTab:AddButton({
Name = _gWZHuV,
Callback = function()
local House = workspace[_dPENVD]:FindFirstChild(tostring(SelectHouse))
if House and House:FindFirstChild(_HyXSVy) and game.Players.LocalPlayer.Character then
local safe = House.HousePickedByPlayer.HouseModel:FindFirstChild(_UjuIRj)
if safe then
game.Players.LocalPlayer.Character.HumanoidRootPart.CFrame = CFrame.new(safe.WorldPivot.Position)
else
print(_JUnLlw .. tostring(SelectHouse))
end
else
print(_immHGt .. tostring(SelectHouse))
end
end
})
end)
pcall(function()
NoclipDoor = HouseTab:AddToggle({
Name = _mrTSrE,
Description = _MeowiT,
Default = false,
Callback = function(Value)
pcall(function()
local House = workspace[_tGlXsJ]:FindFirstChild(tostring(SelectHouse))
if House and House:FindFirstChild(_FoWMhq) then
local housepickedbyplayer = House.HousePickedByPlayer
local doors = housepickedbyplayer.HouseModel:FindFirstChild(_hklrUc)
if doors and doors:FindFirstChild(_RZVGDk) then
for _, Base in ipairs(doors.HouseDoorFront:GetChildren()) do
if Base:IsA(_FmdXNR) then
Base.CanCollide = not Value
end
end
end
end
end)
end
})
end)
pcall(function()
HouseTab:AddToggle({
Name = _whdwkR,
Description = _yfoUOV,
Default = false,
Callback = function(Value)
getgenv().ChaosHubAutoSpawnDoorbellValue = Value
spawn(function()
while getgenv().ChaosHubAutoSpawnDoorbellValue do
local House = workspace[_otxpmQ]:FindFirstChild(tostring(SelectHouse))
if House and House:FindFirstChild(_RvXjFP) then
local doorbell = House.HousePickedByPlayer.HouseModel:FindFirstChild(_vfTMQP)
if doorbell and doorbell:FindFirstChild(_dKYqQy) then
pcall(function()
fireclickdetector(doorbell.TouchBell.ClickDetector)
end)
end
end
task.wait(0.5)
end
end)
end
})
end)
pcall(function()
HouseTab:AddToggle({
Name = _KrBVQP,
Description = _cuSIzx,
Default = false,
Callback = function(Value)
getgenv().ChaosHubAutoSpawnDoorValue = Value
spawn(function()
while getgenv().ChaosHubAutoSpawnDoorValue do
local House = workspace[_wlfvCk]:FindFirstChild(tostring(SelectHouse))
if House and House:FindFirstChild(_arzkNa) then
local doors = House.HousePickedByPlayer.HouseModel:FindFirstChild(_zZWAnq)
if doors and doors:FindFirstChild(_MixUgx) and doors.HouseDoorFront:FindFirstChild(_AxdwHa) then
pcall(function()
fireclickdetector(doors.HouseDoorFront.Knock.TouchBell.ClickDetector)
end)
end
end
task.wait(0.5)
end
end)
end
})
end)
pcall(function()
HouseTab:AddSection({ Name = _BhqKSr })
end)
local casas = {
[_smSTpq] = Vector3.new(260.29, 4.37, 209.32),
[_OTOAnb] = Vector3.new(234.49, 4.37, 228.00),
[_WtokKF] = Vector3.new(262.79, 21.37, 210.84),
[_uuxjoe] = Vector3.new(229.60, 21.37, 225.40),
[_BrYLrZ] = Vector3.new(173.44, 21.37, 228.11),
[_dxlkCZ] = Vector3.new(-43, 21, -137),
[_wQCRdl] = Vector3.new(-40, 36, -137),
[_Rdjbob] = Vector3.new(-21, 40, 436),
[_tNheCR] = Vector3.new(155, 37, 433),
[_AoTwjg] = Vector3.new(255, 35, 431),
[_ZaPxrx] = Vector3.new(254, 38, 394),
[_qluUjG] = Vector3.new(148, 39, 387),
[_CaDMEx] = Vector3.new(-17, 42, 395),
[_tYEPdz] = Vector3.new(-189, 37, -247),
[_tFbsXk] = Vector3.new(-354, 37, -244),
[_RRFxVJ] = Vector3.new(-456, 36, -245),
[_NlZvyd] = Vector3.new(-453, 38, -295),
[_CQYUTF] = Vector3.new(-356, 38, -294),
[_aboGHR] = Vector3.new(-187, 37, -295),
[_NmhKsq] = Vector3.new(-410, 68, -447),
[_FNdIxU] = Vector3.new(-348, 69, -496),
[_XSguXq] = Vector3.new(-103, 12, 1087),
[_sKaqLH] = Vector3.new(-730, 6, 808),
[_ZGyIkV] = Vector3.new(-245, 7, 822),
[_ZUbWbN] = Vector3.new(639, 76, -361),
[_rxdTer] = Vector3.new(-908, 6, -361),
[_rLluLb] = Vector3.new(-111, 70, -417),
[_hmTXEl] = Vector3.new(230, 38, 569),
[_gwvCTW] = Vector3.new(-30, 13, 2209)
}
local casasNomes = {}
for nome, _ in pairs(casas) do
table.insert(casasNomes, nome)
end
table.sort(casasNomes, function(a, b)
local numA = tonumber(a:match(_HhImJE)) or 0
local numB = tonumber(b:match(_uzAWQv)) or 0
return numA < numB
end)
pcall(function()
HouseTab:AddDropdown({
Name = _qfEoEF,
Options = casasNomes,
Callback = function(casaSelecionada)
local player = game.Players.LocalPlayer
if player and player.Character then
player.Character.HumanoidRootPart.CFrame = CFrame.new(casas[casaSelecionada])
end
end
})
end)
pcall(function()
HouseTab:AddLabel(_wRcBiP)
end)
pcall(function()
HouseTab:AddSection({ Name = _sqXbHK })
end)
pcall(function()
HouseTab:AddToggle({
Name = _MeLRGA,
Default = false,
Callback = function(state)
isUnbanActive = state
if isUnbanActive then
print(_glELDW)
spawn(startAutoUnban)
else
print(_xKQvBg)
end
end
})
end)
pcall(function()
HouseTab:AddLabel(_lwKvps)
end)
pcall(function()
HouseTab:AddSection({ Name = _SCcSES })
end)
pcall(function()
HouseTab:AddToggle({
Name = _JUmjcN,
Default = false,
Callback = function(state)
toggleHouseRGB(state)
end
})
end)
pcall(function()
HouseTab:AddLabel(_nRPAJG)
end)
function startAutoUnban()
while isUnbanActive do
pcall(function()
for _, v in pairs(game:GetService(_VrpEjw):WaitForChild(_yQihuA):GetDescendants()) do
if v.Name:match(_xxOPDy) then
v:Destroy()
end
end
end)
task.wait(1)
end
end
local Tab = Window:MakeTab({_yzCfjB, _ywomwV})
Tab:AddSection({_tPUojQ})
local audios = {
{Name = _XVbRAo, ID = 108494476595033},
{Name = _LhXBpx, ID = 5710016194},
{Name = _EgLcKt, ID = 85435253347146},
{Name = _qZRGKF, ID = 6855150757},
{Name = _pDaQhp, ID = 120034877160791},
{Name = _MowZiP, ID = 110637995610528},
{Name = _ynKyNs, ID = 116214940486087},
{Name = _vpPnGj, ID = 137177653817621},
{Name = _gQgWSp, ID = 128669424001766},
{Name = _mOiPXc, ID = 9068077052},
{Name = _GYCBtV, ID = 80156405968805},
{Name = _fNqEHq, ID = 9084006093},
{Name = _rSmSPd, ID = 6651571134},
{Name = _wLglnZ, ID = 6701126635},
{Name = _qCMIAa, ID = 5853668794},
{Name = _ajfaoD, ID = 7056720271},
{Name = _JZCYjq, ID = 7153419575},
{Name = _LGZMcD, ID = 2496367477},
{Name = _LGbwpL, ID = 270145703},
{Name = _WyPoJR, ID = 18131809532},
{Name = _faWVuz, ID = 130759239},
{Name = _eyHagL, ID = 6549021381},
{Name = _DxfcVk, ID = 80156405968805},
{Name = _glTjcD, ID = 7705506391},
{Name = _DBIPwT, ID = 7772283448},
{Name = _PSjDbN, ID = 18786647417},
{Name = _UroXph, ID = 7129073354},
{Name = _RWUXaw, ID = 675587093},
{Name = _waNkMJ, ID = 7520729342},
{Name = _iEQfzW, ID = 91412024101709},
{Name = _vdVXiZ, ID = 268116333},
{Name = _jskLcQ, ID = 106835463235574},
{Name = _xoDosd, ID = 132603645477541},
{Name = _TCVTAB, ID = 133843750864059},
{Name = _nsHkNe, ID = 84663543883498},
{Name = _BiinjI, ID = 8747441609},
{Name = _WxHhtA, ID = 103440368630269},
{Name = _rqmixE, ID = 101232400175829},
{Name = _XktOfN, ID = 78442476709262},
}
local selectedAudioID
Tab:AddTextBox({
Name = _bqSjOh,
Description = _HvWbkL,
PlaceholderText = _MQYjyt,
Callback = function(value)
selectedAudioID = tonumber(value)
end
})
local audioNames = {}
for _, audio in ipairs(audios) do
table.insert(audioNames, audio.Name)
end
Tab:AddDropdown({
Name = _GHXIic,
Description = _xFeGrn,
Options = audioNames,
Default = audioNames[1],
Flag = _osvmdx,
Callback = function(value)
for _, audio in ipairs(audios) do
if audio.Name == value then
selectedAudioID = audio.ID
break
end
end
end
})
local audioLoop = false
Tab:AddSection({_tyOuPw})
local function playLoopedAudio()
while audioLoop do
if selectedAudioID then
local args = {
[1] = game:GetService(_CmUOOu),
[2] = selectedAudioID,
[3] = 1,
}
game:GetService(_lAspso).RE:FindFirstChild(_TpvOUx):FireServer(unpack(args))
local sound = Instance.new(_bqHRrc)
sound.SoundId = _NSADEM .. selectedAudioID
sound.Parent = game.Players.LocalPlayer.Character.HumanoidRootPart
sound:Play()
else
warn(_bBKfIT)
end
task.wait(0.5)
end
end
Tab:AddToggle({
Name = _hqGjFW,
Description = _ALhJRh,
Default = false,
Flag = _CKPVbr,
Callback = function(value)
audioLoop = value
if audioLoop then
task.spawn(playLoopedAudio)
end
end
})
Tab:AddParagraph({_aPXleD, _ISJdJs})
local function playAudio()
if selectedAudioID then
local args = {
[1] = game:GetService(_TDasIU),
[2] = selectedAudioID,
[3] = 1,
}
game:GetService(_ROdVpR).RE:FindFirstChild(_WmMwMl):FireServer(unpack(args))
local sound = Instance.new(_wHIiUO)
sound.SoundId = _MPJDLL .. selectedAudioID
sound.Parent = game.Players.LocalPlayer.Character.HumanoidRootPart
sound:Play()
else
warn(_lUPncM)
end
end
Tab:AddSection({_ApYuHW})
Tab:AddButton({_bISdNy, function()
playAudio()
end})
local ReplicatedStorage = game:GetService(_pQhFNG)
local audioID = 6314880174
local function Audio_All_ClientSide(ID)
local function CheckFolderAudioAll()
local FolderAudio = workspace:FindFirstChild(_KLHcdD)
if not FolderAudio then
FolderAudio = Instance.new(_bQsayB)
FolderAudio.Name = _bKnaEY
FolderAudio.Parent = workspace
end
return FolderAudio
end
local function CreateSound(ID)
if type(ID) ~= _MSxuJi then
print(_oeEKur)
return nil
end
local Folder_Audio = CheckFolderAudioAll()
if Folder_Audio then
local Sound = Instance.new(_TwEBHD)
Sound.SoundId = _QekCvq .. ID
Sound.Volume = 1
Sound.Looped = false
Sound.Parent = Folder_Audio
Sound:Play()
task.wait(1)
Sound:Destroy()
end
end
CreateSound(ID)
end
local function Audio_All_ServerSide(ID)
if type(ID) ~= _tHzwaK then
print(_IpskYA)
return nil
end
local GunSoundEvent = ReplicatedStorage:FindFirstChild(_anGZvQ, true)
if GunSoundEvent then
GunSoundEvent:FireServer(workspace, ID, 1)
end
end
Tab:AddToggle({
Name = _yrDXnG,
Description = _qtqXOk,
Default = false,
Flag = _bTVlCM,
Callback = function(value)
getgenv().Audio_All_loop_fast = value
while getgenv().Audio_All_loop_fast do
Audio_All_ServerSide(audioID)
task.spawn(function()
Audio_All_ClientSide(audioID)
end)
task.wait(0.03)
end
end
})
Tab:AddParagraph({_eJsPqg, _griplT})
local Tab = Window:MakeTab({_vUJujn, _YKaoTO})
local Section = Tab:AddSection({
Name = _IuwFVR
})
Tab:AddButton({
Name = _JxPnyR,
Callback = function()
for m = 1, 495 do
local args = {
[1] = _WFDDWM,
[2] = _DoMSqu
}
game:GetService(_hZcHvv).RE:FindFirstChild(_BuMdGJ):InvokeServer(unpack(args))
local args = {
[1] = _siaylY,
[2] = _KyitOt
}
game:GetService(_MvcUFO).LocalPlayer.Backpack.FireHose.ToolSound:FireServer(unpack(args))
end
local oldcf = game.Players.LocalPlayer.Character.HumanoidRootPart.CFrame
game.Players.LocalPlayer.Character.HumanoidRootPart.CFrame = CFrame.new(999999999.414, -475, 999999999.414)
local rootpart = game.Players.LocalPlayer.Character.HumanoidRootPart
repeat wait() until rootpart.Parent == nil
repeat wait() until game.Players.LocalPlayer.Character:FindFirstChild(_PVLdZq)
game.Players.LocalPlayer.Character.HumanoidRootPart.CFrame = oldcf
game:GetService(_GWKxQF):SetCore(_sXvVND, {
Title = _WAmYmO,
Text = _TusizT,
Button1 = _qeStdx,
Duration = 5
})
wait()
for _, ergeg in pairs(game.Players.LocalPlayer.Backpack:GetChildren()) do
if ergeg.Name == _QjcVJF then
ergeg.Parent = game.Players.LocalPlayer.Character
end
end
wait(0.2)
game:GetService(_geOWQC):SetCore(_eeOrBe, {
Title = _qcWhyn,
Text = _PEZzsz,
Button1 = _IeWdgH,
Duration = 5
})
wait(0.5)
game.Players.LocalPlayer.Character.HumanoidRootPart.CFrame = CFrame.new(9999, -475, 9999)
end
})
Tab:AddButton({
Name = _VpKzhz,
Callback = function()
for m = 1, 535 do
local args = {
[1] = _Szewwh,
[2] = _Hsrjoo
}
game:GetService(_UymEXX).RE:FindFirstChild(_vUepsv):InvokeServer(unpack(args))
local args = {
[1] = _XNivtr,
[2] = _LtJjYG
}
game:GetService(_WEpKiu).LocalPlayer.Backpack.FireHose.ToolSound:FireServer(unpack(args))
end
local oldcf = game.Players.LocalPlayer.Character.HumanoidRootPart.CFrame
game.Players.LocalPlayer.Character.HumanoidRootPart.CFrame = CFrame.new(999999999.414, -475, 999999999.414)
local rootpart = game.Players.LocalPlayer.Character.HumanoidRootPart
repeat wait() until rootpart.Parent == nil
repeat wait() until game.Players.LocalPlayer.Character:FindFirstChild(_vhHPZC)
game.Players.LocalPlayer.Character.HumanoidRootPart.CFrame = oldcf
game:GetService(_DEDyQk):SetCore(_NdNRbB, {
Title = _fxEslb,
Text = _hGtEnm,
Button1 = _pHANTw,
Duration = 5
})
wait()
for _, ergeg in pairs(game.Players.LocalPlayer.Backpack:GetChildren()) do
if ergeg.Name == _zvYUrR then
ergeg.Parent = game.Players.LocalPlayer.Character
end
end
wait(0.2)
game:GetService(_fhjUsL):SetCore(_DYlUgj, {
Title = _ITsNfo,
Text = _taUjVY,
Button1 = _MOoliW,
Duration = 5
})
wait(0.5)
game.Players.LocalPlayer.Character.HumanoidRootPart.CFrame = CFrame.new(9999, -475, 9999)
end
})
Tab:AddButton({
Name = _BxalKt,
Callback = function()
for m = 1, 635 do
local args = {
[1] = _iVKQwK,
[2] = _TxryGo
}
game:GetService(_fjDzDY).RE:FindFirstChild(_KkiyzV):InvokeServer(unpack(args))
local args = {
[1] = _FyluBm,
[2] = _DwcsvR
}
game:GetService(_DndRty).LocalPlayer.Backpack.FireHose.ToolSound:FireServer(unpack(args))
end
local oldcf = game. ascended
game.Players.LocalPlayer.Character.HumanoidRootPart.CFrame = oldcf
game:GetService(_kpnFaE):SetCore(_SbEIMB, {
Title = _TvHnro,
Text = _FonISC,
Button1 = _AYSZse,
Duration = 5
})
wait()
for _, ergeg in pairs(game.Players.LocalPlayer.Backpack:GetChildren()) do
if ergeg.Name == _RgniEr then
ergeg.Parent = game.Players.LocalPlayer.Character
end
end
wait(0.2)
game:GetService(_UzGakt):SetCore(_objpdW, {
Title = _fNmUoB,
Text = _TEOYxV,
Button1 = _RiFMdR,
Duration = 5
})
wait(0.5)
game.Players.LocalPlayer.Character.HumanoidRootPart.CFrame = CFrame.new(9999, -475, 9999)
end
})
local Section = Tab:AddSection({
Name = _kTKETq
})
local toggles = { LagLaptop = false }
local function clickNormally(object)
local clickDetector = object:FindFirstChildWhichIsA(_TLhkxz)
if clickDetector then
fireclickdetector(clickDetector)
end
end
local function lagarJogoLaptop(laptopPath, maxTeleports)
if laptopPath then
local teleportCount = 0
while teleportCount < maxTeleports and toggles.LagLaptop do
game.Players.LocalPlayer.Character.HumanoidRootPart.CFrame = laptopPath.CFrame
clickNormally(laptopPath)
teleportCount = teleportCount + 1
wait(0.0001)
end
else
warn(_ZbKWSg)
end
end
Tab:AddToggle({
Name = _rGRyQq,
Default = false,
Callback = function(state)
toggles.LagLaptop = state
if state then
local laptopPath = workspace:FindFirstChild(_GCHcKw):FindFirstChild(_PGAIrD):FindFirstChild(_OgNqwd)
if laptopPath then
spawn(function()
lagarJogoLaptop(laptopPath, 999999999)
end)
else
warn(_EgpTbG)
end
else
print(_zWlrlk)
end
end
})
Tab:AddParagraph({
_ZyYocf,
_rGHxbP
})
local Section = Tab:AddSection({
Name = _LuqLQZ
})
toggles.LagPhone = false
local function lagarJogoPhone(phonePath, maxTeleports)
if phonePath then
local teleportCount = 0
while teleportCount < maxTeleports and toggles.LagPhone do
game.Players.LocalPlayer.Character.HumanoidRootPart.CFrame = phonePath.CFrame
clickNormally(phonePath)
teleportCount = teleportCount + 1
wait(0.01)
end
else
warn(_MfLyCF)
end
end
Tab:AddToggle({
Name = _GIGfLY,
Default = false,
Callback = function(state)
toggles.LagPhone = state
if state then
local phonePath = workspace:FindFirstChild(_BqudyQ):FindFirstChild(_mzgJlE):FindFirstChild(_zCrwWG):FindFirstChild(_hMwKJE):FindFirstChild(_YSTVua):FindFirstChild(_TcIKfN)
if phonePath then
spawn(function()
lagarJogoPhone(phonePath, 999999)
end)
else
warn(_ICnNOH)
end
else
print(_TQIgWM)
end
end
})
Tab:AddParagraph({
_uTfcwr,
_gPFsDt
})
local Section = Tab:AddSection({
Name = _sCnZGE
})
local BombActive = false
Tab:AddToggle({
Name = _zxGrnZ,
Default = false,
Callback = function(Value)
if Value then
BombActive = true
local Player = game.Players.LocalPlayer
local Character = Player.Character or Player.CharacterAdded:Wait()
local RootPart = Character:WaitForChild(_hoRvjh)
local WorkspaceService = game:GetService(_KhUcAf)
local ReplicatedStorage = game:GetService(_YbYxoy)
local Bomb = WorkspaceService:WaitForChild(_vnvYdV):WaitForChild(_uZbkGe):WaitForChild(_DiwVvr):WaitForChild(_oOinYV)
task.spawn(function()
while BombActive do
if Bomb and RootPart then
RootPart.CFrame = Bomb.CFrame
fireclickdetector(Bomb.ClickDetector)
task.wait(0.00001)
else
task.wait(0.0001)
end
end
end)
task.spawn(function()
while BombActive do
if Bomb and RootPart then
local VirtualInputManager = game:GetService(_OvObnV)
VirtualInputManager:SendMouseButtonEvent(500, 500, 0, true, game, 0)
task.wait(1.5)
VirtualInputManager:SendMouseButtonEvent(500, 500, 0, false, game, 0)
local args = {
[1] = _rKiqnp .. Player.Name
}
ReplicatedStorage:WaitForChild(_koAsKz):WaitForChild(_OqcUVJ):FireServer(unpack(args))
end
task.wait(1.5)
end
end)
else
BombActive = false
end
end
})
Tab:AddParagraph({
_IwHEda,
_Orhcho
})
local Tab = Window:MakeTab({_oPCLjY, _TkQAof})
local isNameActive = false
local isBioActive = false
local SectionRGBName = Tab:AddSection({
Name = _gEkWWp
})
Tab:AddToggle({
Name = _GtvKhC,
Description = _RcYQaa,
Default = false,
Callback = function(value)
isNameActive = value
print(value and _DlyVbX or _NpbOOz)
end
})
local SectionRGBBio = Tab:AddSection({
Name = _SeGhJr
})
Tab:AddToggle({
Name = _thsiNn,
Description = _rjGxIs,
Default = false,
Callback = function(value)
isBioActive = value
print(value and _MDgGTS or _WpBJmT)
end
})
local vibrantColors = {
Color3.fromRGB(255, 0, 0),
Color3.fromRGB(0, 255, 0),
Color3.fromRGB(0, 0, 255),
Color3.fromRGB(255, 255, 0),
Color3.fromRGB(255, 0, 255),
Color3.fromRGB(0, 255, 255),
Color3.fromRGB(255, 165, 0),
Color3.fromRGB(128, 0, 128),
Color3.fromRGB(255, 20, 147)
}
spawn(function()
while true do
if isNameActive then
local randomColor = vibrantColors[math.random(#vibrantColors)]
local args = {
[1] = _VuysMs,
[2] = randomColor
}
game:GetService(_mJBAmH).RE:FindFirstChild(_WCCPXf):FireServer(unpack(args))
end
wait(0.7)
end
end)
spawn(function()
while true do
if isBioActive then
local randomColor = vibrantColors[math.random(#vibrantColors)]
local args = {
[1] = _jOwzmt,
[2] = randomColor
}
game:GetService(_vmCVdF).RE:FindFirstChild(_WAQihN):FireServer(unpack(args))
end
wait(0.7)
end
end)
local SectionNames = Tab:AddSection({
Name = _zdQBIb
})
local names = {
{_JQhsyY, _xtIxKp},
{_AAhADK, _ViSXKL},
{_DocPyY, _vsdRmX},
{_ehILiQ, _RJaytM},
{_EKojyI, _xtmOsQ},
{_wjzTWC, _fQMWgM},
{_DcoUgB, _QodMzD},
{_urSqwa, _fDcCWS},
{_gzewco, _gDYkVx},
{_nQEmsD, _CxorGh},
{_RVNQpO, _dyTTzU},
{_bEudRC, _BwoOnk}
}
for _, name in ipairs(names) do
Tab:AddButton({
Name = _uliClN .. name[1],
Callback = function()
game:GetService(_YQMnyW).RE[_ymaxtP]:FireServer(_xjzETg, name[2])
end
})
end
local CarTab = Window:MakeTab({_iEUtuC, _FIxjhy})
local colors = {
Color3.new(1, 0, 0),
Color3.new(0, 1, 0),
Color3.new(0, 0, 1),
Color3.new(1, 1, 0),
Color3.new(1, 0, 1),
Color3.new(0, 1, 1),
Color3.new(0.5, 0, 0.5),
Color3.new(1, 0.5, 0)
}
local replicatedStorage = game:GetService(_mUBxBi)
local remoteEvent = replicatedStorage:WaitForChild(_tEWrUH):WaitForChild(_KSHtUE)
local isColorChanging = false
local colorChangeCoroutine = nil
local function changeCarColor()
while isColorChanging do
for _, color in ipairs(colors) do
if not isColorChanging then return end
local args = {
[1] = _eicRnd,
[2] = color
}
remoteEvent:FireServer(unpack(args))
wait(1)
end
end
end
CarTab:AddButton({
Name = _dtNDyp,
Callback = function()
local ofnawufn = false
if ofnawufn == true then
return
end
ofnawufn = true
local cawwfer = _KWFWBB
local oldcfffff = game.Players.LocalPlayer.Character.HumanoidRootPart.CFrame
game.Players.LocalPlayer.Character.HumanoidRootPart.CFrame = CFrame.new(1754, -2, 58)
wait(0.3)
local args = {
[1] = _eNknzT,
[2] = cawwfer
}
game:GetService(_iOMoxT).RE:FindFirstChild(_yxYdcF):FireServer(unpack(args))
wait(1)
local wrinfjn
for _, errb in pairs(game.workspace.Vehicles[game.Players.LocalPlayer.Name.._JzNTkA]:GetDescendants()) do
if errb:IsA(_KZuoiv) then
wrinfjn = errb
end
end
repeat
if game.Players.LocalPlayer.Character.Humanoid.Health == 0 then return end
if game.Players.LocalPlayer.Character.Humanoid.Sit == true then
if not game.Players.LocalPlayer.Character.Humanoid.SeatPart == wrinfjn then
game.Players.LocalPlayer.Character.Humanoid.Sit = false
end
end
game.Players.LocalPlayer.Character.HumanoidRootPart.CFrame = wrinfjn.CFrame
task.wait()
game.Players.LocalPlayer.Character.HumanoidRootPart.CFrame = wrinfjn.CFrame + Vector3.new(0,1,0)
task.wait()
game.Players.LocalPlayer.Character.HumanoidRootPart.CFrame = wrinfjn.CFrame + Vector3.new(0,-1,0)
task.wait()
until game.Players.LocalPlayer.Character.Humanoid.SeatPart == wrinfjn
for _, wifn in pairs(game.workspace.Vehicles[game.Players.LocalPlayer.Name.._PDsiaO]:GetDescendants()) do
if wifn.Name == _jTLESU then
wifn:Destroy()
end
end
local FLINGED = Instance.new(_xYmKON, game.workspace.Vehicles[game.Players.LocalPlayer.Name.._JZPfkJ].Chassis.Mass)
FLINGED.Force = Vector3.new(50000, 0, 50000)
FLINGED.Name = _akxohU
FLINGED.Location = game.workspace.Vehicles[game.Players.LocalPlayer.Name.._WYxAGC].Chassis.Mass.Position
for _, wvwvwasc in pairs(game.workspace.Vehicles:GetChildren()) do
for _, ascegr in pairs(wvwvwasc:GetDescendants()) do
if ascegr.Name == _vIuSrs then
local targetcar = ascegr
local tet = Instance.new(_ChcNMq, game.workspace.Vehicles[game.Players.LocalPlayer.Name.._TycPXc].Chassis.Mass)
tet.MaxForce = Vector3.new(math.huge,math.huge,math.huge)
tet.P = 1250
tet.Velocity = Vector3.new(0,0,0)
tet.Name = _beiHel
for m=1,25 do
local pos = {x=0, y=0, z=0}
pos.x = targetcar.Position.X
pos.y = targetcar.Position.Y
pos.z = targetcar.Position.Z
pos.x = pos.x + targetcar.Velocity.X / 2
pos.y = pos.y + targetcar.Velocity.Y / 2
pos.z = pos.z + targetcar.Velocity.Z / 2
if pos.y <= -200 then
game.workspace.Vehicles[game.Players.LocalPlayer.Name.._rTvyJw].Chassis.Mass.CFrame = CFrame.new(0,1000,0)
else
game.workspace.Vehicles[game.Players.LocalPlayer.Name.._mTRLtc].Chassis.Mass.CFrame = CFrame.new(Vector3.new(pos.x,pos.y,pos.z))
task.wait()
game.workspace.Vehicles[game.Players.LocalPlayer.Name.._ZIcWxp].Chassis.Mass.CFrame = CFrame.new(Vector3.new(pos.x,pos.y,pos.z)) + Vector3.new(0,-2,0)
task.wait()
game.workspace.Vehicles[game.Players.LocalPlayer.Name.._JguAMG].Chassis.Mass.CFrame = CFrame.new(Vector3.new(pos.x,pos.y,pos.z)) * CFrame.new(0,0,2)
task.wait()
game.workspace.Vehicles[
game.Players.LocalPlayer.Name.._NVqZUs].Chassis.Mass.CFrame = CFrame.new(Vector3.new(pos.x,pos.y,pos.z)) * CFrame.new(2,0,0)
task.wait()
end
task.wait()
end
end
end
end
task.wait()
local args = {
[1] = _yIFzad
}
game:GetService(_dkAdtz).RE:FindFirstChild(_zZvIvQ):FireServer(unpack(args))
game.Players.LocalPlayer.Character.Humanoid.Sit = false
wait()
local tet = Instance.new(_IgyDrL, game.Players.LocalPlayer.Character.HumanoidRootPart)
tet.MaxForce = Vector3.new(math.huge,math.huge,math.huge)
tet.P = 1250
tet.Velocity = Vector3.new(0,0,0)
tet.Name = _hsWZvE
wait(0.1)
for m=1,2 do
task.wait()
game.Players.LocalPlayer.Character.HumanoidRootPart.CFrame = oldcfffff
end
wait(1)
game.Players.LocalPlayer.Character.HumanoidRootPart.CFrame = oldcfffff
wait()
game.Players.LocalPlayer.Character.HumanoidRootPart:FindFirstChild(_nnZJhP):Destroy()
wait(0.2)
ofnawufn = false
end
})
CarTab:AddParagraph({_gJQsPh, _DifLMa})
CarTab:AddButton({
Name = _VgwJDA,
Callback = function()
for _, v in next, workspace.Vehicles:GetChildren() do
v:SetPrimaryPartCFrame(game.Players.LocalPlayer.Character:GetPrimaryPartCFrame())
end
end
})
CarTab:AddParagraph({_YBZTXT, _FIKBpO})
local SpeedSection = CarTab:AddSection({_VPldRM})
local Speed = 50
local Turbo = 50
local function ChangeCarSpeedAndTurbo(speedValue, turboValue)
local player = game.Players.LocalPlayer
local car = workspace.Vehicles:FindFirstChild(player.Name .. _zqdNKm)
if car then
local body = car:FindFirstChild(_fTBAQZ).VehicleSeat
if body then
body.TopSpeed.Value = speedValue
body.Turbo.Value = turboValue
wait(0.1)
redzlib:MakeNotification({
Name = _xlZfFQ,
Content = _JrTFxx,
Time = 5
})
else
redzlib:MakeNotification({
Name = _KiGqkH,
Content = _DErbVC,
Time = 5
})
end
else
redzlib:MakeNotification({
Name = _IsdJov,
Content = _AgeAcx,
Time = 5
})
end
end
CarTab:AddTextBox({
Name = _MpMwWC,
PlaceholderText = _gNBTOA,
Callback = function(value)
local newSpeed = tonumber(value)
if newSpeed then
Speed = newSpeed
end
end
})
CarTab:AddTextBox({
Name = _uKBoQE,
PlaceholderText = _gYxlmP,
Callback = function(value)
local newTurbo = tonumber(value)
if newTurbo then
Turbo = newTurbo
end
end
})
CarTab:AddTextBox({
Name = _hJAvEU,
PlaceholderText = _lPpRQF,
Callback = function(value)
local args = {
[1] = _NAqUeo,
[2] = value
}
game:GetService(_MKFFbJ).RE:FindFirstChild(_haNqDo):FireServer(unpack(args))
end
})
CarTab:AddButton({
Name = _OjkYLc,
Callback = function()
ChangeCarSpeedAndTurbo(Speed, Turbo)
end
})
local TurboSection = CarTab:AddSection({_gyrBVs})
CarTab:AddButton({
Name = _UlkPNh,
Callback = function()
local player = game.Players.LocalPlayer
local character = player.Character or player.CharacterAdded:Wait()
local humanoidRootPart = character:FindFirstChild(_qtiMTb)
local voando = false
local velocidade = 30
local telaGui = Instance.new(_TCnctJ, player.PlayerGui)
local function criarBotaoImagem(nome, posicao, idImagem, rotacao, acao)
local botao = Instance.new(_evinFX, telaGui)
botao.Size = UDim2.new(0, 60, 0, 60)
botao.Position = posicao
botao.BackgroundTransparency = 1
botao.Image = _nfHDqd .. idImagem
botao.Rotation = rotacao
botao.MouseButton1Down:Connect(acao)
return botao
end
local botaoFrente = criarBotaoImagem(_UtADBG, UDim2.new(0, 10, 0.35, 0), _zShkck, 0, function()
voando = true
while voando do
if humanoidRootPart then
humanoidRootPart.Velocity = humanoidRootPart.CFrame.LookVector * velocidade
end
task.wait()
end
end)
local botaoTras = criarBotaoImagem(_pbkXpd, UDim2.new(0, 10, 0.5, 0), _sYrcfi, 180, function()
voando = true
while voando do
if humanoidRootPart then
humanoidRootPart.Velocity = -humanoidRootPart.CFrame.LookVector * velocidade
end
task.wait()
end
end)
local botaoEsquerda = criarBotaoImagem(_zRVLGd, UDim2.new(1, -210, 0.3, 0), _Bhkuan, -90, function()
voando = true
while voando do
if humanoidRootPart then
humanoidRootPart.Velocity = -humanoidRootPart.CFrame.RightVector * velocidade
end
task.wait()
end
end)
local botaoDireita = criarBotaoImagem(_dEBxQp, UDim2.new(1, -140, 0.3, 0), _ZuOkYN, 90, function()
voando = true
while voando do
if humanoidRootPart then
humanoidRootPart.Velocity = humanoidRootPart.CFrame.RightVector * velocidade
end
task.wait()
end
end)
local function pararVoo()
voando = false
if humanoidRootPart then
humanoidRootPart.Velocity = Vector3.new(0, 0, 0)
end
end
botaoFrente.MouseButton1Up:Connect(pararVoo)
botaoTras.MouseButton1Up:Connect(pararVoo)
botaoEsquerda.MouseButton1Up:Connect(pararVoo)
botaoDireita.MouseButton1Up:Connect(pararVoo)
local botaoTurbo = Instance.new(_yrZsnO, telaGui)
botaoTurbo.Size = UDim2.new(0, 60, 0, 60)
botaoTurbo.Position = UDim2.new(1, -130, 0, 10)
botaoTurbo.BackgroundTransparency = 1
botaoTurbo.Image = _PzADXk
botaoTurbo.MouseButton1Down:Connect(function()
velocidade = 300
end)
local botaoMinimizar = Instance.new(_uYLgME, telaGui)
botaoMinimizar.Size = UDim2.new(0, 60, 0, 60)
botaoMinimizar.Position = UDim2.new(0, 10, 0, 10)
botaoMinimizar.BackgroundTransparency = 1
botaoMinimizar.Text = _uvkUOH
botaoMinimizar.TextSize = 40
botaoMinimizar.TextColor3 = Color3.fromRGB(255, 255, 0)
local botoes = {botaoFrente, botaoTras, botaoEsquerda, botaoDireita, botaoTurbo}
local minimizado = false
local function alternarBotoes()
minimizado = not minimizado
for _, botao in ipairs(botoes) do
botao.Visible = not minimizado
end
if minimizado then
botaoMinimizar.Text = _rVmgCw
else
botaoMinimizar.Text = _GCIUIu
end
end
botaoMinimizar.MouseButton1Down:Connect(alternarBotoes)
end
})
CarTab:AddParagraph({_dvQwrI, _DNEVwv})
local MusicSection = CarTab:AddSection({_SKbKZD})
local musicIds = {
_DEYlcc, _PypNIM, _BdSAIW, _wtFziM,
_GFkVih, _XZohCL, _lgYcmi, _hkGJoh,
_nnUTjS, _OKXqDb, _ZKDGbF, _QlirMN,
_hYEMzu, _BtemMF, _vaucmI, _PHrNNn,
_hnHUBm, _IPRdLS, _HuxHzm, _rcPrjl,
_CBvxOs, _LvXQFz, _nTXZVT, _PwaUTt,
_APgLVE, _hweFAp, _pVfFwR, _Qjdtph,
_ofdblt, _lMxSFL, _eJZJYR, _rnYnRg,
_vqlBpR, _VPzxnt, _AjIFRb, _VIVlpE,
_EEwiaR, _vMTqQj, _bloNrY, _UKisUN,
_ZcpwWo, _cezhct, _vQAhpZ, _CiQviY,
_XqEISL, _VbSdUK, _GKZdrD, _kiGYED,
_xsKVsy, _zmlEKv, _niSJyz, _StzVyy,
_REIvax, _txZWNK, _iYNbnV, _MuYRoO,
_yqUULM, _qHKfvJ, _fyQjuh, _JejBgJ,
_wTLcAN, _hYXnQV, _fSxgpo, _uOWKBi,
_hIvLlE, _oThuXi, _geekiZ, _LCWKVW,
_mOHxar, _RsgjoB, _gezaNL, _HFenYG,
_pudIEH, _dCRCGl, _viYmxH, _imyjdf,
_cVOiII
}
local function playCarMusic(musicId)
if musicId and musicId ~= _cHbOHI then
local carArgs = {
[1] = _uLkJXp,
[2] = musicId
}
game:GetService(_ZvDnCj).RE:FindFirstChild(_wqPFUB):FireServer(unpack(carArgs))
end
end
local function playScooterMusic(musicId)
if musicId and musicId ~= _FKMNdx then
local scooterArgs = {
[1] = _NBRKWm,
[2] = musicId
}
game:GetService(_rCkBxr):WaitForChild(_idGkkB):WaitForChild(_gEyrar):FireServer(unpack(scooterArgs))
end
end
local function playHouseMusic(musicId)
if musicId and musicId ~= _xUesqi then
local houseArgs = {
[1] = _dmQJps,
[2] = musicId
}
game:GetService(_WOooJU):WaitForChild(_iezNBF):WaitForChild(_qpLbvP):FireServer(unpack(houseArgs))
end
end
CarTab:AddTextBox({
Name = _VhQkUm,
PlaceholderText = _lishRe,
Callback = function(value)
playCarMusic(value)
playScooterMusic(value)
playHouseMusic(value)
end
})
CarTab:AddDropdown({
Name = _jAanNc,
Options = musicIds,
Callback = function(value)
playCarMusic(value)
playScooterMusic(value)
playHouseMusic(value)
end
})
CarTab:AddParagraph({_lYvGLp, _AlNSTa})
local RGBSection = CarTab:AddSection({_OrloTE})
CarTab:AddToggle({
Name = _stRayn,
Default = false,
Callback = function(state)
isColorChanging = state
if isColorChanging then
colorChangeCoroutine = coroutine.create(changeCarColor)
coroutine.resume(colorChangeCoroutine)
end
end
})
CarTab:AddParagraph({_SXdPxR, _xsrybk})
local HornSection = CarTab:AddSection({_lqnMwH})
local spamming = false
local args = {_QXBXXI}
local function spamHorn()
while spamming do
remoteEvent:FireServer(unpack(args))
wait(0.1)
end
end
CarTab:AddToggle({
Name = _vgWGxP,
Default = false,
Callback = function(value)
spamming = value
if spamming then
spawn(spamHorn)
end
end
})
local FlySection = CarTab:AddSection({_ZXpHNt})
CarTab:AddButton({
Name = _pnZstr,
Callback = function()
local Flymguiv2 = Instance.new(_CqtVhQ)
local Drag = Instance.new(_HJxala)
local FlyFrame = Instance.new(_GVfCPn)
local ddnsfbfwewefe = Instance.new(_IpIBCa)
local Speed = Instance.new(_YsGuCg)
local Fly = Instance.new(_LZIcIa)
local Speeed = Instance.new(_PMmSZn)
local Stat = Instance.new(_TYmehU)
local Stat2 = Instance.new(_gWhAsU)
local Unfly = Instance.new(_KZwteH)
local Vfly = Instance.new(_nSdKvd)
local Close = Instance.new(_GeLTIt)
local Minimize = Instance.new(_UodCAG)
local Flyon = Instance.new(_bWzlbu)
local W = Instance.new(_BcaHHn)
local S = Instance.new(_ywmtBO)
Flymguiv2.Name = _CBCVxM
Flymguiv2.Parent = game.CoreGui
Flymguiv2.ZIndexBehavior = Enum.ZIndexBehavior.Sibling
Drag.Name = _bfuTgN
Drag.Parent = Flymguiv2
Drag.Active = true
Drag.BackgroundColor3 = Color3.fromRGB(0, 150, 191)
Drag.BorderSizePixel = 0
Drag.Draggable = true
Drag.Position = UDim2.new(0.482438415, 0, 0.454874992, 0)
Drag.Size = UDim2.new(0, 237, 0, 27)
FlyFrame.Name = _eVDDvF
FlyFrame.Parent = Drag
FlyFrame.BackgroundColor3 = Color3.fromRGB(80, 80, 80)
FlyFrame.BorderSizePixel = 0
FlyFrame.Draggable = true
FlyFrame.Position = UDim2.new(-0.00200000009, 0, 0.989000022, 0)
FlyFrame.Size = UDim2.new(0, 237, 0, 139)
ddnsfbfwewefe.Name = _qXlEAj
ddnsfbfwewefe.Parent = FlyFrame
ddnsfbfwewefe.BackgroundColor3 = Color3.fromRGB(0, 150, 191)
ddnsfbfwewefe.BorderSizePixel = 0
ddnsfbfwewefe.Position = UDim2.new(-0.000210968778, 0, -0.00395679474, 0)
ddnsfbfwewefe.Size = UDim2.new(0, 237, 0, 27)
ddnsfbfwewefe.Font = Enum.Font.SourceSans
ddnsfbfwewefe.Text = _xmAwQs
ddnsfbfwewefe.TextColor3 = Color3.fromRGB(255, 255, 0)
ddnsfbfwewefe.TextScaled = true
ddnsfbfwewefe.TextSize = 14.000
ddnsfbfwewefe.TextWrapped = true
Speed.Name = _SdJioX
Speed.Parent = FlyFrame
Speed.BackgroundColor3 = Color3.fromRGB(63, 63, 63)
Speed.BorderColor3 = Color3.fromRGB(0, 0, 191)
Speed.BorderSizePixel = 0
Speed.Position = UDim2.new(0.445025861, 0, 0.402877688, 0)
Speed.Size = UDim2.new(0, 111, 0, 33)
Speed.Font = Enum.Font.SourceSans
Speed.PlaceholderColor3 = Color3.fromRGB(255, 255, 0)
Speed.Text = _lXgLNF
Speed.TextColor3 = Color3.fromRGB(255, 255, 0)
Speed.TextScaled = true
Speed.TextSize = 14.000
Speed.TextWrapped = true
Fly.Name = _XWsbRY
Fly.Parent = FlyFrame
Fly.BackgroundColor3 = Color3.fromRGB(0, 150, 191)
Fly.BorderSizePixel = 0
Fly.Position = UDim2.new(0.0759493634, 0, 0.705797076, 0)
Fly.Size = UDim2.new(0, 199, 0, 32)
Fly.Font = Enum.Font.SourceSans
Fly.Text = _gxbVVJ
Fly.TextColor3 = Color3.fromRGB(255, 255, 0)
Fly.TextScaled = true
Fly.TextSize = 14.000
Fly.TextWrapped = true
Fly.MouseButton1Click:Connect(function()
local HumanoidRP = game.Players.LocalPlayer.Character.HumanoidRootPart
Fly.Visible = false
Stat2.Text = _aYwbUt
Stat2.TextColor3 = Color3.fromRGB(0, 255, 0)
Unfly.Visible = true
Flyon.Visible = true
local BV = Instance.new(_Odiknz,HumanoidRP)
local BG = Instance.new(_JDeMUD,HumanoidRP)
BV.MaxForce = Vector3.new(math.huge,math.huge,math.huge)
game:GetService(_LsEVYk).RenderStepped:connect(function()
BG.MaxTorque = Vector3.new(math.huge,math.huge,math.huge)
BG.D = 5000
BG.P = 100000
BG.CFrame = game.Workspace.CurrentCamera.CFrame
end)
end)
Speeed.Name = _WweAoK
Speeed.Parent = FlyFrame
Speeed.BackgroundColor3 = Color3.fromRGB(80, 80, 80)
Speeed.BorderSizePixel = 0
Speeed.Position = UDim2.new(0.0759493634, 0, 0.402877688, 0)
Speeed.Size = UDim2.new(0, 87, 0, 32)
Speeed.ZIndex = 0
Speeed.Font = Enum.Font.SourceSans
Speeed.Text = _cSmNnT
Speeed.TextColor3 = Color3.fromRGB(255, 255, 0)
Speeed.TextScaled = true
Speeed.TextSize = 14.000
Speeed.TextWrapped = true
Stat.Name = _JJohnM
Stat.Parent = FlyFrame
Stat.BackgroundColor3 = Color3.fromRGB(80, 80, 80)
Stat.BorderSizePixel = 0
Stat.Position = UDim2.new(0.299983799, 0, 0.239817441, 0)
Stat.Size = UDim2.new(0, 85, 0, 15)
Stat.Font = Enum.Font.SourceSans
Stat.Text = _iotiYg
Stat.TextColor3 = Color3.fromRGB(255, 255, 0)
Stat.TextScaled = true
Stat.TextSize = 14.000
Stat.TextWrapped = true
Stat2.Name = _abrSFk
Stat2.Parent = FlyFrame
Stat2.BackgroundColor3 = Color3.fromRGB(80, 80, 80)
Stat2.BorderSizePixel = 0
Stat2.Position = UDim2.new(0.546535194, 0, 0.239817441, 0)
Stat2.Size = UDim2.new(0, 27, 0, 15)
Stat2.Font = Enum.Font.SourceSans
Stat2.Text = _nsnSPB
Stat2.TextColor3 = Color3.fromRGB(255, 0, 0)
Stat2.TextScaled = true
Stat2.TextSize = 14.000
Stat2.TextWrapped = true
Unfly.Name = _mtvKys
Unfly.Parent = FlyFrame
Unfly.BackgroundColor3 = Color3.fromRGB(0, 150, 191)
Unfly.BorderSizePixel = 0
Unfly.Position = UDim2.new(0.0759493634, 0, 0.705797076, 0)
Unfly.Size = UDim2.new(0, 199, 0, 32)
Unfly.Visible = false
Unfly.Font = Enum.Font.SourceSans
Unfly.Text = _IbtgMq
Unfly.TextColor3 = Color3.fromRGB(255, 255, 0)
Unfly.TextScaled = true
Unfly.TextSize = 14.000
Unfly.TextWrapped = true
Unfly.MouseButton1Click:Connect(function()
local HumanoidRP = game.Players.LocalPlayer.Character.HumanoidRootPart
Fly.Visible = true
Stat2.Text = _FBhDSk
Stat2.TextColor3 = Color3.fromRGB(255, 0, 0)
wait()
Unfly.Visible = false
Flyon.Visible = false
HumanoidRP:FindFirstChildOfClass(_CvakSH):Destroy()
HumanoidRP:FindFirstChildOfClass(_btDKrD):Destroy()
end)
Vfly.Name = _ypwvWQ
Vfly.Parent = Drag
Vfly.BackgroundColor3 = Color3.fromRGB(0, 150, 191)
Vfly.BorderSizePixel = 0
Vfly.Size = UDim2.new(0, 57, 0, 27)
Vfly.Font = Enum.Font.SourceSans
Vfly.Text = _ZpAjxQ
Vfly.TextColor3 = Color3.fromRGB(255, 255, 0)
Vfly.TextScaled = true
Vfly.TextSize = 14.000
Vfly.TextWrapped = true
Close.Name = _pReSje
Close.Parent = Drag
Close.BackgroundColor3 = Color3.fromRGB(0, 150, 191)
Close.BorderSizePixel = 0
Close.Position = UDim2.new(0.875, 0, 0, 0)
Close.Size = UDim2.new(0, 27, 0, 27)
Close.Font = Enum.Font.SourceSans
Close.Text = _Tninkb
Close.TextColor3 = Color3.fromRGB(255, 255, 0)
Close.TextScaled = true
Close.TextSize = 14.000
Close.TextWrapped = true
Close.MouseButton1Click:Connect(function()
Flymguiv2:Destroy()
end)
Minimize.Name = _LClFry
Minimize.Parent = Drag
Minimize.BackgroundColor3 = Color3.fromRGB(0, 150, 191)
Minimize.BorderSizePixel = 0
Minimize.Position = UDim2.new(0.75, 0, 0, 0)
Minimize.Size = UDim2.new(0, 27, 0, 27)
Minimize.Font = Enum.Font.SourceSans
Minimize.Text = _aOnCgM
Minimize.TextColor3 = Color3.fromRGB(255, 255, 0)
Minimize.TextScaled = true
Minimize.TextSize = 14.000
Minimize.TextWrapped = true
function Mini()
if Minimize.Text == _IRaJFF then
Minimize.Text = _GsIwSf
FlyFrame.Visible = false
elseif Minimize.Text == _yZjLoQ then
Minimize.Text = _nDXhBS
FlyFrame.Visible = true
end
end
Minimize.MouseButton1Click:Connect(Mini)
Flyon.Name = _UqEiBj
Flyon.Parent = Flymguiv2
Flyon.BackgroundColor3 = Color3.fromRGB(20, 18, 0)
Flyon.BorderSizePixel = 0
Flyon.Position = UDim2.new(0.117647067, 0, 0.550284624, 0)
Flyon.Size = UDim2.new(0.148000002, 0, 0.314999998, 0)
Flyon.Visible = false
Flyon.Active = true
Flyon.Draggable = true
W.Name = _OfctfT
W.Parent = Flyon
W.BackgroundColor3 = Color3.fromRGB(0, 150, 191)
W.BorderSizePixel = 0
W.Position = UDim2.new(0.134719521, 0, 0.0152013302, 0)
W.Size = UDim2.new(0.708999991, 0, 0.499000013, 0)
W.Font = Enum.Font.SourceSans
W.Text = _tBaKvL
W.TextColor3 = Color3.fromRGB(255, 255, 0)
W.TextScaled = true
W.TextSize = 14.000
W.TextWrapped = true
W.TouchLongPress:Connect(function()
local HumanoidRP = game.Players.LocalPlayer.Character.HumanoidRootPart
HumanoidRP.BodyVelocity.Velocity = game.Workspace.CurrentCamera.CFrame.LookVector * Speed.Text
wait(.1)
HumanoidRP.BodyVelocity.Velocity = game.Workspace.CurrentCamera.CFrame.LookVector * Speed.Text
wait(.1)
HumanoidRP.BodyVelocity.Velocity = game.Workspace.CurrentCamera.CFrame.LookVector * Speed.Text
wait(.1)
HumanoidRP.BodyVelocity.Velocity = game.Workspace.CurrentCamera.CFrame.LookVector * Speed.Text
wait(.1)
HumanoidRP.BodyVelocity.Velocity = game.Workspace.CurrentCamera.CFrame.LookVector * Speed.Text
wait(.1)
HumanoidRP.BodyVelocity.Velocity = game.Workspace.CurrentCamera.CFrame.LookVector * Speed.Text
wait(.1)
HumanoidRP.BodyVelocity.Velocity = game.Workspace.CurrentCamera.CFrame.LookVector * Speed.Text
wait(.1)
HumanoidRP.BodyVelocity.Velocity = game.Workspace.CurrentCamera.CFrame.LookVector * Speed.Text
wait(.1)
HumanoidRP.BodyVelocity.Velocity = game.Workspace.CurrentCamera.CFrame.LookVector * Speed.Text
wait(.1)
HumanoidRP.BodyVelocity.Velocity = game.Workspace.CurrentCamera.CFrame.LookVector * Speed.Text
wait(.1)
HumanoidRP.BodyVelocity.Velocity = game.Workspace.CurrentCamera.CFrame.LookVector * 0
end)
W.MouseButton1Click:Connect(function()
local HumanoidRP = game.Players.LocalPlayer.Character.HumanoidRootPart
HumanoidRP.BodyVelocity.Velocity = game.Workspace.CurrentCamera.CFrame.LookVector * Speed.Text
wait(.1)
HumanoidRP.BodyVelocity.Velocity = game.Workspace.CurrentCamera.CFrame.LookVector * Speed.Text
wait(.1)
HumanoidRP.BodyVelocity.Velocity = game.Workspace.CurrentCamera.CFrame.LookVector * Speed.Text
wait(.1)
HumanoidRP.BodyVelocity.Velocity = game.Workspace.CurrentCamera.CFrame.LookVector * Speed.Text
wait(.1)
HumanoidRP.BodyVelocity.Velocity = game.Workspace.CurrentCamera.CFrame.LookVector * Speed.Text
wait(.1)
HumanoidRP.BodyVelocity.Velocity = game.Workspace.CurrentCamera.CFrame.LookVector * Speed.Text
wait(.1)
HumanoidRP.BodyVelocity.Velocity = game.Workspace.CurrentCamera.CFrame.LookVector * Speed.Text
wait(.1)
HumanoidRP.BodyVelocity.Velocity = game.Workspace.CurrentCamera.CFrame.LookVector * Speed.Text
wait(.1)
HumanoidRP.BodyVelocity.Velocity = game.Workspace.CurrentCamera.CFrame.LookVector * Speed.Text
wait(.1)
HumanoidRP.BodyVelocity.Velocity = game.Workspace.CurrentCamera.CFrame.LookVector * Speed.Text
wait(.1)
HumanoidRP.BodyVelocity.Velocity = game.Workspace.CurrentCamera.CFrame.LookVector * 0
end)
S.Name = _BInCEd
S.Parent = Flyon
S.BackgroundColor3 = Color3.fromRGB(0, 150, 191)
S.BorderSizePixel = 0
S.Position = UDim2.new(0.134000003, 0, 0.479999989, 0)
S.Rotation = 180.000
S.Size = UDim2.new(0.708999991, 0, 0.499000013, 0)
S.Font = Enum.Font.SourceSans
S.Text = _hXTTKM
S.TextColor3 = Color3.fromRGB(255, 255, 0)
S.TextScaled = true
S.TextSize = 14.000
S.TextWrapped = true
S.TouchLongPress:Connect(function()
local HumanoidRP = game.Players.LocalPlayer.Character.HumanoidRootPart
HumanoidRP.BodyVelocity.Velocity = game.Workspace.CurrentCamera.CFrame.LookVector * -Speed.Text
wait(.1)
HumanoidRP.BodyVelocity.Velocity = game.Workspace.CurrentCamera.CFrame.LookVector * -Speed.Text
wait(.1)
HumanoidRP.BodyVelocity.Velocity = game.Workspace.CurrentCamera.CFrame.LookVector * -Speed.Text
wait(.1)
HumanoidRP.BodyVelocity.Velocity = game.Workspace.CurrentCamera.CFrame.LookVector * -Speed.Text
wait(.1)
HumanoidRP.BodyVelocity.Velocity = game.Workspace.CurrentCamera.CFrame.LookVector * -Speed.Text
wait(.1)
HumanoidRP.BodyVelocity.Velocity = game.Workspace.CurrentCamera.CFrame.LookVector * -Speed.Text
wait(.1)
HumanoidRP.BodyVelocity.Velocity = game.Workspace.CurrentCamera.CFrame.LookVector * -Speed.Text
wait(.1)
HumanoidRP.BodyVelocity.Velocity = game.Workspace.CurrentCamera.CFrame.LookVector * -Speed.Text
wait(.1)
HumanoidRP.BodyVelocity.Velocity = game.Workspace.CurrentCamera.CFrame.LookVector * -Speed.Text
wait(.1)
HumanoidRP.BodyVelocity.Velocity = game.Workspace.CurrentCamera.CFrame.LookVector * -Speed.Text
wait(.1)
HumanoidRP.BodyVelocity.Velocity = game.Workspace.CurrentCamera.CFrame.LookVector * 0
end)
S.MouseButton1Click:Connect(function()
local HumanoidRP = game.Players.LocalPlayer.Character.HumanoidRootPart
wait(.1)
HumanoidRP.BodyVelocity.Velocity = game.Workspace.CurrentCamera.CFrame.LookVector * -Speed.Text
wait(.1)
HumanoidRP.BodyVelocity.Velocity = game.Workspace.CurrentCamera.CFrame.LookVector * -Speed.Text
wait(.1)
HumanoidRP.BodyVelocity.Velocity = game.Workspace.CurrentCamera.CFrame.LookVector * -Speed.Text
wait(.1)
HumanoidRP.BodyVelocity.Velocity = game.Workspace.CurrentCamera.CFrame.LookVector * -Speed.Text
wait(.1)
HumanoidRP.BodyVelocity.Velocity = game.Workspace.CurrentCamera.CFrame.LookVector * -Speed.Text
wait(.1)
HumanoidRP.BodyVelocity.Velocity = game.Workspace.CurrentCamera.CFrame.LookVector * -Speed.Text
wait(.1)
HumanoidRP.BodyVelocity.Velocity = game.Workspace.CurrentCamera.CFrame.LookVector * -Speed.Text
wait(.1)
HumanoidRP.BodyVelocity.Velocity = game.Workspace.CurrentCamera.CFrame.LookVector * -Speed.Text
wait(.1)
HumanoidRP.BodyVelocity.Velocity = game.Workspace.CurrentCamera.CFrame.LookVector * -Speed.Text
wait(.1)
HumanoidRP.BodyVelocity.Velocity = game.Workspace.CurrentCamera.CFrame.LookVector * 0
end)
end
})
CarTab:AddParagraph({_kdHqiy, _OnPznT})
local SpamCarSection = CarTab:AddSection({_BRRcch})
local carList = {
_iMVAUr, _wbDtFu, _RNpjah, _GSqJtc, _iHrqBU,
_epKDiP, _QIJRbl, _rFaLhp, _xTYSkl, _cSsyND,
_asNvpN, _whmXgy, _ZFrdYk
}
local spamCarsActive = false
local function spawnCar(carName)
local args = {
[1] = _tnDcDV,
[2] = carName
}
game:GetService(_GNQzwY):WaitForChild(_GbOhUW):WaitForChild(_wkbGHF):FireServer(unpack(args))
end
CarTab:AddToggle({
Name = _cfvvdS,
Default = false,
Callback = function(state)
spamCarsActive = state
if spamCarsActive then
task.spawn(function()
while spamCarsActive do
for _, carName in ipairs(carList) do
if not spamCarsActive then break end
spawnCar(carName)
wait(0.4)
end
end
end)
end
end
})
CarTab:AddParagraph({_kgNeaf, _DxFhEa})
local pl = game.Players.LocalPlayer
local players = {}
local function updatePlayerList()
players = {}
for _, player in pairs(game.Players:GetPlayers()) do
table.insert(players, player.Name)
end
return players
end
updatePlayerList()
local ChildTab = Window:MakeTab({_OGsYXe, _BkYbxl})
local Section = ChildTab:AddSection({
Name = _qZybNr
})
local chasingplayer = nil
local playerChild = ChildTab:AddDropdown({
Name = _GgvVus,
Options = players,
Default = _hwmMAF,
Callback = function(selected)
if game.Players:FindFirstChild(selected) then
chasingplayer = selected
else
chasingplayer = nil
end
end
})
ChildTab:AddButton({
Name = _qHsJsW,
Callback = function()
local updatedPlayers = updatePlayerList()
if playerChild and updatedPlayers then
pcall(function()
playerChild:Refresh(updatedPlayers)
end)
if chasingplayer and not game.Players:FindFirstChild(chasingplayer) then
chasingplayer = nil
pcall(function()
playerChild:Set(_pnGSMi)
end)
end
end
end
})
game.Players.PlayerAdded:Connect(function()
task.wait(0.1)
local updatedPlayers = updatePlayerList()
if playerChild and updatedPlayers then
pcall(function()
playerChild:Refresh(updatedPlayers)
end)
end
end)
game.Players.PlayerRemoving:Connect(function(player)
task.wait(0.1)
local updatedPlayers = updatePlayerList()
if playerChild and updatedPlayers then
pcall(function()
playerChild:Refresh(updatedPlayers)
end)
if chasingplayer == player.Name then
chasingplayer = nil
pcall(function()
playerChild:Set(_KDOMrK)
end)
end
end
end)
ChildTab:AddButton({
Name = _XCkSrR,
Callback = function()
if not chasingplayer then
warn(_pzRRPX)
return
end
if not workspace:FindFirstChild(pl.Name) or not workspace[pl.Name]:FindFirstChild(_zTFLLT) then
local args = {
[1] = _tAhHOl,
[2] = _wYojSF
}
local success, err = pcall(function()
game:GetService(_aUAQdx).RE:FindFirstChild(_wRLvjx):FireServer(unpack(args))
end)
if not success then
warn(_cGWYPX .. err)
end
end
task.wait(0.2)
if workspace:FindFirstChild(pl.Name) then
for _, v in pairs(workspace[pl.Name]:GetChildren()) do
if v:IsA(_HMGKlD) then
v.CanCollide = true
end
end
end
local target = chasingplayer
if workspace:FindFirstChild(target) and workspace:FindFirstChild(pl.Name) and workspace[pl.Name]:FindFirstChild(_YLfezH) then
workspace[pl.Name].FollowCharacter.Parent = workspace[target]
if rawget(getgenv(), _heiJZB) then
return
end
getgenv().RunService = game:GetService(_ZuvZwx).Heartbeat:Connect(function()
local followCharacter = workspace[target]:FindFirstChild(_FTGMKq)
if followCharacter and followCharacter:FindFirstChild(_NvlIwW) and followCharacter.Torso:FindFirstChild(_zqJgvb) then
local humanoidRootPart = workspace[target]:FindFirstChild(_CNIVZv)
if humanoidRootPart then
followCharacter.Torso.BodyPosition.Position = humanoidRootPart.Position - (humanoidRootPart.CFrame.LookVector * 3)
followCharacter.Torso.BodyGyro.CFrame = humanoidRootPart.CFrame
end
end
end)
end
end
})
ChildTab:AddButton({
Name = _ZQLssW,
Callback = function()
if rawget(getgenv(), _NkNFUh) then
getgenv().RunService:Disconnect()
getgenv().RunService = nil
end
local args = { [1] = _svUNWr }
local success, err = pcall(function()
game:GetService(_uODgpH).RE:FindFirstChild(_LhjdYE):FireServer(unpack(args))
end)
if not success then
warn(_jcmCZc .. err)
end
local args1 = { [1] = _VdkTLh, [2] = _sloiJL }
success, err = pcall(function()
game:GetService(_tAazka).RE:FindFirstChild(_IzzMEt):FireServer(unpack(args1))
end)
if not success then
warn(_mfLskU .. err)
end
end
})
ChildTab:AddToggle({
Name = _uegDic,
Default = false,
Callback = function(Value)
local Players = game:GetService(_eaYBQD)
local RunService = game:GetService(_HxOpMN)
local LocalPlayer = Players.LocalPlayer
local Camera = workspace.CurrentCamera
if Value then
if not chasingplayer then
warn(_AiSKJI)
return false
end
if not rawget(getgenv(), _FgdWtW) then
getgenv().CameraConnection = RunService.Heartbeat:Connect(function()
local targetPlayer = Players:FindFirstChild(chasingplayer)
if targetPlayer and targetPlayer.Character and targetPlayer.Character:FindFirstChild(_hOryvF) then
Camera.CameraSubject = targetPlayer.Character.Humanoid
else
if rawget(getgenv(), _CIdZzI) then
getgenv().CameraConnection:Disconnect()
getgenv().CameraConnection = nil
end
Camera.CameraSubject = LocalPlayer.Character and LocalPlayer.Character:FindFirstChild(_Towwot) or nil
end
end)
end
else
if rawget(getgenv(), _KOOiRD) then
getgenv().CameraConnection:Disconnect()
getgenv().CameraConnection = nil
end
if LocalPlayer.Character and LocalPlayer.Character:FindFirstChild(_qgzUIK) then
Camera.CameraSubject = LocalPlayer.Character.Humanoid
end
end
end
})
ChildTab:AddParagraph({
Title = _YCBwzq,
Content = _aBRUgR
})
local LocalPlayerTab = Window:MakeTab({_wSFriT, _nJmWLs})
local Section = LocalPlayerTab:AddSection({
Name = _rUVZyu
})
LocalPlayerTab:AddTextBox({
Name = _MXoZgG,
PlaceholderText = _OhxGzS,
Callback = function(value)
local speed = tonumber(value)
if speed and pl.Character and pl.Character:FindFirstChild(_hWywMd) then
pl.Character.Humanoid.WalkSpeed = speed
else
warn(_jvtnJF)
end
end
})
LocalPlayerTab:AddButton({
Name = _xGligr,
Callback = function()
if pl.Character and pl.Character:FindFirstChild(_MqSFQi) then
pl.Character.Humanoid.WalkSpeed = 16
end
end
})
LocalPlayerTab:AddTextBox({
Name = _rAwRLc,
PlaceholderText = _kKmpsz,
Callback = function(value)
local jumpHeight = tonumber(value)
if jumpHeight and pl.Character and pl.Character:FindFirstChild(_CyOtkd) then
pl.Character.Humanoid.JumpPower = jumpHeight
else
warn(_GIWmgq)
end
end
})
LocalPlayerTab:AddButton({
Name = _rCKDmk,
Callback = function()
if pl.Character and pl.Character:FindFirstChild(_sbXTUF) then
pl.Character.Humanoid.JumpPower = 50
end
end
})
LocalPlayerTab:AddTextBox({
Name = _NsZqiB,
PlaceholderText = _zRLOVW,
Callback = function(value)
local gravity = tonumber(value)
if gravity then
workspace.Gravity = gravity
else
warn(_MYsgjZ)
end
end
})
LocalPlayerTab:AddButton({
Name = _RewBWT,
Callback = function()
workspace.Gravity = 196.2
end
})
Section = LocalPlayerTab:AddSection({
Name = _BNXnNb
})
local TextSave
local tcs = game:GetService(_OpGsHk)
local chat = tcs.ChatInputBarConfiguration and tcs.ChatInputBarConfiguration.TargetTextChannel
function sendchat(msg)
if not msg or msg == _oZIbwD then return end
if tcs.ChatVersion == Enum.ChatVersion.LegacyChatService then
local success, err = pcall(function()
game:GetService(_GZneIR):FindFirstChild(_rAMJmS).SayMessageRequest:FireServer(msg, _gZiIjy)
end)
if not success then
warn(_SutYBL .. err)
end
elseif chat then
local success, err = pcall(function()
chat:SendAsync(msg)
end)
if not success then
warn(_sfwlXf .. err)
end
end
end
LocalPlayerTab:AddTextBox({
Name = _gZxLyF,
PlaceholderText = _VgVwlu,
Callback = function(text)
TextSave = text
end
})
LocalPlayerTab:AddButton({
Name = _XohWNT,
Callback = function()
sendchat(TextSave)
end
})
getgenv().ChaosHubEnviarDelay = 1
LocalPlayerTab:AddSlider({
Name = _YVAjFA,
Min = 0.4,
Max = 10,
Default = 1,
Increment = 0.1,
Callback = function(Value)
getgenv().ChaosHubEnviarDelay = Value
end
})
LocalPlayerTab:AddToggle({
Name = _fMEFtG,
Default = false,
Flag = _qjwPnr,
Callback = function(Value)
getgenv().ChaosHubSpawnText = Value
while getgenv().ChaosHubSpawnText do
sendchat(TextSave)
task.wait(getgenv().ChaosHubEnviarDelay)
end
end
})
LocalPlayerTab:AddButton({
Name = _zhGOna,
Callback = function()
if game:GetService(_GhFfum).ChatVersion == Enum.ChatVersion.TextChatService then
game:GetService(_mxeKYt).TextChannels.RBXGeneral:SendAsync(_kUdefh)
else
print(_EAkwBq)
end
end
})
LocalPlayerTab:AddButton({
Name = _icmRpZ,
Callback = function()
if game:GetService(_yDlpeh).ChatVersion == Enum.ChatVersion.TextChatService then
game:GetService(_MgLxxv).TextChannels.RBXGeneral:SendAsync(_HyYXqf)
else
print(_KtjuLi)
end
end
})
Section = LocalPlayerTab:AddSection({
Name = _rPCrTL
})
local selectedHeadSit = nil
local headSitConnection = nil
local headSitDropdown = LocalPlayerTab:AddDropdown({
Name = _bnnqjT,
Default = _RZGoYL,
Options = players,
Callback = function(Value)
selectedHeadSit = Value
end
})
LocalPlayerTab:AddToggle({
Name = _hRMZqF,
Default = false,
Callback = function(bool)
local player = game.Players.LocalPlayer
local character = player.Character or player.CharacterAdded:Wait()
local humanoidRootPart = character:WaitForChild(_tLxBJX)
local humanoid = character:WaitForChild(_eFQoRn)
if not selectedHeadSit or selectedHeadSit == _raaFcu then
warn(_wJmIuQ)
return false
end
local selectedPlayer = game.Players:FindFirstChild(selectedHeadSit)
if bool then
if selectedPlayer and selectedPlayer.Character then
humanoid.Sit = true
if headSitConnection then
headSitConnection:Disconnect()
end
headSitConnection = game:GetService(_dfalsh).Heartbeat:Connect(function()
if selectedPlayer.Character and selectedPlayer.Character:FindFirstChild(_dBnMTn) and humanoid.Sit then
local targetHead = selectedPlayer.Character.Head
humanoidRootPart.CFrame = targetHead.CFrame * CFrame.Angles(0, 0, 0) * CFrame.new(0, 1.6, 0.4)
else
if headSitConnection then
headSitConnection:Disconnect()
headSitConnection = nil
humanoid.Sit = false
end
end
end)
else
warn(_NZfNwT)
return false
end
else
if headSitConnection then
headSitConnection:Disconnect()
headSitConnection = nil
end
humanoid.Sit = false
end
end
})
LocalPlayerTab:AddButton({
Name = _NMZCJO,
Callback = function()
local updatedPlayers = updatePlayerList()
if headSitDropdown and updatedPlayers then
pcall(function()
headSitDropdown:Refresh(updatedPlayers)
end)
if selectedHeadSit and not game.Players:FindFirstChild(selectedHeadSit) then
selectedHeadSit = nil
pcall(function()
headSitDropdown:Set(_ZtqDUw)
end)
end
end
end
})
local Tab = Window:MakeTab({_yzoTdz, _ozPYSX})
local teleportButtons = {
{_cIXxBu, CFrame.new(192, 4, 272)},
{_wULPCM, CFrame.new(136, 4, 117)},
{_mvzWdE, CFrame.new(-119, -28, 235)},
{_rTupJz, CFrame.new(986, 4, 63)},
{_uUztTk, CFrame.new(672, 4, -296)},
{_SdxvPs, CFrame.new(505, -75, 143)},
{_nRSZNq, CFrame.new(-312, 4, 211)},
{_hGizPX, CFrame.new(161, 8, 52)},
{_EnBsKk, CFrame.new(-26, 4, -23)},
{_NWHyGy, CFrame.new(-589, 141, -59)},
{_OjwKnw, CFrame.new(-309, 4, 71)},
{_VxFTLS, CFrame.new(179, 4, -464)},
{_MnTvMB, CFrame.new(0, 4, -495)},
{_YMwspH, CFrame.new(-343, 4, -613)},
{_jkPiQz, CFrame.new(-1925, 23, 127)},
{_HliHNs, CFrame.new(182, 4, 150)},
{_hgPtqU, CFrame.new(-670, 251, 765)},
{_VRQESx, CFrame.new(2.28, 4.65, 254.58)},
{_HIMEZo, CFrame.new(-46.15, 4.65, 253.20)},
{_csGfYM, CFrame.new(-88.48, 22.05, 262.34)},
{_CzrKJp, CFrame.new(-53.58, 22.15, 265.61)},
{_iszvgW, CFrame.new(-97.12, 4.65, 254.99)}
}
for _, btn in ipairs(teleportButtons) do
Tab:AddButton({
btn[1],
function()
game.Players.LocalPlayer.Character.HumanoidRootPart.CFrame = btn[2]
end
})
end
local ToolsTab = Window:MakeTab({_dBUkaM, _kpcJkn})
local colorsTable = {
{Name = _IAhakR, Color = Color3.fromRGB(255, 0, 0)},
{Name = _JIEfuL, Color = Color3.fromRGB(255, 165, 0)},
{Name = _iyCUri, Color = Color3.fromRGB(255, 255, 0)},
{Name = _fxXysZ, Color = Color3.fromRGB(0, 255, 0)},
{Name = _qYwKGE, Color = Color3.fromRGB(0, 255, 255)},
{Name = _XyGyrQ, Color = Color3.fromRGB(0, 0, 255)},
{Name = _jVCqrI, Color = Color3.fromRGB(128, 0, 128)},
{Name = _OZydeH, Color = Color3.fromRGB(20, 18, 0)}
}
ToolsTab:AddButton({
Name = _bNfFAK,
Callback = function()
local toolselected = _OkQrSG
local dupeamot = 100
local picktoolremote = game:GetService(_hxHqjv).RE:FindFirstChild(_OtPAXS)
local cleartoolremote = game:GetService(_dyYxJp).RE:FindFirstChild(_hRtBGm)
local duping = true
local oldcf = game.Players.LocalPlayer.Character.HumanoidRootPart.CFrame
local TablaGripPos = {}
for i = 1, 100 do
if i == 1 then
table.insert(TablaGripPos, Vector3.new(0, 5, 0))
else
table.insert(TablaGripPos, Vector3.new((i - 1) * 1.2, 5, 0))
end
end
local toolCount = 0
for _, tool in pairs(game.Players.LocalPlayer.Backpack:GetChildren()) do
if tool:IsA(_VXvrnW) and tool.Name == toolselected then
toolCount = toolCount + 1
end
end
for _, tool in pairs(game.Players.LocalPlayer.Character:GetChildren()) do
if tool:IsA(_wKFzmU) and tool.Name == toolselected then
toolCount = toolCount + 1
end
end
if toolCount >= dupeamot then
for i, tool in pairs(game.Players.LocalPlayer.Character:GetChildren()) do
if tool:IsA(_Idmhit) and tool.Name == toolselected then
tool.Parent = game.Players.LocalPlayer.Backpack
end
end
for i, tool in pairs(game.Players.LocalPlayer.Backpack:GetChildren()) do
if tool:IsA(_FaUGiC) and tool.Name == toolselected then
tool.Parent = game.Players.LocalPlayer.Character
local gripPosIndex = math.min(i, #TablaGripPos)
local gripPos = TablaGripPos[gripPosIndex]
tool.GripPos = gripPos
end
end
else
local args = {
[1] = _avExJx
}
game:GetService(_wKmpKq):WaitForChild(_jRIYvj):WaitForChild(_wpPqXK):FireServer(unpack(args))
wait(0.2)
game:GetService(_gohwCo):SetCore(_XHqyTP, {
Title = _DyIyRR,
Text = _Vnsrsa,
Button1 = _qmLiBX,
Duration = 3
})
if game.Players.LocalPlayer.Character.Humanoid.Sit == true then
task.wait()
game.Players.LocalPlayer.Character.Humanoid.Sit = false
end
wait(0.1)
if game:GetService(_uULNEm):FindFirstChild(_XEUPRV) then
game:GetService(_VkvZvi):FindFirstChild(_SwzMOH):Destroy()
end
for m = 1, 2 do
task.wait()
game.Players.LocalPlayer.Character.HumanoidRootPart.CFrame = CFrame.new(999999999.414, -490, 999999999.414, 0.974360406, -0.175734088, 0.14049761, -0.133441404, 0.0514053069, 0.989722729, -0.181150302, -0.983094692, 0.0266370922)
end
task.wait(0.2)
game.Players.LocalPlayer.Character.HumanoidRootPart.Anchored = true
wait(0.5)
for aidj, afh in pairs(game:GetService(_OtwtUi).LocalPlayer.Character:GetChildren()) do
if not afh.Name == toolselected then
if afh:IsA(_vRboOZ) then
afh.Parent = game.Players.LocalPlayer.Backpack
end
end
end
for aiefhiewhwf, dvjbvj in pairs(game:GetService(_HLEttm).LocalPlayer.Backpack:GetChildren()) do
if dvjbvj:IsA(_tuupsv) then
if not dvjbvj.Name == toolselected then
dvjbvj:Destroy()
end
end
end
for ttjtjutjutjjtj, ddvdvdsvdfbrnytytmvdv in pairs(game:GetService(_olIJhq).LocalPlayer.Character:GetChildren()) do
if ddvdvdsvdfbrnytytmvdv:IsA(_AdbOrk) then
if not ddvdvdsvdfbrnytytmvdv.name == toolselected then
ddvdvdsvdfbrnytytmvdv:Destroy()
end
end
end
for findin, toollel in pairs(game:GetService(_WTjswK).LocalPlayer.Character:GetChildren()) do
if toollel:IsA(_tjBJUF) then
if toollel.Name == toolselected then
toollllfoun2 = true
for basc, aijfw in pairs(toollel:GetDescendants()) do
if aijfw.Name == _sFMHjj then
aijfw.Name = _Lujezr
toollel.Parent = game.Players.LocalPlayer.Backpack
toollel.Parent = game.Players.LocalPlayer.Character
tolllahhhh = toollel
task.wait()
end
end
else
toollllfoun2 = false
end
end
end
for fiifi, toollll in pairs(game:GetService(_DGNMRb).LocalPlayer.Backpack:GetChildren()) do
if toollll:IsA(_KbqPgE) then
if toollll.Name == toolselected then
toollllfoun = true
for nana, jjsjsj in pairs(toollll:GetDescendants()) do
if jjsjsj.Name == _eFkbLc then
toollll.Parent = game.Players.LocalPlayer.Character
wait()
jjsjsj.Name = _ScmxFR
toollll.Parent = game.Players.LocalPlayer.Backpack
toollll.Parent = game.Players.LocalPlayer.Character
toolllffel = toollll
end
end
else
toollllfoun = false
end
end
end
if toollllfoun == true then
if game.Players.LocalPlayer.Character:FindFirstChild(toolllffel) == nil then
toollllfoun = false
end
repeat
wait()
until game.Players.LocalPlayer.Character:FindFirstChild(toolllffel) == nil
toollllfoun = false
end
if toollllfoun2 == true then
if game.Players.LocalPlayer.Character:FindFirstChild(tollllahhhh) == nil then
toollllfoun2 = false
end
repeat
wait()
until game.Players.LocalPlayer.Character:FindFirstChild(tollllahhhh) == nil
toollllfoun2 = false
end
wait(0.1)
for m = 1, dupeamot do
if duping == false then
game.Players.LocalPlayer.Character.HumanoidRootPart.Anchored = false
return
end
if game:GetService(_upGUry):FindFirstChild(_GfeijC) then
game:GetService(_HABLUc):FindFirstChild(_VjIvdo):Destroy()
end
if m <= dupeamot then
elseif m == dupeamot or m >= dupeamot - 1 then
end
local args = {
[1] = _fHOSPx,
[2] = toolselected
}
picktoolremote:InvokeServer(unpack(args))
game:GetService(_vTNWPQ).LocalPlayer.Backpack:WaitForChild(toolselected).Parent = game.Players.LocalPlayer.Character
if duping == false then
game.Players.LocalPlayer.Character.HumanoidRootPart.Anchored = false
return
end
wait()
game:GetService(_fuWKpR).LocalPlayer.Character[toolselected]:FindFirstChild(_oBwIwS).Name = _ozKPus
game:GetService(_CGamJF).LocalPlayer.Character:FindFirstChild(toolselected).Parent = game.Players.LocalPlayer.Backpack
game:GetService(_HxqMiz).LocalPlayer.Backpack:FindFirstChild(toolselected).Parent = game.Players.LocalPlayer.Character
game:GetService(_tWbCbg):SetCore(_AvlzvH, {
Title = _OVfEpJ,
Text = _GFAGxB .. m .. _TLdOro .. dupeamot,
Duration = 1
})
repeat
if game:GetService(_tkPubS):FindFirstChild(_KNKqyx) then
game:GetService(_pZHXYV):FindFirstChild(_wxDNVY):Destroy()
end
task.wait()
until game:GetService(_oMSOWc).LocalPlayer.Character:FindFirstChild(toolselected) == nil
end
game.Players.LocalPlayer.Character.HumanoidRootPart.Anchored = false
repeat
wait()
until game.Players.LocalPlayer.Character:FindFirstChild(_IvRXMv) == nil
repeat
wait()
until game.Players.LocalPlayer.Character:FindFirstChild(_HBSQNc)
game.Players.LocalPlayer.Character.HumanoidRootPart.CFrame = oldcf
for z, x in pairs(game.Players.LocalPlayer.Backpack:GetChildren()) do
if x.Name == toolselected then
toolamouth = z
end
end
wait()
duping = false
wait(0.1)
for i, tool in pairs(game.Players.LocalPlayer.Backpack:GetChildren()) do
if tool:IsA(_oErLYY) then
tool.Parent = game.Players.LocalPlayer.Character
local gripPosIndex = math.min(i, #TablaGripPos)
local gripPos = TablaGripPos[gripPosIndex]
if tool:IsDescendantOf(game.Players.LocalPlayer.Character) then
tool.GripPos = gripPos
else
warn(_DbLcVM, tool.Name, _bupLAa)
end
end
end
wait(1)
function EquiparTudo()
local player = game:GetService(_ZHBGgL).LocalPlayer
local function changeAnimation(tool)
if tool:FindFirstChild(_SnZvJP) then
tool.CycleNextAnimation:FireServer()
end
end
for _, tool in ipairs(player.Backpack:GetChildren()) do
if tool:IsA(_xEcCQP) and tool.Name == _yWIksh then
changeAnimation(tool)
end
end
local character = player.Character or player.CharacterAdded:Wait()
for _, tool in ipairs(character:GetChildren()) do
if tool:IsA(_nQdLHX) and tool.Name == _nBTJfG then
changeAnimation(tool)
end
end
end
EquiparTudo()
wait(1)
EquiparTudo()
wait(1)
EquiparTudo()
function startSpin()
local Players = game:GetService(_acERhh)
local RunService = game:GetService(_ICSwBT)
local player = Players.LocalPlayer
local character = player.Character or player.CharacterAdded:Wait()
local rootPart = character:WaitForChild(_NWYEqP)
task.wait(1)
local spinSpeed = math.rad(1750)
RunService.RenderStepped:Connect(function(dt)
rootPart.CFrame = rootPart.CFrame * CFrame.Angles(0, spinSpeed * dt, 0)
end)
end
startSpin()
end
end
})
ToolsTab:AddButton({
Name = _BMSIsJ,
Callback = function()
local toolselected = _DRwbxx
local dupeamot = 100
local picktoolremote = game:GetService(_usRJNb).RE:FindFirstChild(_QSJQFH)
local cleartoolremote = game:GetService(_ARNwNy).RE:FindFirstChild(_wFTzDX)
local duping = true
local oldcf = game.Players.LocalPlayer.Character.HumanoidRootPart.CFrame
local TablaGripPos = {}
for i = 1, 100 do
if i == 1 then
table.insert(TablaGripPos, Vector3.new(2, 50, -50))
else
table.insert(TablaGripPos, Vector3.new((i - 1) * 2, 50, -50))
end
end
local toolCount = 0
for _, tool in pairs(game.Players.LocalPlayer.Backpack:GetChildren()) do
if tool:IsA(_YMduZp) and tool.Name == toolselected then
toolCount = toolCount + 1
end
end
for _, tool in pairs(game.Players.LocalPlayer.Character:GetChildren()) do
if tool:IsA(_RWzQqP) and tool.Name == toolselected then
toolCount = toolCount + 1
end
end
if toolCount >= dupeamot then
for i, tool in pairs(game.Players.LocalPlayer.Character:GetChildren()) do
if tool:IsA(_COlpYb) and tool.Name == toolselected then
tool.Parent = game.Players.LocalPlayer.Backpack
end
end
for i, tool in pairs(game.Players.LocalPlayer.Backpack:GetChildren()) do
if tool:IsA(_VaxbkR) and tool.Name == toolselected then
tool.Parent = game.Players.LocalPlayer.Character
local gripPosIndex = math.min(i, #TablaGripPos)
local gripPos = TablaGripPos[gripPosIndex]
tool.GripPos = gripPos
end
end
else
local args = {
[1] = _cHLXsu
}
game:GetService(_OELbBV):WaitForChild(_PKQCdF):WaitForChild(_nsBzVR):FireServer(unpack(args))
wait(0.2)
game:GetService(_TUStXU):SetCore(_tHtAXU, {
Title = _iKgoYa,
Text = _JIyjDD,
Button1 = _QMNKts,
Duration = 3
})
if game.Players.LocalPlayer.Character.Humanoid.Sit == true then
task.wait()
game.Players.LocalPlayer.Character.Humanoid.Sit = false
end
wait(0.1)
if game:GetService(_xBWLBl):FindFirstChild(_JcEwWc) then
game:GetService(_XOkxTQ):FindFirstChild(_Ugheuc):Destroy()
end
for m = 1, 2 do
task.wait()
game.Players.LocalPlayer.Character.HumanoidRootPart.CFrame = CFrame.new(999999999.414, -490, 999999999.414, 0.974360406, -0.175734088, 0.14049761, -0.133441404, 0.0514053069, 0.989722729, -0.181150302, -0.983094692, 0.0266370922)
end
task.wait(0.2)
game.Players.LocalPlayer.Character.HumanoidRootPart.Anchored = true
wait(0.5)
for aidj, afh in pairs(game:GetService(_fvvcDz).LocalPlayer.Character:GetChildren()) do
if not afh.Name == toolselected then
if afh:IsA(_CLbMPU) then
afh.Parent = game.Players.LocalPlayer.Backpack
end
end
end
for aiefhiewhwf, dvjbvj in pairs(game:GetService(_bnKPrh).LocalPlayer.Backpack:GetChildren()) do
if dvjbvj:IsA(_MsCnja) then
if not dvjbvj.Name == toolselected then
dvjbvj:Destroy()
end
end
end
for ttjtjutjutjjtj, ddvdvdsvdfbrnytytmvdv in pairs(game:GetService(_cAJLBP).LocalPlayer.Character:GetChildren()) do
if ddvdvdsvdfbrnytytmvdv:IsA(_UVPwQn) then
if not ddvdvdsvdfbrnytytmvdv.name == toolselected then
ddvdvdsvdfbrnytytmvdv:Destroy()
end
end
end
for findin, toollel in pairs(game:GetService(_eCOsno).LocalPlayer.Character:GetChildren()) do
if toollel:IsA(_vSqzaJ) then
if toollel.Name == toolselected then
toollllfoun2 = true
for basc, aijfw in pairs(toollel:GetDescendants()) do
if aijfw.Name == _dcYvsp then
aijfw.Name = _uZHfFF
toollel.Parent = game.Players.LocalPlayer.Backpack
toollel.Parent = game.Players.LocalPlayer.Character
tolllahhhh = toollel
task.wait()
end
end
else
toollllfoun2 = false
end
end
end
for fiifi, toollll in pairs(game:GetService(_AgQEju).LocalPlayer.Backpack:GetChildren()) do
if toollll:IsA(_qGwXWc) then
if toollll.Name == toolselected then
toollllfoun = true
for nana, jjsjsj in pairs(toollll:GetDescendants()) do
if jjsjsj.Name == _hTEaXi then
toollll.Parent = game.Players.LocalPlayer.Character
wait()
jjsjsj.Name = _HCAcvt
toollll.Parent = game.Players.LocalPlayer.Backpack
toollll.Parent = game.Players.LocalPlayer.Character
toolllffel = toollll
end
end
else
toollllfoun = false
end
end
end
if toollllfoun == true then
if game.Players.LocalPlayer.Character:FindFirstChild(toolllffel) == nil then
toollllfoun = false
end
repeat
wait()
until game.Players.LocalPlayer.Character:FindFirstChild(toolllffel) == nil
toollllfoun = false
end
if toollllfoun2 == true then
if game.Players.LocalPlayer.Character:FindFirstChild(tollllahhhh) == nil then
toollllfoun2 = false
end
repeat
wait()
until game.Players.LocalPlayer.Character:FindFirstChild(tollllahhhh) == nil
toollllfoun2 = false
end
wait(0.1)
for m = 1, dupeamot do
if duping == false then
game.Players.LocalPlayer.Character.HumanoidRootPart.Anchored = false
return
end
if game:GetService(_OlAnzK):FindFirstChild(_ZzkQGm) then
game:GetService(_DwMZMZ):FindFirstChild(_lkAUZP):Destroy()
end
if m <= dupeamot then
elseif m == dupeamot or m >= dupeamot - 1 then
end
local args = {
[1] = _hpmeAT,
[2] = toolselected
}
picktoolremote:InvokeServer(unpack(args))
game:GetService(_Ijguzs).LocalPlayer.Backpack:WaitForChild(toolselected).Parent = game.Players.LocalPlayer.Character
if duping == false then
game.Players.LocalPlayer.Character.HumanoidRootPart.Anchored = false
return
end
wait()
game:GetService(_vDpQvX).LocalPlayer.Character[toolselected]:FindFirstChild(_vIOPDj).Name = _PbtRFg
game:GetService(_pWKppg).LocalPlayer.Character:FindFirstChild(toolselected).Parent = game.Players.LocalPlayer.Backpack
game:GetService(_JftDQr).LocalPlayer.Backpack:FindFirstChild(toolselected).Parent = game.Players.LocalPlayer.Character
game:GetService(_LAOANj):SetCore(_DTzeab, {
Title = _RrWvgr,
Text = _YDxval .. m .. _ySBrLK .. dupeamot,
Duration = 1
})
repeat
if game:GetService(_isEOQw):FindFirstChild(_tZJhxk) then
game:GetService(_UHYxeh):FindFirstChild(_pVcOuo):Destroy()
end
task.wait()
until game:GetService(_cVQnqE).LocalPlayer.Character:FindFirstChild(toolselected) == nil
end
game.Players.LocalPlayer.Character.HumanoidRootPart.Anchored = false
repeat
wait()
until game.Players.LocalPlayer.Character:FindFirstChild(_erRICa) == nil
repeat
wait()
until game.Players.LocalPlayer.Character:FindFirstChild(_PCIXiA)
game.Players.LocalPlayer.Character.HumanoidRootPart.CFrame = oldcf
for z, x in pairs(game.Players.LocalPlayer.Backpack:GetChildren()) do
if x.Name == toolselected then
toolamouth = z
end
end
wait()
duping = false
wait(0.1)
for i, tool in pairs(game.Players.LocalPlayer.Backpack:GetChildren()) do
if tool:IsA(_UwlpDz) then
tool.Parent = game.Players.LocalPlayer.Character
local gripPosIndex = math.min(i, #TablaGripPos)
local gripPos = TablaGripPos[gripPosIndex]
if tool:IsDescendantOf(game.Players.LocalPlayer.Character) then
tool.GripPos = gripPos
else
warn(_axjCQT, tool.Name, _hDDvpe)
end
end
end
wait(1)
function EquiparTudo()
local player = game:GetService(_wCdXYZ).LocalPlayer
local function changeAnimation(tool)
if tool:FindFirstChild(_hQJYuV) then
tool.CycleNextAnimation:FireServer()
end
end
for _, tool in ipairs(player.Backpack:GetChildren()) do
if tool:IsA(_BKudDr) and tool.Name == _EiclfX then
changeAnimation(tool)
end
end
local character = player.Character or player.CharacterAdded:Wait()
for _, tool in ipairs(character:GetChildren()) do
if tool:IsA(_EefTPo) and tool.Name == _JpwYrt then
changeAnimation(tool)
end
end
end
EquiparTudo()
wait(1)
EquiparTudo()
wait(1)
EquiparTudo()
function startSpin()
local Players = game:GetService(_iNtDfL)
local RunService = game:GetService(_GahVPe)
local player = Players.LocalPlayer
local character = player.Character or player.CharacterAdded:Wait()
local rootPart = character:WaitForChild(_gVfIWW)
task.wait(1)
local spinSpeed = math.rad(1750)
RunService.RenderStepped:Connect(function(dt)
rootPart.CFrame = rootPart.CFrame * CFrame.Angles(0, spinSpeed * dt, 0)
end)
end
startSpin() end
end
})
local selectedColor = colorsTable[1].Color
local function applySelectedColor()
local LocalPlayer = game:GetService(_iMbScY).LocalPlayer
local backpack = LocalPlayer.Backpack
local character = LocalPlayer.Character
local args = {selectedColor}
local function changeToolColor(tool)
if tool:IsA(_wFXswa) and tool.Name == _BmLTCp then
local SetColor = tool:FindFirstChild(_letHLM, true)
if SetColor then
SetColor:FireServer(unpack(args))
end
end
end
for _, tool in ipairs(backpack:GetChildren()) do
changeToolColor(tool)
end
for _, tool in ipairs(character:GetChildren()) do
changeToolColor(tool)
end
end
local function equipAndUnequipTools(callback)
local LocalPlayer = game:GetService(_vFgLCY).LocalPlayer
local backpack = LocalPlayer.Backpack
local character = LocalPlayer.Character
local function unequipTools()
for _, tool in ipairs(character:GetChildren()) do
if tool:IsA(_JvrZxo) and tool.Name == _PHAMQm then
tool.Parent = backpack
end
end
end
local function equipTools()
for _, tool in ipairs(backpack:GetChildren()) do
if tool:IsA(_fWmOVZ) and tool.Name == _WFfZOh then
tool.Parent = character
end
end
end
unequipTools()
wait(0.7)
if callback then callback() end
wait(0.7)
equipTools()
end
ToolsTab:AddDropdown({
Name = _Exzvdk,
Description = _mqDLuQ,
Options = (function()
local colorNames = {}
for _, color in ipairs(colorsTable) do
table.insert(colorNames, color.Name)
end
return colorNames
end)(),
Default = colorsTable[1].Name,
Callback = function(selected)
for _, color in ipairs(colorsTable) do
if color.Name == selected then
selectedColor = color.Color
equipAndUnequipTools(applySelectedColor)
break
end
end
end
})
local function applyRGBCycle()
local LocalPlayer = game:GetService(_SNzjyf).LocalPlayer
local backpack = LocalPlayer.Backpack
local character = LocalPlayer.Character
local toolIndex = 0
local totalColors = #colorsTable
local function changeToolColor(tool, color)
if tool:IsA(_vmsqsQ) and tool.Name == _ODDGAi then
local SetColor = tool:FindFirstChild(_pZzoFq, true)
if SetColor then
SetColor:FireServer(color)
end
end
end
for _, tool in ipairs(backpack:GetChildren()) do
if tool.Name == _ESkGYk then
toolIndex = toolIndex + 1
local color = colorsTable[(toolIndex - 1) % totalColors + 1].Color
changeToolColor(tool, color)
end
end
for _, tool in ipairs(character:GetChildren()) do
if tool.Name == _xbhlas then
toolIndex = toolIndex + 1
local color = colorsTable[(toolIndex - 1) % totalColors + 1].Color
changeToolColor(tool, color)
end
end
end
ToolsTab:AddButton({
Name = _IleNEW,
Callback = function()
equipAndUnequipTools(applyRGBCycle)
end
})
local colorCombinations = {}
for i, color1 in ipairs(colorsTable) do
for j, color2 in ipairs(colorsTable) do
if i ~= j then
table.insert(colorCombinations, {Name = color1.Name .. _KGmXrw .. color2.Name, Colors = {color1.Color, color2.Color}})
end
end
end
ToolsTab:AddDropdown({
Name = _GcQLdF,
Description = _rPCCZm,
Options = (function()
local combinationNames = {}
for _, combination in ipairs(colorCombinations) do
table.insert(combinationNames, combination.Name)
end
return combinationNames
end)(),
Default = colorCombinations[1].Name,
Callback = function(selected)
for _, combination in ipairs(colorCombinations) do
if combination.Name == selected then
local function applyDoubleColor()
local LocalPlayer = game:GetService(_IhAvFd).LocalPlayer
local backpack = LocalPlayer.Backpack
local character = LocalPlayer.Character
local toolIndex = 0
local colors = combination.Colors
local function changeToolColor(tool, color)
if tool:IsA(_AJPpBe) and tool.Name == _iRJgCu then
local SetColor = tool:FindFirstChild(_osjhEI, true)
if SetColor then
SetColor:FireServer(color)
end
end
end
for _, tool in ipairs(backpack:GetChildren()) do
if tool.Name == _VHoIrA then
toolIndex = toolIndex + 1
local color = colors[(toolIndex - 1) % 2 + 1]
changeToolColor(tool, color)
end
end
for _, tool in ipairs(character:GetChildren()) do
if tool.Name == _aXAnIu then
toolIndex = toolIndex + 1
local color = colors[(toolIndex - 1) % 2 + 1]
changeToolColor(tool, color)
end
end
end
equipAndUnequipTools(applyDoubleColor)
break
end
end
end
})
local cleartoolremote = game:GetService(_RiYlUb).RE:FindFirstChild(_BvjshD)
local picktoolremote = game:GetService(_kSJKFe).RE:FindFirstChild(_iLoEfL)
local Section = ToolsTab:AddSection({
Name = _cmYTtA
})
ToolsTab:AddButton({
Name = _ljazKt,
Callback = function()
local args = {
[1] = _YnKLEW
}
game:GetService(_jbkwMA):WaitForChild(_FwntAP):WaitForChild(_TsVoVL):FireServer(unpack(args))
end
})
Section = ToolsTab:AddSection({
Name = _oVGFHL
})
ToolsTab:AddButton({
Name = _SiaBaH,
Callback = function()
for _, tool in pairs(game:GetService(_cbYCow).LocalPlayer.Backpack:GetChildren()) do
if tool:IsA(_sgxsbr) then
tool.Parent = game.Players.LocalPlayer.Character
end
end
end
})
Section = ToolsTab:AddSection({
Name = _ZFallz
})
ToolsTab:AddButton({
Name = _rzEfGH,
Callback = function()
toolselcted = _FjSSnv
dupeamot = 175
picktoolremote = game:GetService(_FpPzob).RE:FindFirstChild(_AVWBGX)
cleartoolremote = game:GetService(_MvubCW).RE:FindFirstChild(_MuTkkA)
duping = true
oldcf = game.Players.LocalPlayer.Character.HumanoidRootPart.CFrame
game:GetService(_AzpPfY):SetCore(_BIhkgC,{Title=_HNvfEi,Text=_IOKkoJ, Button1 = _eXJXjE ,Duration=5})
if game.Players.LocalPlayer.Character.Humanoid.Sit == true then
task.wait()
game.Players.LocalPlayer.Character.Humanoid.Sit = false
end
wait(0.1)
if game:GetService(_uTndlA):FindFirstChild(_SWPdTo) then
game:GetService(_DkMZBW):FindFirstChild(_lBONFV):Destroy() end
for m=1,2 do task.wait()
game.Players.LocalPlayer.Character.HumanoidRootPart.CFrame = CFrame.new(999999999.414, -490, 999999999.414, 0.974360406, -0.175734088, 0.14049761, -0.133441404, 0.0514053069, 0.989722729, -0.181150302, -0.983094692, 0.0266370922)
end
task.wait(0.2)
game.Players.LocalPlayer.Character.HumanoidRootPart.Anchored = true
wait(0.5)
for aidj,afh in pairs(game:GetService(_iYVBvy).LocalPlayer.Character:GetChildren()) do
if afh.Name == toolselcted == false then
if afh:IsA(_oelJgX) then
afh.Parent = game.Players.LocalPlayer.Backpack
end
end
end
for aiefhiewhwf,dvjbvj in pairs(game:GetService(_wYrAjl).LocalPlayer.Backpack:GetChildren()) do
if dvjbvj:IsA(_cwYWFb) then
if dvjbvj.Name == toolselcted == false then
dvjbvj:Destroy()
end
end
end
for ttjtjutjutjjtj,ddvdvdsvdfbrnytytmvdv in pairs(game:GetService(_otsjYJ).LocalPlayer.Character:GetChildren()) do
if ddvdvdsvdfbrnytytmvdv:IsA(_SnzPRA) then
if ddvdvdsvdfbrnytytmvdv.name == toolselcted == false then
ddvdvdsvdfbrnytytmvdv:Destroy()
end
end
end
for findin,toollel in pairs(game:GetService(_LxKMLs).LocalPlayer.Character:GetChildren()) do
if toollel:IsA(_zusYld) then
if toollel.Name == toolselcted then
toollllfoun2 = true
for basc,aijfw in pairs(toollel:GetDescendants()) do
if aijfw.Name == _dlqgAN then
aijfw.Name = _ISKERC
toollel.Parent = game.Players.LocalPlayer.Backpack
toollel.Parent = game.Players.LocalPlayer.Character
tollllahhhh = toollel
task.wait()
end
end
else toollllfoun2 = false
end
end
end
for fiifi,toollll in pairs(game:GetService(_ZmxWxj).LocalPlayer.Backpack:GetChildren()) do
if toollll:IsA(_oYlvio) then
if toollll.Name == toolselcted then
toollllfoun = true
for nana,jjsjsj in pairs(toollll:GetDescendants()) do
if jjsjsj.Name == _CbVVqc then
toollll.Parent = game.Players.LocalPlayer.Character
wait()
jjsjsj.Name = _oJUzMv
toollll.Parent = game.Players.LocalPlayer.Backpack
toollll.Parent = game.Players.LocalPlayer.Character
toolllffel = toollll
end
end
else toollllfoun = false
end
end
end
if toollllfoun == true then
if game.Players.LocalPlayer.Character:FindFirstChild(toolllffel) == nil then  toollllfoun = false end
repeat wait() until game.Players.LocalPlayer.Character:FindFirstChild(toolllffel) == nil
toollllfoun = false
end
if toollllfoun2 == true then
if game.Players.LocalPlayer.Character:FindFirstChild(tollllahhhh) == nil then toollllfoun2 = false end
repeat wait() until game.Players.LocalPlayer.Character:FindFirstChild(tollllahhhh) == nil
toollllfoun2 = false
end
wait(1)
for m=1, dupeamot do
if duping == false then game.Players.LocalPlayer.Character.HumanoidRootPart.Anchored = false return end
if game:GetService(_ClRNbM):FindFirstChild(_RxgDYL) then
game:GetService(_HcfKUl):FindFirstChild(_lpUytu):Destroy() end
if m <= dupeamot then
elseif m == dupeamot or m >= dupeamot - 1 then
end
local args = {
[1] = _giYaQL,
[2] = toolselcted
}
picktoolremote:InvokeServer(unpack(args))
game:GetService(_YObjPs).LocalPlayer.Backpack:WaitForChild(toolselcted).Parent = game.Players.LocalPlayer.Character
if duping == false then game.Players.LocalPlayer.Character.HumanoidRootPart.Anchored = false return end
wait()
game:GetService(_vXXYoE).LocalPlayer.Character[toolselcted]:FindFirstChild(_QSiUnD).Name = _ivFsCD
game:GetService(_HpkzKL).LocalPlayer.Character:FindFirstChild(toolselcted).Parent = game.Players.LocalPlayer.Backpack
game:GetService(_ELvswa).LocalPlayer.Backpack:FindFirstChild(toolselcted).Parent = game.Players.LocalPlayer.Character
repeat         if game:GetService(_RmvDBk):FindFirstChild(_ebFduq) then
game:GetService(_Dccivl):FindFirstChild(_xvZMoL):Destroy() end
task.wait() until
game:GetService(_zDeYVR).LocalPlayer.Character:FindFirstChild(toolselcted) == nil
end
game.Players.LocalPlayer.Character.HumanoidRootPart.Anchored = false
repeat wait() until game.Players.LocalPlayer.Character:FindFirstChild(_TzNTxN) == nil
repeat wait() until game.Players.LocalPlayer.Character:FindFirstChild(_UgvvAf)
game.Players.LocalPlayer.Character.HumanoidRootPart.CFrame = oldcf
for z,x in pairs(game.Players.LocalPlayer.Backpack:GetChildren()) do
if x.Name == toolselcted then
toolamouth = z
end
end
wait()
duping = false
wait(1)
local TablaGripPos = {
Vector3.new(0, 3, 6),
Vector3.new(1, 3, 6),
Vector3.new(2, 3, 6),
Vector3.new(3, 3, 6),
Vector3.new(4, 3, 6),
Vector3.new(5, 3, 6),
Vector3.new(6, 3, 6),
Vector3.new(0, 3, 17),
Vector3.new(1, 3, 17),
Vector3.new(2, 3, 17),
Vector3.new(3, 3, 17),
Vector3.new(4, 3, 17),
Vector3.new(5, 3, 17),
Vector3.new(6, 3, 17),
Vector3.new(0, 3, 30),
Vector3.new(1, 3, 30),
Vector3.new(2, 3, 30),
Vector3.new(3, 3, 30),
Vector3.new(4, 3, 30),
Vector3.new(5, 3, 30),
Vector3.new(6, 3, 30),
Vector3.new(0, 3, 43),
Vector3.new(1, 3, 43),
Vector3.new(2, 3, 43),
Vector3.new(3, 3, 43),
Vector3.new(4, 3, 43),
Vector3.new(5, 3, 43),
Vector3.new(6, 3, 43),
Vector3.new(0, 3, 55),
Vector3.new(1, 3, 55),
Vector3.new(2, 3, 55),
Vector3.new(3, 3, 55),
Vector3.new(4, 3, 55),
Vector3.new(5, 3, 55),
Vector3.new(6, 3, 55),
Vector3.new(-1 , 3, 6),
Vector3.new(-2 , 3, 6),
Vector3.new(-3 , 3, 6),
Vector3.new(-4 , 3, 6),
Vector3.new(-5 , 3, 6),
Vector3.new(-6 , 3, 6),
Vector3.new(-7 , 3, 6),
Vector3.new(-8 , 3, 6),
Vector3.new(-9 , 3, 6),
Vector3.new(-10 , 3, 6),
Vector3.new(-11 , 3, 6),
Vector3.new(-12 , 3, 6),
Vector3.new(-13 , 3, 6),
Vector3.new(-14 , 3, 6),
Vector3.new(-15 , 3, 6),
Vector3.new(-16 , 3, 6),
Vector3.new(-17 , 3, 6),
Vector3.new(-18 , 3, 6),
Vector3.new(-19 , 3, 6),
Vector3.new(-20 , 3, 6),
Vector3.new(-21 , 3, 6),
Vector3.new(1 , 3, 55),
Vector3.new(2 , 3, 55),
Vector3.new(3 , 3, 55),
Vector3.new(4 , 3, 55),
Vector3.new(5 , 3, 55),
Vector3.new(6 , 3, 55),
Vector3.new(7 , 3, 55),
Vector3.new(8 , 3, 55),
Vector3.new(9 , 3, 55),
Vector3.new(10 , 3, 55),
Vector3.new(11 , 3, 55),
Vector3.new(12 , 3, 55),
Vector3.new(13 , 3, 55),
Vector3.new(14 , 3, 55),
Vector3.new(15 , 3, 55),
Vector3.new(16 , 3, 55),
Vector3.new(17 , 3, 55),
Vector3.new(18 , 3, 55),
Vector3.new(19 , 3, 55),
Vector3.new(20 , 3, 55),
Vector3.new(21 , 3, 55),
Vector3.new(22 , 3, 55),
Vector3.new(-16, 3, 43),
Vector3.new(-17, 3, 43),
Vector3.new(-18, 3, 43),
Vector3.new(-19, 3, 43),
Vector3.new(-20, 3, 43),
Vector3.new(-21, 3, 43),
Vector3.new(-16, 3, 43),
Vector3.new(-15, 3, 43),
Vector3.new(-16, 3, 43),
Vector3.new(-17, 3, 55),
Vector3.new(-18, 3, 55),
Vector3.new(-19, 3, 55),
Vector3.new(-20, 3, 55),
Vector3.new(-21, 3, 55),
Vector3.new(-16, 3, 55),
Vector3.new(-15, 3, 55),
Vector3.new(0, 3, 55),
Vector3.new(1, 3, 55),
Vector3.new(2, 3, 55),
Vector3.new(3, 3, 55),
Vector3.new(4, 3, 55),
Vector3.new(5, 3, 55),
Vector3.new(6, 3, 55),
Vector3.new(23 , 3, 55),
Vector3.new(24 , 3, 55),
Vector3.new(25 , 3, 55),
Vector3.new(26 , 3, 55),
Vector3.new(27 , 3, 55),
Vector3.new(-1 , 3, 30),
Vector3.new(-2 , 3, 30),
Vector3.new(-3 , 3, 30),
Vector3.new(-4 , 3, 30),
Vector3.new(-5 , 3, 30),
Vector3.new(-6 , 3, 30),
Vector3.new(-7 , 3, 30),
Vector3.new(-8 , 3, 30),
Vector3.new(-9 , 3, 30),
Vector3.new(-10 , 3, 30),
Vector3.new(-11 , 3, 30),
Vector3.new(-12 , 3, 30),
Vector3.new(-13 , 3, 30),
Vector3.new(-14 , 3, 30),
Vector3.new(-15 , 3, 30),
Vector3.new(-16 , 3, 30),
Vector3.new(-17 , 3, 30),
Vector3.new(-18 , 3, 30),
Vector3.new(-19 , 3, 30),
Vector3.new(-20 , 3, 30),
Vector3.new(-21 , 3, 30),
Vector3.new(1 , 3, 30),
Vector3.new(2 , 3, 30),
Vector3.new(3 , 3, 30),
Vector3.new(4 , 3, 30),
Vector3.new(5 , 3, 30),
Vector3.new(6 , 3, 30),
Vector3.new(7 , 3, 30),
Vector3.new(8 , 3, 30),
Vector3.new(9 , 3, 30),
Vector3.new(10 , 3, 30),
Vector3.new(11 , 3, 30),
Vector3.new(12 , 3, 30),
Vector3.new(13 , 3, 30),
Vector3.new(14 , 3, 30),
Vector3.new(15 , 3, 30),
Vector3.new(16 , 3, 30),
Vector3.new(17 , 3, 30),
Vector3.new(18 , 3, 30),
Vector3.new(19 , 3, 30),
Vector3.new(20 , 3, 30),
Vector3.new(21 , 3, 30),
Vector3.new(22 , 3, 30),
Vector3.new(23 , 3, 30),
Vector3.new(24 , 3, 30),
Vector3.new(25 , 3, 30),
Vector3.new(26 , 3, 30),
Vector3.new(27 , 3, 30),
Vector3.new(28 , 3, 30),
Vector3.new(28, 3, 6),
Vector3.new(27, 3, 6),
Vector3.new(26, 3, 6),
Vector3.new(25, 3, 6),
Vector3.new(24, 3, 6),
Vector3.new(23, 3, 6),
Vector3.new(22, 3, 6),
Vector3.new(21, 3, 6),
Vector3.new(21, 3, 17),
Vector3.new(22, 3, 17),
Vector3.new(23, 3, 17),
Vector3.new(24, 3, 17),
Vector3.new(25, 3, 17),
Vector3.new(26, 3, 17),
Vector3.new(27, 3, 17),
Vector3.new(28, 3, 17),
}
for i, tool in pairs(game.Players.LocalPlayer.Backpack:GetChildren()) do
if tool:IsA(_RJMSPa) then
tool.Parent = game.Players.LocalPlayer.Character
local gripPosIndex = math.min(i, #TablaGripPos)
local gripPos = TablaGripPos[gripPosIndex]
if tool:IsDescendantOf(game.Players.LocalPlayer.Character) then
tool.GripPos = gripPos
else
warn(_Nqzscj, tool.Name, _hHEYZk)
end
end
end
end
})
ToolsTab:AddButton({
Name = _ChMYJx,
Callback = function()
toolselcted = _PfKxGd
dupeamot = 175
picktoolremote = game:GetService(_KiZCxY).RE:FindFirstChild(_QsTzzo)
cleartoolremote = game:GetService(_IPlzCu).RE:FindFirstChild(_raFrfG)
duping = true
oldcf = game.Players.LocalPlayer.Character.HumanoidRootPart.CFrame
game:GetService(_MnleVw):SetCore(_Xrpsun,{Title=_VzlRWa,Text=_nzCgxO, Button1 = _sVojzC ,Duration=5})
if game.Players.LocalPlayer.Character.Humanoid.Sit == true then
task.wait()
game.Players.LocalPlayer.Character.Humanoid.Sit = false
end
wait(0.1)
if game:GetService(_jXCNqB):FindFirstChild(_sWnGyh) then
game:GetService(_AlKrmc):FindFirstChild(_gSApZf):Destroy() end
for m=1,2 do task.wait()
game.Players.LocalPlayer.Character.HumanoidRootPart.CFrame = CFrame.new(999999999.414, -490, 999999999.414, 0.974360406, -0.175734088, 0.14049761, -0.133441404, 0.0514053069, 0.989722729, -0.181150302, -0.983094692, 0.0266370922)
end
task.wait(0.2)
game.Players.LocalPlayer.Character.HumanoidRootPart.Anchored = true
wait(0.5)
for aidj,afh in pairs(game:GetService(_leuquA).LocalPlayer.Character:GetChildren()) do
if afh.Name == toolselcted == false then
if afh:IsA(_mCLxdy) then
afh.Parent = game.Players.LocalPlayer.Backpack
end
end
end
for aiefhiewhwf,dvjbvj in pairs(game:GetService(_bkczxF).LocalPlayer.Backpack:GetChildren()) do
if dvjbvj:IsA(_YLuAOd) then
if dvjbvj.Name == toolselcted == false then
dvjbvj:Destroy()
end
end
end
for ttjtjutjutjjtj,ddvdvdsvdfbrnytytmvdv in pairs(game:GetService(_zDadtC).LocalPlayer.Character:GetChildren()) do
if ddvdvdsvdfbrnytytmvdv:IsA(_XMsswm) then
if ddvdvdsvdfbrnytytmvdv.name == toolselcted == false then
ddvdvdsvdfbrnytytmvdv:Destroy()
end
end
end
for findin,toollel in pairs(game:GetService(_ciNQCG).LocalPlayer.Character:GetChildren()) do
if toollel:IsA(_gTFDyX) then
if toollel.Name == toolselcted then
toollllfoun2 = true
for basc,aijfw in pairs(toollel:GetDescendants()) do
if aijfw.Name == _HWpEiG then
aijfw.Name = _zltKLA
toollel.Parent = game.Players.LocalPlayer.Backpack
toollel.Parent = game.Players.LocalPlayer.Character
tollllahhhh = toollel
task.wait()
end
end
else toollllfoun2 = false
end
end
end
for fiifi,toollll in pairs(game:GetService(_VljmKE).LocalPlayer.Backpack:GetChildren()) do
if toollll:IsA(_dvQYUr) then
if toollll.Name == toolselcted then
toollllfoun = true
for nana,jjsjsj in pairs(toollll:GetDescendants()) do
if jjsjsj.Name == _UPtGqX then
toollll.Parent = game.Players.LocalPlayer.Character
wait()
jjsjsj.Name = _TvARTs
toollll.Parent = game.Players.LocalPlayer.Backpack
toollll.Parent = game.Players.LocalPlayer.Character
toolllffel = toollll
end
end
else toollllfoun = false
end
end
end
if toollllfoun == true then
if game.Players.LocalPlayer.Character:FindFirstChild(toolllffel) == nil then  toollllfoun = false end
repeat wait() until game.Players.LocalPlayer.Character:FindFirstChild(toolllffel) == nil
toollllfoun = false
end
if toollllfoun2 == true then
if game.Players.LocalPlayer.Character:FindFirstChild(tollllahhhh) == nil then toollllfoun2 = false end
repeat wait() until game.Players.LocalPlayer.Character:FindFirstChild(tollllahhhh) == nil
toollllfoun2 = false
end
wait(1)
for m=1, dupeamot do
if duping == false then game.Players.LocalPlayer.Character.HumanoidRootPart.Anchored = false return end
if game:GetService(_FNrscJ):FindFirstChild(_ibcmEQ) then
game:GetService(_GIjNyE):FindFirstChild(_glodXO):Destroy() end
if m <= dupeamot then
elseif m == dupeamot or m >= dupeamot - 1 then
end
local args = {
[1] = _dWvSBg,
[2] = toolselcted
}
picktoolremote:InvokeServer(unpack(args))
game:GetService(_gyRAQl).LocalPlayer.Backpack:WaitForChild(toolselcted).Parent = game.Players.LocalPlayer.Character
if duping == false then game.Players.LocalPlayer.Character.HumanoidRootPart.Anchored = false return end
wait()
game:GetService(_ipaeBP).LocalPlayer.Character[toolselcted]:FindFirstChild(_lpgLha).Name = _GVgSrv
game:GetService(_OOYZKe).LocalPlayer.Character:FindFirstChild(toolselcted).Parent = game.Players.LocalPlayer.Backpack
game:GetService(_tbGGjH).LocalPlayer.Backpack:FindFirstChild(toolselcted).Parent = game.Players.LocalPlayer.Character
repeat         if game:GetService(_VGueQZ):FindFirstChild(_ONBWgr) then
game:GetService(_IdXkIU):FindFirstChild(_BjSOwW):Destroy() end
task.wait() until
game:GetService(_zlYcLY).LocalPlayer.Character:FindFirstChild(toolselcted) == nil
end
game.Players.LocalPlayer.Character.HumanoidRootPart.Anchored = false
repeat wait() until game.Players.LocalPlayer.Character:FindFirstChild(_xFXAlo) == nil
repeat wait() until game.Players.LocalPlayer.Character:FindFirstChild(_rOWnTf)
game.Players.LocalPlayer.Character.HumanoidRootPart.CFrame = oldcf
for z,x in pairs(game.Players.LocalPlayer.Backpack:GetChildren()) do
if x.Name == toolselcted then
toolamouth = z
end
end
wait()
duping = false
wait(1)
local TablaGripPos = {
Vector3.new(0, 3, 6),
Vector3.new(1, 3, 6),
Vector3.new(2, 3, 6),
Vector3.new(3, 3, 6),
Vector3.new(4, 3, 6),
Vector3.new(5, 3, 6),
Vector3.new(6, 3, 6),
Vector3.new(0, 3, 17),
Vector3.new(1, 3, 17),
Vector3.new(2, 3, 17),
Vector3.new(3, 3, 17),
Vector3.new(4, 3, 17),
Vector3.new(5, 3, 17),
Vector3.new(6, 3, 17),
Vector3.new(0, 3, 30),
Vector3.new(1, 3, 30),
Vector3.new(2, 3, 30),
Vector3.new(3, 3, 30),
Vector3.new(4, 3, 30),
Vector3.new(5, 3, 30),
Vector3.new(6, 3, 30),
Vector3.new(0, 3, 43),
Vector3.new(1, 3, 43),
Vector3.new(2, 3, 43),
Vector3.new(3, 3, 43),
Vector3.new(4, 3, 43),
Vector3.new(5, 3, 43),
Vector3.new(6, 3, 43),
Vector3.new(0, 3, 55),
Vector3.new(1, 3, 55),
Vector3.new(2, 3, 55),
Vector3.new(3, 3, 55),
Vector3.new(4, 3, 55),
Vector3.new(5, 3, 55),
Vector3.new(6, 3, 55),
Vector3.new(-1 , 3, 6),
Vector3.new(-2 , 3, 6),
Vector3.new(-3 , 3, 6),
Vector3.new(-4 , 3, 6),
Vector3.new(-5 , 3, 6),
Vector3.new(-6 , 3, 6),
Vector3.new(-7 , 3, 6),
Vector3.new(-8 , 3, 6),
Vector3.new(-9 , 3, 6),
Vector3.new(-10 , 3, 6),
Vector3.new(-11 , 3, 6),
Vector3.new(-12 , 3, 6),
Vector3.new(-13 , 3, 6),
Vector3.new(-14 , 3, 6),
Vector3.new(-15 , 3, 6),
Vector3.new(-16 , 3, 6),
Vector3.new(-17 , 3, 6),
Vector3.new(-18 , 3, 6),
Vector3.new(-19 , 3, 6),
Vector3.new(-20 , 3, 6),
Vector3.new(-21 , 3, 6),
Vector3.new(1 , 3, 55),
Vector3.new(2 , 3, 55),
Vector3.new(3 , 3, 55),
Vector3.new(4 , 3, 55),
Vector3.new(5 , 3, 55),
Vector3.new(6 , 3, 55),
Vector3.new(7 , 3, 55),
Vector3.new(8 , 3, 55),
Vector3.new(9 , 3, 55),
Vector3.new(10 , 3, 55),
Vector3.new(11 , 3, 55),
Vector3.new(12 , 3, 55),
Vector3.new(13 , 3, 55),
Vector3.new(14 , 3, 55),
Vector3.new(15 , 3, 55),
Vector3.new(16 , 3, 55),
Vector3.new(17 , 3, 55),
Vector3.new(18 , 3, 55),
Vector3.new(19 , 3, 55),
Vector3.new(20 , 3, 55),
Vector3.new(21 , 3, 55),
Vector3.new(22 , 3, 55),
Vector3.new(-16, 3, 43),
Vector3.new(-17, 3, 43),
Vector3.new(-18, 3, 43),
Vector3.new(-19, 3, 43),
Vector3.new(-20, 3, 43),
Vector3.new(-21, 3, 43),
Vector3.new(-16, 3, 43),
Vector3.new(-15, 3, 43),
Vector3.new(-16, 3, 43),
Vector3.new(-17, 3, 55),
Vector3.new(-18, 3, 55),
Vector3.new(-19, 3, 55),
Vector3.new(-20, 3, 55),
Vector3.new(-21, 3, 55),
Vector3.new(-16, 3, 55),
Vector3.new(-15, 3, 55),
Vector3.new(0, 3, 55),
Vector3.new(1, 3, 55),
Vector3.new(2, 3, 55),
Vector3.new(3, 3, 55),
Vector3.new(4, 3, 55),
Vector3.new(5, 3, 55),
Vector3.new(6, 3, 55),
Vector3.new(23 , 3, 55),
Vector3.new(24 , 3, 55),
Vector3.new(25 , 3, 55),
Vector3.new(26 , 3, 55),
Vector3.new(27 , 3, 55),
Vector3.new(-1 , 3, 30),
Vector3.new(-2 , 3, 30),
Vector3.new(-3 , 3, 30),
Vector3.new(-4 , 3, 30),
Vector3.new(-5 , 3, 30),
Vector3.new(-6 , 3, 30),
Vector3.new(-7 , 3, 30),
Vector3.new(-8 , 3, 30),
Vector3.new(-9 , 3, 30),
Vector3.new(-10 , 3, 30),
Vector3.new(-11 , 3, 30),
Vector3.new(-12 , 3, 30),
Vector3.new(-13 , 3, 30),
Vector3.new(-14 , 3, 30),
Vector3.new(-15 , 3, 30),
Vector3.new(-16 , 3, 30),
Vector3.new(-17 , 3, 30),
Vector3.new(-18 , 3, 30),
Vector3.new(-19 , 3, 30),
Vector3.new(-20 , 3, 30),
Vector3.new(-21 , 3, 30),
Vector3.new(1 , 3, 30),
Vector3.new(2 , 3, 30),
Vector3.new(3 , 3, 30),
Vector3.new(4 , 3, 30),
Vector3.new(5 , 3, 30),
Vector3.new(6 , 3, 30),
Vector3.new(7 , 3, 30),
Vector3.new(8 , 3, 30),
Vector3.new(9 , 3, 30),
Vector3.new(10 , 3, 30),
Vector3.new(11 , 3, 30),
Vector3.new(12 , 3, 30),
Vector3.new(13 , 3, 30),
Vector3.new(14 , 3, 30),
Vector3.new(15 , 3, 30),
Vector3.new(16 , 3, 30),
Vector3.new(17 , 3, 30),
Vector3.new(18 , 3, 30),
Vector3.new(19 , 3, 30),
Vector3.new(20 , 3, 30),
Vector3.new(21 , 3, 30),
Vector3.new(22 , 3, 30),
Vector3.new(23 , 3, 30),
Vector3.new(24 , 3, 30),
Vector3.new(25 , 3, 30),
Vector3.new(26 , 3, 30),
Vector3.new(27 , 3, 30),
Vector3.new(28 , 3, 30),
Vector3.new(28, 3, 6),
Vector3.new(27, 3, 6),
Vector3.new(26, 3, 6),
Vector3.new(25, 3, 6),
Vector3.new(24, 3, 6),
Vector3.new(23, 3, 6),
Vector3.new(22, 3, 6),
Vector3.new(21, 3, 6),
Vector3.new(21, 3, 17),
Vector3.new(22, 3, 17),
Vector3.new(23, 3, 17),
Vector3.new(24, 3, 17),
Vector3.new(25, 3, 17),
Vector3.new(26, 3, 17),
Vector3.new(27, 3, 17),
Vector3.new(28, 3, 17),
}
for i, tool in pairs(game.Players.LocalPlayer.Backpack:GetChildren()) do
if tool:IsA(_Wyyrnx) then
tool.Parent = game.Players.LocalPlayer.Character
local gripPosIndex = math.min(i, #TablaGripPos)
local gripPos = TablaGripPos[gripPosIndex]
if tool:IsDescendantOf(game.Players.LocalPlayer.Character) then
tool.GripPos = gripPos
else
warn(_EJokrE, tool.Name, _bLAeyn)
end
end
end
end
})
ToolsTab:AddButton({
Name = _vWtLHQ,
Callback = function()
local nametools = _eiOvrc
local oldcframe = game.Players.LocalPlayer.Character.HumanoidRootPart.CFrame
game:GetService(_SWRuUx):SetCore(_ndsqUc, {
Title = _veMQiG,
Text = _iyJfHq,
Button1 = _QmGJsc,
Duration = 5
})
local toolthatiwanttodupe = _bDvkgb
local tools = _gJkESc
if game.Players.LocalPlayer.Character.Humanoid.Sit == true then
task.wait()
game.Players.LocalPlayer.Character.Humanoid.Sit = false
end
wait(0.1)
local args = {
[1] = _mvzJrm
}
cleartoolremote:FireServer(unpack(args))
if game:GetService(_BbtuXy):FindFirstChild(_BTAAaY) then
game:GetService(_bMuNpm):FindFirstChild(_lmDxFg):Destroy()
end
for m = 1, 2 do
task.wait()
game.Players.LocalPlayer.Character.HumanoidRootPart.CFrame = CFrame.new(999999999.414, -490, 999999999.414, 0.974360406, -0.175734088, 0.14049761, -0.133441404, 0.0514053069, 0.989722729, -0.181150302, -0.983094692, 0.0266370922)
end
task.wait(0.2)
game.Players.LocalPlayer.Character.HumanoidRootPart.Anchored = true
wait(0.3)
local duping = true
for m = 1, 57 do
if duping == false then
game.Players.LocalPlayer.Character.HumanoidRootPart.Anchored = false
return
end
if game:GetService(_EzGeRr):FindFirstChild(_RiHArz) then
game:GetService(_tlENIw):FindFirstChild(_LcaJSK):Destroy()
end
local args = {
[1] = _trjPOC,
[2] = toolthatiwanttodupe
}
picktoolremote:InvokeServer(unpack(args))
game:GetService(_WYYaHE).LocalPlayer.Backpack:WaitForChild(toolthatiwanttodupe).Parent = game.Players.LocalPlayer.Character
if duping == false then
game.Players.LocalPlayer.Character.HumanoidRootPart.Anchored = false
return
end
wait()
game:GetService(_BaPQwl).LocalPlayer.Character[toolthatiwanttodupe]:FindFirstChild(_qIBWBE).Name = _uHhrPb
game:GetService(_MfVqLr).LocalPlayer.Character:FindFirstChild(toolthatiwanttodupe).Parent = game.Players.LocalPlayer.Backpack
game:GetService(_WFbDBs).LocalPlayer.Backpack:FindFirstChild(toolthatiwanttodupe).Parent = game.Players.LocalPlayer.Character
repeat
if game:GetService(_mZuNGx):FindFirstChild(_stCVDh) then
game:GetService(_UAIaKv):FindFirstChild(_oTKFXI):Destroy()
end
wait()
until game:GetService(_rVAJfm).LocalPlayer.Character:FindFirstChild(toolthatiwanttodupe) == nil
end
game.Players.LocalPlayer.Character.HumanoidRootPart.Anchored = false
repeat wait() until game.Players.LocalPlayer.Character:FindFirstChild(_snTIPI) == nil
repeat wait() until game.Players.LocalPlayer.Character:FindFirstChild(_wryEsp)
local toolgrip = true
duping = false
wait()
local gripBase = CFrame.new(-0.290086746, 0.0755810738, -0.0109872818, 0.0439560413, 0.509705901, -0.859225094, -0.0591450632, -0.857220173, -0.511542261, -0.997281134, 0.0733042806, -0.00753343105)
local gripPositions = {
Vector3.new(0, 0, 0), Vector3.new(0, 0.5, 0), Vector3.new(0, 1, 0), Vector3.new(0, 1.5, 0),
Vector3.new(0, 2, 0), Vector3.new(0, 2.5, 0), Vector3.new(0, 3, 0), Vector3.new(0, 3.5, 0),
Vector3.new(0, 4, 0), Vector3.new(0, 4.5, 0), Vector3.new(0, 5, 0), Vector3.new(0, 5, -1),
Vector3.new(0, 5, -2), Vector3.new(0, 5, -3), Vector3.new(0, 5, -4), Vector3.new(0, 5, -5),
Vector3.new(0, 5, -6), Vector3.new(0, 5, -7), Vector3.new(0, 5, -8), Vector3.new(0, 5, -9),
Vector3.new(0, 5, -10), Vector3.new(0, 5.5, -10), Vector3.new(0, 6, -10), Vector3.new(0, 6.5, -10),
Vector3.new(0, 7, -10), Vector3.new(0, 7.5, -10), Vector3.new(0, 8, -10), Vector3.new(0, 8.5, -10),
Vector3.new(0, 9, -10), Vector3.new(0, 9.5, -10), Vector3.new(0, 10, -10), Vector3.new(0, 10, -5),
Vector3.new(0, 10, -4.5), Vector3.new(0, 10, -4), Vector3.new(0, 10, -3.5), Vector3.new(0, 10, -3),
Vector3.new(0, 10, -2.5), Vector3.new(0, 10, -2), Vector3.new(0, 10, -1.5), Vector3.new(0, 10, -1),
Vector3.new(0, 10, -0.5), Vector3.new(0, 10, 0), Vector3.new(0, 9, -5), Vector3.new(0, 8, -5),
Vector3.new(0, 7, -5), Vector3.new(0, 6, -5), Vector3.new(0, 5, -5), Vector3.new(0, 4, -5),
Vector3.new(0, 3, -5), Vector3.new(0, 2, -5), Vector3.new(0, 1, -5), Vector3.new(0, 0, -5),
Vector3.new(0, 0, -10), Vector3.new(0, 0, -9), Vector3.new(0, 0, -8), Vector3.new(0, 0, -7),
Vector3.new(0, 0, -6)
}
for _, pos in ipairs(gripPositions) do
game.Players.LocalPlayer.Backpack[tools].Grip = gripBase + pos
game.Players.LocalPlayer.Backpack[tools].Name = nametools
end
game.Players.LocalPlayer.Character.HumanoidRootPart.CFrame = oldcframe
wait(0.5)
for _, tool in ipairs(game:GetService(_tcBvWT).LocalPlayer.Backpack:GetChildren()) do
if tool:IsA(_gZxodx) and tool.Name == nametools then
tool.Parent = game:GetService(_CaMmmB).LocalPlayer.Character
end
end
end
})
ToolsTab:AddButton({
Name = _izIsiO,
Callback = function()
local nametools = _hKgbzP
local oldcframe = game.Players.LocalPlayer.Character.HumanoidRootPart.CFrame
game:GetService(_WmsMvY):SetCore(_qCrTKd, {
Title = _XkAMah,
Text = _mktsuX,
Button1 = _IMIolc,
Duration = 5
})
local toolthatiwanttodupe = _NcVwVg
local tools = _bsyunl
if game.Players.LocalPlayer.Character.Humanoid.Sit == true then
task.wait()
game.Players.LocalPlayer.Character.Humanoid.Sit = false
end
wait(0.1)
local args = {
[1] = _DWdHNB
}
cleartoolremote:FireServer(unpack(args))
if game:GetService(_VmPEBW):FindFirstChild(_iwtUPF) then
game:GetService(_HVvNpE):FindFirstChild(_muhrce):Destroy()
end
for m = 1, 2 do
task.wait()
game.Players.LocalPlayer.Character.HumanoidRootPart.CFrame = CFrame.new(999999999.414, -490, 999999999.414, 0.974360406, -0.175734088, 0.14049761, -0.133441404, 0.0514053069, 0.989722729, -0.181150302, -0.983094692, 0.0266370922)
end
task.wait(0.2)
game.Players.LocalPlayer.Character.HumanoidRootPart.Anchored = true
wait(0.3)
local duping = true
for m = 1, 57 do
if duping == false then
game.Players.LocalPlayer.Character.HumanoidRootPart.Anchored = false
return
end
if game:GetService(_JnUNxc):FindFirstChild(_UmRNmv) then
game:GetService(_upfqID):FindFirstChild(_wewUqD):Destroy()
end
local args = {
[1] = _yjQOxU,
[2] = toolthatiwanttodupe
}
picktoolremote:InvokeServer(unpack(args))
game:GetService(_ObleBf).LocalPlayer.Backpack:WaitForChild(toolthatiwanttodupe).Parent = game.Players.LocalPlayer.Character
if duping == false then
game.Players.LocalPlayer.Character.HumanoidRootPart.Anchored = false
return
end
wait()
game:GetService(_vRprLf).LocalPlayer.Character[toolthatiwanttodupe]:FindFirstChild(_MpAREk).Name = _sWAmKN
game:GetService(_xVBAzm).LocalPlayer.Character:FindFirstChild(toolthatiwanttodupe).Parent = game.Players.LocalPlayer.Backpack
game:GetService(_bahhBg).LocalPlayer.Backpack:FindFirstChild(toolthatiwanttodupe).Parent = game.Players.LocalPlayer.Character
repeat
if game:GetService(_ovIOYt):FindFirstChild(_mIFQWA) then
game:GetService(_qWAUUZ):FindFirstChild(_baATTw):Destroy()
end
wait()
until game:GetService(_UtSgtd).LocalPlayer.Character:FindFirstChild(toolthatiwanttodupe) == nil
end
game.Players.LocalPlayer.Character.HumanoidRootPart.Anchored = false
repeat wait() until game.Players.LocalPlayer.Character:FindFirstChild(_BSFhpx) == nil
repeat wait() until game.Players.LocalPlayer.Character:FindFirstChild(_KurbZj)
local toolgrip = true
duping = false
wait()
local gripBase = CFrame.new(-0.290086746, 0.0755810738, -0.0109872818, 0.0439560413, 0.509705901, -0.859225094, -0.0591450632, -0.857220173, -0.511542261, -0.997281134, 0.0733042806, -0.00753343105)
local gripPositions = {
Vector3.new(0, 0, 0), Vector3.new(0, 0.5, 0), Vector3.new(0, 1, 0), Vector3.new(0, 1.5, 0),
Vector3.new(0, 2, 0), Vector3.new(0, 2.5, 0), Vector3.new(0, 3, 0), Vector3.new(0, 3.5, 0),
Vector3.new(0, 4, 0), Vector3.new(0, 4.5, 0), Vector3.new(0, 5, 0), Vector3.new(0, 5, -1),
Vector3.new(0, 5, -2), Vector3.new(0, 5, -3), Vector3.new(0, 5, -4), Vector3.new(0, 5, -5),
Vector3.new(0, 5, -6), Vector3.new(0, 5, -7), Vector3.new(0, 5, -8), Vector3.new(0, 5, -9),
Vector3.new(0, 5, -10), Vector3.new(0, 5.5, -10), Vector3.new(0, 6, -10), Vector3.new(0, 6.5, -10),
Vector3.new(0, 7, -10), Vector3.new(0, 7.5, -10), Vector3.new(0, 8, -10), Vector3.new(0, 8.5, -10),
Vector3.new(0, 9, -10), Vector3.new(0, 9.5, -10), Vector3.new(0, 10, -10), Vector3.new(0, 10, -5),
Vector3.new(0, 10, -4.5), Vector3.new(0, 10, -4), Vector3.new(0, 10, -3.5), Vector3.new(0, 10, -3),
Vector3.new(0, 10, -2.5), Vector3.new(0, 10, -2), Vector3.new(0, 10, -1.5), Vector3.new(0, 10, -1),
Vector3.new(0, 10, -0.5), Vector3.new(0, 10, 0), Vector3.new(0, 9, -5), Vector3.new(0, 8, -5),
Vector3.new(0, 7, -5), Vector3.new(0, 6, -5), Vector3.new(0, 5, -5), Vector3.new(0, 4, -5),
Vector3.new(0, 3, -5), Vector3.new(0, 2, -5), Vector3.new(0, 1, -5), Vector3.new(0, 0, -5),
Vector3.new(0, 0, -10), Vector3.new(0, 0, -9), Vector3.new(0, 0, -8), Vector3.new(0, 0, -7),
Vector3.new(0, 0, -6)
}
for _, pos in ipairs(gripPositions) do
game.Players.LocalPlayer.Backpack[tools].Grip = gripBase + pos
game.Players.LocalPlayer.Backpack[tools].Name = nametools
end
game.Players.LocalPlayer.Character.HumanoidRootPart.CFrame = oldcframe
wait(0.5)
for _, tool in ipairs(game:GetService(_jYmLao).LocalPlayer.Backpack:GetChildren()) do
if tool:IsA(_AKCxqA) and tool.Name == nametools then
tool.Parent = game:GetService(_fSaEFa).LocalPlayer.Character
end
end
end
})
ToolsTab:AddButton({
Name = _mAbVeW,
Callback = function()
local nametools = _mgrjKp
local oldcframe = game.Players.LocalPlayer.Character.HumanoidRootPart.CFrame
game:GetService(_vUIvKg):SetCore(_rPRcXZ, {
Title = _vhLLml,
Text = _ClAIRQ,
Button1 = _irotJP,
Duration = 5
})
local toolthatiwanttodupe = _mHwSiM
local tools = _wOyBeI
if game.Players.LocalPlayer.Character.Humanoid.Sit == true then
task.wait()
game.Players.LocalPlayer.Character.Humanoid.Sit = false
end
wait(0.1)
local args = {
[1] = _KdSuez
}
cleartoolremote:FireServer(unpack(args))
if game:GetService(_DyTZRo):FindFirstChild(_uvnpmF) then
game:GetService(_vykNYe):FindFirstChild(_JNydVb):Destroy()
end
for m = 1, 2 do
task.wait()
game.Players.LocalPlayer.Character.HumanoidRootPart.CFrame = CFrame.new(999999999.414, -490, 999999999.414, 0.974360406, -0.175734088, 0.14049761, -0.133441404, 0.0514053069, 0.989722729, -0.181150302, -0.983094692, 0.0266370922)
end
task.wait(0.2)
game.Players.LocalPlayer.Character.HumanoidRootPart.Anchored = true
wait(0.3)
local duping = true
for m = 1, 71 do
if duping == false then
game.Players.LocalPlayer.Character.HumanoidRootPart.Anchored = false
return
end
if game:GetService(_zgzYzZ):FindFirstChild(_rhtbRe) then
game:GetService(_drARXD):FindFirstChild(_OAoGYy):Destroy()
end
local args = {
[1] = _gmxIlh,
[2] = toolthatiwanttodupe
}
picktoolremote:InvokeServer(unpack(args))
game:GetService(_DEwpkM).LocalPlayer.Backpack:WaitForChild(toolthatiwanttodupe).Parent = game.Players.LocalPlayer.Character
if duping == false then
game.Players.LocalPlayer.Character.HumanoidRootPart.Anchored = false
return
end
wait()
game:GetService(_kehMqD).LocalPlayer.Character[toolthatiwanttodupe]:FindFirstChild(_teBCbb).Name = _mnKxBC
game:GetService(_UBhiaH).LocalPlayer.Character:FindFirstChild(toolthatiwanttodupe).Parent = game.Players.LocalPlayer.Backpack
game:GetService(_HzJjDz).LocalPlayer.Backpack:FindFirstChild(toolthatiwanttodupe).Parent = game.Players.LocalPlayer.Character
repeat
if game:GetService(_kmnBsS):FindFirstChild(_dicqmg) then
game:GetService(_MipmwD):FindFirstChild(_DCLcXi):Destroy()
end
wait()
until game:GetService(_LVdpKm).LocalPlayer.Character:FindFirstChild(toolthatiwanttodupe) == nil
end
game.Players.LocalPlayer.Character.HumanoidRootPart.Anchored = false
repeat wait() until game.Players.LocalPlayer.Character:FindFirstChild(_BajvJJ) == nil
repeat wait() until game.Players.LocalPlayer.Character:FindFirstChild(_YZzLtc)
local toolgrip = true
duping = false
wait()
local gripBase = CFrame.new(0.0538333468, -0.264812469, -0.0177594293, 0.999998629, 0, 0.00164011808, 0, 1, 0, -0.00164011808, 0, 0.999998629)
local gripPositions = {
Vector3.new(0, -2, 0), Vector3.new(0, -4, 0), Vector3.new(0, -6, 0), Vector3.new(0, -8, 0),
Vector3.new(0, -10, 0), Vector3.new(0, -12, 0), Vector3.new(0, -14, 0), Vector3.new(1, -14, 0),
Vector3.new(2, -14, 0), Vector3.new(3, -14, 0), Vector3.new(4, -14, 0), Vector3.new(5, -14, 0),
Vector3.new(6, -14, 0), Vector3.new(7, -14, 0), Vector3.new(8, -14, 0), Vector3.new(9, -14, 0),
Vector3.new(10, -14, 0), Vector3.new(11, -14, 0), Vector3.new(12, -14, 0), Vector3.new(13, -14, 0),
Vector3.new(14, -14, 0), Vector3.new(15, -14, 0), Vector3.new(16, -14, 0), Vector3.new(17, -14, 0),
Vector3.new(18, -14, 0), Vector3.new(19, -14, 0), Vector3.new(20, -14, 0), Vector3.new(20, -16, 0),
Vector3.new(20, -18, 0), Vector3.new(20, -20, 0), Vector3.new(20, -22, 0), Vector3.new(20, -24, 0),
Vector3.new(20, -26, 0), Vector3.new(20, -28, 0), Vector3.new(20, -30, 0), Vector3.new(10, -30, 0),
Vector3.new(10, -28, 0), Vector3.new(10, -26, 0), Vector3.new(10, -24, 0), Vector3.new(10, -22, 0),
Vector3.new(10, -20, 0), Vector3.new(10, -18, 0), Vector3.new(10, -16, 0), Vector3.new(10, -14, 0),
Vector3.new(10, -12, 0), Vector3.new(10, -10, 0), Vector3.new(10, -8, 0), Vector3.new(10, -6, 0),
Vector3.new(10, -4, 0), Vector3.new(10, -2, 0), Vector3.new(11, -2, 0), Vector3.new(12, -2, 0),
Vector3.new(13, -2, 0), Vector3.new(14, -2, 0), Vector3.new(15, -2, 0), Vector3.new(16, -2, 0),
Vector3.new(17, -2, 0), Vector3.new(18, -2, 0), Vector3.new(19, -2, 0), Vector3.new(20, -2, 0),
Vector3.new(1, -30, 0), Vector3.new(0, -30, 0), Vector3.new(2, -30, 0), Vector3.new(3, -30, 0),
Vector3.new(4, -30, 0), Vector3.new(5, -30, 0), Vector3.new(6, -30, 0), Vector3.new(7, -30, 0),
Vector3.new(8, -30, 0), Vector3.new(9, -30, 0)
}
for _, pos in ipairs(gripPositions) do
game.Players.LocalPlayer.Backpack[tools].Grip = gripBase + pos
game.Players.LocalPlayer.Backpack[tools].Name = nametools
end
game.Players.LocalPlayer.Character.HumanoidRootPart.CFrame = oldcframe
wait(0.5)
for _, tool in ipairs(game:GetService(_rXvePE).LocalPlayer.Backpack:GetChildren()) do
if tool:IsA(_iagdUl) and tool.Name == nametools then
tool.Parent = game:GetService(_TiMdJb).LocalPlayer.Character
end
end
end
})
Section = ToolsTab:AddSection({
Name = _PKdEww
})
ToolsTab:AddButton({
Name = _MwuxCt,
Callback = function()
nametools = _EbIeCk
oldcframe = game.Players.LocalPlayer.Character.HumanoidRootPart.CFrame
game:GetService(_gtcinG):SetCore(_buVeuH,{Title=_tfVaFz,Text=_NbtYzC, Button1 = _ujIJyK ,Duration=5})
toolthatiwanttodupe = _tTYthG
tools = _OnovAs
if game.Players.LocalPlayer.Character.Humanoid.Sit == true then
task.wait()
game.Players.LocalPlayer.Character.Humanoid.Sit = false
end
wait(0.1)
local args = {
[1] = _VIPgIE
}
cleartoolremote:FireServer(unpack(args))
if game:GetService(_qKYQkw):FindFirstChild(_jaDENf) then
game:GetService(_aivPUN):FindFirstChild(_BcJZJO):Destroy() end
for m=1,2 do task.wait()
game.Players.LocalPlayer.Character.HumanoidRootPart.CFrame = CFrame.new(999999999.414, -490, 999999999.414, 0.974360406, -0.175734088, 0.14049761, -0.133441404, 0.0514053069, 0.989722729, -0.181150302, -0.983094692, 0.0266370922)
end
task.wait(0.2)
game.Players.LocalPlayer.Character.HumanoidRootPart.Anchored = true
wait(0.3)
duping = true
for m=1, 124 do
if duping == false then game.Players.LocalPlayer.Character.HumanoidRootPart.Anchored = false return end
if game:GetService(_qAeSmA):FindFirstChild(_cYWvSE) then
game:GetService(_ZcELxq):FindFirstChild(_dDmLwD):Destroy() end
local args = {
[1] = _xhgJuD,
[2] = toolthatiwanttodupe
}
picktoolremote:InvokeServer(unpack(args))
game:GetService(_YUpAur).LocalPlayer.Backpack:WaitForChild(toolthatiwanttodupe).Parent = game.Players.LocalPlayer.Character
if duping == false then game.Players.LocalPlayer.Character.HumanoidRootPart.Anchored = false return end
wait()
game:GetService(_imnRsN).LocalPlayer.Character[toolthatiwanttodupe]:FindFirstChild(_BQVSDF).Name = _zsIvnf
game:GetService(_zRovKb).LocalPlayer.Character:FindFirstChild(toolthatiwanttodupe).Parent = game.Players.LocalPlayer.Backpack
game:GetService(_oLfHTu).LocalPlayer.Backpack:FindFirstChild(toolthatiwanttodupe).Parent = game.Players.LocalPlayer.Character
repeat                 if game:GetService(_tXkarP):FindFirstChild(_EawQEJ) then
game:GetService(_mcEFxE):FindFirstChild(_BJehZc):Destroy() end wait() until game:GetService(_QxnZhl).LocalPlayer.Character:FindFirstChild(toolthatiwanttodupe) == nil
end
game.Players.LocalPlayer.Character.HumanoidRootPart.Anchored = false
repeat wait() until game.Players.LocalPlayer.Character:FindFirstChild(_KgfJvV) == nil
repeat wait() until game.Players.LocalPlayer.Character:FindFirstChild(_pxXlWz)
toolgrip = true
duping = false
wait()
local player = game.Players.LocalPlayer
local character = player.Character or player.CharacterAdded:Wait()
local humanoid = character:FindFirstChildOfClass(_pkfNAz)
print(_jipyJX)
wait(1)
local TablaGripPos = {
Vector3.new(0, 0, 0),
Vector3.new(10, 0, 0),
Vector3.new(20, 0, 0),
Vector3.new(30, 0, 0),
Vector3.new(40, 0, 0),
Vector3.new(50, 0, 0),
Vector3.new(60, 0, 0),
Vector3.new(-0, 0, 0),
Vector3.new(-10, 0, 0),
Vector3.new(-20, 0, 0),
Vector3.new(-30, 0, 0),
Vector3.new(-40, 0, 0),
Vector3.new(-50, 0, 0),
Vector3.new(-60, 0, 0),
Vector3.new(0, 0, 30),
Vector3.new(10, 0, 30),
Vector3.new(20, 0, 30),
Vector3.new(30, 0, 30),
Vector3.new(40, 0, 30),
Vector3.new(50, 0, 30),
Vector3.new(60, 0, 30),
Vector3.new(-0, 0, 30),
Vector3.new(-10, 0, 30),
Vector3.new(-20, 0, 30),
Vector3.new(-30, 0, 30),
Vector3.new(-40, 0, 30),
Vector3.new(-50, 0, 30),
Vector3.new(-60, 0, 30),
Vector3.new(0, 0, 45),
Vector3.new(10, 0, 45),
Vector3.new(20, 0, 45),
Vector3.new(30, 0, 45),
Vector3.new(40, 0, 45),
Vector3.new(50, 0, 45),
Vector3.new(60, 0, 45),
Vector3.new(-0, 0, 45),
Vector3.new(-10, 0, 45),
Vector3.new(-20, 0, 45),
Vector3.new(-30, 0, 45),
Vector3.new(-40, 0, 45),
Vector3.new(-50, 0, 45),
Vector3.new(-60, 0, 45),
Vector3.new(0, 0, 15),
Vector3.new(10, 0, 15),
Vector3.new(20, 0, 15),
Vector3.new(30, 0, 15),
Vector3.new(40, 0, 15),
Vector3.new(50, 0, 15),
Vector3.new(60, 0, 15),
Vector3.new(-0, 0, 15),
Vector3.new(-10, 0, 15),
Vector3.new(-20, 0, 15),
Vector3.new(-30, 0, 15),
Vector3.new(-40, 0, 15),
Vector3.new(-50, 0, 15),
Vector3.new(-60, 0, 15),
Vector3.new(0, 0, -15),
Vector3.new(10, 0, -15),
Vector3.new(20, 0, -15),
Vector3.new(30, 0, -15),
Vector3.new(40, 0, -15),
Vector3.new(50, 0, -15),
Vector3.new(60, 0, -15),
Vector3.new(-0, 0, -15),
Vector3.new(-10, 0, -15),
Vector3.new(-20, 0, -15),
Vector3.new(-30, 0, -15),
Vector3.new(-40, 0, -15),
Vector3.new(-50, 0, -15),
Vector3.new(-60, 0, -15),
Vector3.new(0, 0, -30),
Vector3.new(10, 0, -30),
Vector3.new(20, 0, -30),
Vector3.new(30, 0, -30),
Vector3.new(40, 0, -30),
Vector3.new(50, 0, -30),
Vector3.new(60, 0, -30),
Vector3.new(-0, 0, -30),
Vector3.new(-10, 0, -30),
Vector3.new(-20, 0, -30),
Vector3.new(-30, 0, -30),
Vector3.new(-40, 0, -30),
Vector3.new(-50, 0, -30),
Vector3.new(-60, 0, -30),
Vector3.new(0, 0, -30),
Vector3.new(10, 0, -45),
Vector3.new(20, 0, -45),
Vector3.new(30, 0, -45),
Vector3.new(40, 0, -45),
Vector3.new(50, 0, -45),
Vector3.new(60, 0, -45),
Vector3.new(-0, 0, -45),
Vector3.new(-10, 0, -45),
Vector3.new(-20, 0, -45),
Vector3.new(-30, 0, -45),
Vector3.new(-40, 0, -45),
Vector3.new(-50, 0, -45),
Vector3.new(-60, 0, -45),
Vector3.new(10, 0, -60),
Vector3.new(20, 0, -60),
Vector3.new(30, 0, -60),
Vector3.new(40, 0, -60),
Vector3.new(50, 0, -60),
Vector3.new(60, 0, -60),
Vector3.new(-0, 0, -60),
Vector3.new(-10, 0, -60),
Vector3.new(-20, 0, -60),
Vector3.new(-30, 0, -60),
Vector3.new(-40, 0, -60),
Vector3.new(-50, 0, -60),
Vector3.new(-60, 0, -60),
Vector3.new(10, 0, -75),
Vector3.new(20, 0, -75),
Vector3.new(30, 0, -75),
Vector3.new(40, 0, -75),
Vector3.new(50, 0, -75),
Vector3.new(60, 0, -75),
Vector3.new(-0, 0, -75),
Vector3.new(-10, 0, -75),
Vector3.new(-20, 0, -75),
Vector3.new(-30, 0, -75),
Vector3.new(-40, 0, -75),
Vector3.new(-50, 0, -75),
Vector3.new(-60, 0, -75),
}
for i, tool in pairs(game.Players.LocalPlayer.Backpack:GetChildren()) do
if tool:IsA(_lGSJix) then
tool.Parent = game.Players.LocalPlayer.Character
local gripPosIndex = math.min(i, #TablaGripPos)
local gripPos = TablaGripPos[gripPosIndex]
if tool:IsDescendantOf(game.Players.LocalPlayer.Character) then
tool.GripPos = gripPos
else
warn(_jNtREE, tool.Name, _tFQqmW)
end
end
end
end
})
ToolsTab:AddButton({
Name = _spQPqd,
Callback = function()
nametools = _helllj
oldcframe = game.Players.LocalPlayer.Character.HumanoidRootPart.CFrame
game:GetService(_haODiU):SetCore(_IwcFaE,{Title=_TjxCNp,Text=_SVYxGD, Button1 = _HSUkiZ ,Duration=5})
toolthatiwanttodupe = _WEwhho
tools = _FIWoxX
if game.Players.LocalPlayer.Character.Humanoid.Sit == true then
task.wait()
game.Players.LocalPlayer.Character.Humanoid.Sit = false
end
wait(0.1)
local args = {
[1] = _MulwFj
}
cleartoolremote:FireServer(unpack(args))
if game:GetService(_lPBWVb):FindFirstChild(_RRZlkt) then
game:GetService(_jkonzg):FindFirstChild(_fyxrBj):Destroy() end
for m=1,2 do task.wait()
game.Players.LocalPlayer.Character.HumanoidRootPart.CFrame = CFrame.new(999999999.414, -490, 999999999.414, 0.974360406, -0.175734088, 0.14049761, -0.133441404, 0.0514053069, 0.989722729, -0.181150302, -0.983094692, 0.0266370922)
end
task.wait(0.2)
game.Players.LocalPlayer.Character.HumanoidRootPart.Anchored = true
wait(0.3)
duping = true
for m=1, 124 do
if duping == false then game.Players.LocalPlayer.Character.HumanoidRootPart.Anchored = false return end
if game:GetService(_lmxTGX):FindFirstChild(_QSMMsz) then
game:GetService(_WnqDwm):FindFirstChild(_XwCpwc):Destroy() end
local args = {
[1] = _PjGAtH,
[2] = toolthatiwanttodupe
}
picktoolremote:InvokeServer(unpack(args))
game:GetService(_fksFCD).LocalPlayer.Backpack:WaitForChild(toolthatiwanttodupe).Parent = game.Players.LocalPlayer.Character
if duping == false then game.Players.LocalPlayer.Character.HumanoidRootPart.Anchored = false return end
wait()
game:GetService(_ugwaDp).LocalPlayer.Character[toolthatiwanttodupe]:FindFirstChild(_erMfQM).Name = _nmgExf
game:GetService(_naUZcO).LocalPlayer.Character:FindFirstChild(toolthatiwanttodupe).Parent = game.Players.LocalPlayer.Backpack
game:GetService(_CFqcJE).LocalPlayer.Backpack:FindFirstChild(toolthatiwanttodupe).Parent = game.Players.LocalPlayer.Character
repeat                 if game:GetService(_LxpGlB):FindFirstChild(_hPAtXJ) then
game:GetService(_izCnkn):FindFirstChild(_JQKkjN):Destroy() end wait() until game:GetService(_qYZcOy).LocalPlayer.Character:FindFirstChild(toolthatiwanttodupe) == nil
end
game.Players.LocalPlayer.Character.HumanoidRootPart.Anchored = false
repeat wait() until game.Players.LocalPlayer.Character:FindFirstChild(_EIKiyJ) == nil
repeat wait() until game.Players.LocalPlayer.Character:FindFirstChild(_PJBMMi)
toolgrip = true
duping = false
wait()
local player = game.Players.LocalPlayer
local character = player.Character or player.CharacterAdded:Wait()
local humanoid = character:FindFirstChildOfClass(_GZQmtl)
print(_lWndpL)
wait(1)
local TablaGripPos = {
Vector3.new(0, 0, 0),
Vector3.new(10, 0, 0),
Vector3.new(20, 0, 0),
Vector3.new(30, 0, 0),
Vector3.new(40, 0, 0),
Vector3.new(50, 0, 0),
Vector3.new(60, 0, 0),
Vector3.new(-0, 0, 0),
Vector3.new(-10, 0, 0),
Vector3.new(-20, 0, 0),
Vector3.new(-30, 0, 0),
Vector3.new(-40, 0, 0),
Vector3.new(-50, 0, 0),
Vector3.new(-60, 0, 0),
Vector3.new(0, 0, 30),
Vector3.new(10, 0, 30),
Vector3.new(20, 0, 30),
Vector3.new(30, 0, 30),
Vector3.new(40, 0, 30),
Vector3.new(50, 0, 30),
Vector3.new(60, 0, 30),
Vector3.new(-0, 0, 30),
Vector3.new(-10, 0, 30),
Vector3.new(-20, 0, 30),
Vector3.new(-30, 0, 30),
Vector3.new(-40, 0, 30),
Vector3.new(-50, 0, 30),
Vector3.new(-60, 0, 30),
Vector3.new(0, 0, 45),
Vector3.new(10, 0, 45),
Vector3.new(20, 0, 45),
Vector3.new(30, 0, 45),
Vector3.new(40, 0, 45),
Vector3.new(50, 0, 45),
Vector3.new(60, 0, 45),
Vector3.new(-0, 0, 45),
Vector3.new(-10, 0, 45),
Vector3.new(-20, 0, 45),
Vector3.new(-30, 0, 45),
Vector3.new(-40, 0, 45),
Vector3.new(-50, 0, 45),
Vector3.new(-60, 0, 45),
Vector3.new(0, 0, 15),
Vector3.new(10, 0, 15),
Vector3.new(20, 0, 15),
Vector3.new(30, 0, 15),
Vector3.new(40, 0, 15),
Vector3.new(50, 0, 15),
Vector3.new(60, 0, 15),
Vector3.new(-0, 0, 15),
Vector3.new(-10, 0, 15),
Vector3.new(-20, 0, 15),
Vector3.new(-30, 0, 15),
Vector3.new(-40, 0, 15),
Vector3.new(-50, 0, 15),
Vector3.new(-60, 0, 15),
Vector3.new(0, 0, -15),
Vector3.new(10, 0, -15),
Vector3.new(20, 0, -15),
Vector3.new(30, 0, -15),
Vector3.new(40, 0, -15),
Vector3.new(50, 0, -15),
Vector3.new(60, 0, -15),
Vector3.new(-0, 0, -15),
Vector3.new(-10, 0, -15),
Vector3.new(-20, 0, -15),
Vector3.new(-30, 0, -15),
Vector3.new(-40, 0, -15),
Vector3.new(-50, 0, -15),
Vector3.new(-60, 0, -15),
Vector3.new(0, 0, -30),
Vector3.new(10, 0, -30),
Vector3.new(20, 0, -30),
Vector3.new(30, 0, -30),
Vector3.new(40, 0, -30),
Vector3.new(50, 0, -30),
Vector3.new(60, 0, -30),
Vector3.new(-0, 0, -30),
Vector3.new(-10, 0, -30),
Vector3.new(-20, 0, -30),
Vector3.new(-30, 0, -30),
Vector3.new(-40, 0, -30),
Vector3.new(-50, 0, -30),
Vector3.new(-60, 0, -30),
Vector3.new(0, 0, -30),
Vector3.new(10, 0, -45),
Vector3.new(20, 0, -45),
Vector3.new(30, 0, -45),
Vector3.new(40, 0, -45),
Vector3.new(50, 0, -45),
Vector3.new(60, 0, -45),
Vector3.new(-0, 0, -45),
Vector3.new(-10, 0, -45),
Vector3.new(-20, 0, -45),
Vector3.new(-30, 0, -45),
Vector3.new(-40, 0, -45),
Vector3.new(-50, 0, -45),
Vector3.new(-60, 0, -45),
Vector3.new(10, 0, -60),
Vector3.new(20, 0, -60),
Vector3.new(30, 0, -60),
Vector3.new(40, 0, -60),
Vector3.new(50, 0, -60),
Vector3.new(60, 0, -60),
Vector3.new(-0, 0, -60),
Vector3.new(-10, 0, -60),
Vector3.new(-20, 0, -60),
Vector3.new(-30, 0, -60),
Vector3.new(-40, 0, -60),
Vector3.new(-50, 0, -60),
Vector3.new(-60, 0, -60),
Vector3.new(10, 0, -75),
Vector3.new(20, 0, -75),
Vector3.new(30, 0, -75),
Vector3.new(40, 0, -75),
Vector3.new(50, 0, -75),
Vector3.new(60, 0, -75),
Vector3.new(-0, 0, -75),
Vector3.new(-10, 0, -75),
Vector3.new(-20, 0, -75),
Vector3.new(-30, 0, -75),
Vector3.new(-40, 0, -75),
Vector3.new(-50, 0, -75),
Vector3.new(-60, 0, -75),
}
for i, tool in pairs(game.Players.LocalPlayer.Backpack:GetChildren()) do
if tool:IsA(_JvUCqD) then
tool.Parent = game.Players.LocalPlayer.Character
local gripPosIndex = math.min(i, #TablaGripPos)
local gripPos = TablaGripPos[gripPosIndex]
if tool:IsDescendantOf(game.Players.LocalPlayer.Character) then
tool.GripPos = gripPos
else
warn(_HWYaKh, tool.Name, _IZnxHo)
end
end
end
end
})
ToolsTab:AddButton({
Name = _bxRbtz,
Callback = function()
nametools = _HGSlcf
oldcframe = game.Players.LocalPlayer.Character.HumanoidRootPart.CFrame
game:GetService(_CKOpMv):SetCore(_meihHW,{Title=_NGXaqQ,Text=_iJwYbG, Button1 = _NdPCTK ,Duration=5})
toolthatiwanttodupe = _QWqLUZ
tools = _EBwhiD
if game.Players.LocalPlayer.Character.Humanoid.Sit == true then
task.wait()
game.Players.LocalPlayer.Character.Humanoid.Sit = false
end
wait(0.1)
local args = {
[1] = _mFjjep
}
cleartoolremote:FireServer(unpack(args))
if game:GetService(_BkXrlh):FindFirstChild(_fFuafc) then
game:GetService(_gIAtIk):FindFirstChild(_FyVmBf):Destroy() end
for m=1,2 do task.wait()
game.Players.LocalPlayer.Character.HumanoidRootPart.CFrame = CFrame.new(999999999.414, -490, 999999999.414, 0.974360406, -0.175734088, 0.14049761, -0.133441404, 0.0514053069, 0.989722729, -0.181150302, -0.983094692, 0.0266370922)
end
task.wait(0.2)
game.Players.LocalPlayer.Character.HumanoidRootPart.Anchored = true
wait(0.3)
duping = true
for m=1, 124 do
if duping == false then game.Players.LocalPlayer.Character.HumanoidRootPart.Anchored = false return end
if game:GetService(_YPqdHr):FindFirstChild(_fMcfDv) then
game:GetService(_hJeICb):FindFirstChild(_bzjKwd):Destroy() end
local args = {
[1] = _sVsZCV,
[2] = toolthatiwanttodupe
}
picktoolremote:InvokeServer(unpack(args))
game:GetService(_LidoxD).LocalPlayer.Backpack:WaitForChild(toolthatiwanttodupe).Parent = game.Players.LocalPlayer.Character
if duping == false then game.Players.LocalPlayer.Character.HumanoidRootPart.Anchored = false return end
wait()
game:GetService(_VSuFXA).LocalPlayer.Character[toolthatiwanttodupe]:FindFirstChild(_fKGrfN).Name = _KTygtd
game:GetService(_IsiGRr).LocalPlayer.Character:FindFirstChild(toolthatiwanttodupe).Parent = game.Players.LocalPlayer.Backpack
game:GetService(_khXjdl).LocalPlayer.Backpack:FindFirstChild(toolthatiwanttodupe).Parent = game.Players.LocalPlayer.Character
repeat                 if game:GetService(_FgQmMb):FindFirstChild(_ktdgtd) then
game:GetService(_LmVkUo):FindFirstChild(_CvioUE):Destroy() end wait() until game:GetService(_IIPPOi).LocalPlayer.Character:FindFirstChild(toolthatiwanttodupe) == nil
end
game.Players.LocalPlayer.Character.HumanoidRootPart.Anchored = false
repeat wait() until game.Players.LocalPlayer.Character:FindFirstChild(_mZFacx) == nil
repeat wait() until game.Players.LocalPlayer.Character:FindFirstChild(_WZrxRP)
toolgrip = true
duping = false
wait()
local player = game.Players.LocalPlayer
local character = player.Character or player.CharacterAdded:Wait()
local humanoid = character:FindFirstChildOfClass(_zihgOz)
print(_LsXDUY)
wait(1)
local TablaGripPos = {
Vector3.new(0, 0, 0),
Vector3.new(10, 0, 0),
Vector3.new(20, 0, 0),
Vector3.new(30, 0, 0),
Vector3.new(40, 0, 0),
Vector3.new(50, 0, 0),
Vector3.new(60, 0, 0),
Vector3.new(-0, 0, 0),
Vector3.new(-10, 0, 0),
Vector3.new(-20, 0, 0),
Vector3.new(-30, 0, 0),
Vector3.new(-40, 0, 0),
Vector3.new(-50, 0, 0),
Vector3.new(-60, 0, 0),
Vector3.new(0, 0, 30),
Vector3.new(10, 0, 30),
Vector3.new(20, 0, 30),
Vector3.new(30, 0, 30),
Vector3.new(40, 0, 30),
Vector3.new(50, 0, 30),
Vector3.new(60, 0, 30),
Vector3.new(-0, 0, 30),
Vector3.new(-10, 0, 30),
Vector3.new(-20, 0, 30),
Vector3.new(-30, 0, 30),
Vector3.new(-40, 0, 30),
Vector3.new(-50, 0, 30),
Vector3.new(-60, 0, 30),
Vector3.new(0, 0, 45),
Vector3.new(10, 0, 45),
Vector3.new(20, 0, 45),
Vector3.new(30, 0, 45),
Vector3.new(40, 0, 45),
Vector3.new(50, 0, 45),
Vector3.new(60, 0, 45),
Vector3.new(-0, 0, 45),
Vector3.new(-10, 0, 45),
Vector3.new(-20, 0, 45),
Vector3.new(-30, 0, 45),
Vector3.new(-40, 0, 45),
Vector3.new(-50, 0, 45),
Vector3.new(-60, 0, 45),
Vector3.new(0, 0, 15),
Vector3.new(10, 0, 15),
Vector3.new(20, 0, 15),
Vector3.new(30, 0, 15),
Vector3.new(40, 0, 15),
Vector3.new(50, 0, 15),
Vector3.new(60, 0, 15),
Vector3.new(-0, 0, 15),
Vector3.new(-10, 0, 15),
Vector3.new(-20, 0, 15),
Vector3.new(-30, 0, 15),
Vector3.new(-40, 0, 15),
Vector3.new(-50, 0, 15),
Vector3.new(-60, 0, 15),
Vector3.new(0, 0, -15),
Vector3.new(10, 0, -15),
Vector3.new(20, 0, -15),
Vector3.new(30, 0, -15),
Vector3.new(40, 0, -15),
Vector3.new(50, 0, -15),
Vector3.new(60, 0, -15),
Vector3.new(-0, 0, -15),
Vector3.new(-10, 0, -15),
Vector3.new(-20, 0, -15),
Vector3.new(-30, 0, -15),
Vector3.new(-40, 0, -15),
Vector3.new(-50, 0, -15),
Vector3.new(-60, 0, -15),
Vector3.new(0, 0, -30),
Vector3.new(10, 0, -30),
Vector3.new(20, 0, -30),
Vector3.new(30, 0, -30),
Vector3.new(40, 0, -30),
Vector3.new(50, 0, -30),
Vector3.new(60, 0, -30),
Vector3.new(-0, 0, -30),
Vector3.new(-10, 0, -30),
Vector3.new(-20, 0, -30),
Vector3.new(-30, 0, -30),
Vector3.new(-40, 0, -30),
Vector3.new(-50, 0, -30),
Vector3.new(-60, 0, -30),
Vector3.new(0, 0, -30),
Vector3.new(10, 0, -45),
Vector3.new(20, 0, -45),
Vector3.new(30, 0, -45),
Vector3.new(40, 0, -45),
Vector3.new(50, 0, -45),
Vector3.new(60, 0, -45),
Vector3.new(-0, 0, -45),
Vector3.new(-10, 0, -45),
Vector3.new(-20, 0, -45),
Vector3.new(-30, 0, -45),
Vector3.new(-40, 0, -45),
Vector3.new(-50, 0, -45),
Vector3.new(-60, 0, -45),
Vector3.new(10, 0, -60),
Vector3.new(20, 0, -60),
Vector3.new(30, 0, -60),
Vector3.new(40, 0, -60),
Vector3.new(50, 0, -60),
Vector3.new(60, 0, -60),
Vector3.new(-0, 0, -60),
Vector3.new(-10, 0, -60),
Vector3.new(-20, 0, -60),
Vector3.new(-30, 0, -60),
Vector3.new(-40, 0, -60),
Vector3.new(-50, 0, -60),
Vector3.new(-60, 0, -60),
Vector3.new(10, 0, -75),
Vector3.new(20, 0, -75),
Vector3.new(30, 0, -75),
Vector3.new(40, 0, -75),
Vector3.new(50, 0, -75),
Vector3.new(60, 0, -75),
Vector3.new(-0, 0, -75),
Vector3.new(-10, 0, -75),
Vector3.new(-20, 0, -75),
Vector3.new(-30, 0, -75),
Vector3.new(-40, 0, -75),
Vector3.new(-50, 0, -75),
Vector3.new(-60, 0, -75),
}
for i, tool in pairs(game.Players.LocalPlayer.Backpack:GetChildren()) do
if tool:IsA(_cXGcus) then
tool.Parent = game.Players.LocalPlayer.Character
local gripPosIndex = math.min(i, #TablaGripPos)
local gripPos = TablaGripPos[gripPosIndex]
if tool:IsDescendantOf(game.Players.LocalPlayer.Character) then
tool.GripPos = gripPos
else
warn(_qZqSGR, tool.Name, _RBHHLm)
end
end
end
end
})
ToolsTab:AddButton({
Name = _qmtZsx,
Callback = function()
nametools = _QZSLSD
oldcframe = game.Players.LocalPlayer.Character.HumanoidRootPart.CFrame
game:GetService(_hDAbVc):SetCore(_KEgeKz,{Title=_oDkbMU,Text=_INNEUi, Button1 = _zRgdtF ,Duration=5})
toolthatiwanttodupe = _zhghQh
tools = _rLdrtJ
if game.Players.LocalPlayer.Character.Humanoid.Sit == true then
task.wait()
game.Players.LocalPlayer.Character.Humanoid.Sit = false
end
wait(0.1)
local args = {
[1] = _IYdORm
}
cleartoolremote:FireServer(unpack(args))
if game:GetService(_ZXCpKu):FindFirstChild(_nmTXGd) then
game:GetService(_dDHSGi):FindFirstChild(_vxKyXV):Destroy() end
for m=1,2 do task.wait()
game.Players.LocalPlayer.Character.HumanoidRootPart.CFrame = CFrame.new(999999999.414, -490, 999999999.414, 0.974360406, -0.175734088, 0.14049761, -0.133441404, 0.0514053069, 0.989722729, -0.181150302, -0.983094692, 0.0266370922)
end
task.wait(0.2)
game.Players.LocalPlayer.Character.HumanoidRootPart.Anchored = true
wait(0.3)
duping = true
for m=1, 124 do
if duping == false then game.Players.LocalPlayer.Character.HumanoidRootPart.Anchored = false return end
if game:GetService(_ABCIhl):FindFirstChild(_QboDOo) then
game:GetService(_wFdtaa):FindFirstChild(_CHAdEl):Destroy() end
local args = {
[1] = _PZaJfB,
[2] = toolthatiwanttodupe
}
picktoolremote:InvokeServer(unpack(args))
game:GetService(_oDQocK).LocalPlayer.Backpack:WaitForChild(toolthatiwanttodupe).Parent = game.Players.LocalPlayer.Character
if duping == false then game.Players.LocalPlayer.Character.HumanoidRootPart.Anchored = false return end
wait()
game:GetService(_WYVIIj).LocalPlayer.Character[toolthatiwanttodupe]:FindFirstChild(_UVdsYI).Name = _HtPzQd
game:GetService(_SLZQtQ).LocalPlayer.Character:FindFirstChild(toolthatiwanttodupe).Parent = game.Players.LocalPlayer.Backpack
game:GetService(_euedDv).LocalPlayer.Backpack:FindFirstChild(toolthatiwanttodupe).Parent = game.Players.LocalPlayer.Character
repeat                 if game:GetService(_gNhPeS):FindFirstChild(_hnssMP) then
game:GetService(_oyzmWX):FindFirstChild(_MCxydI):Destroy() end wait() until game:GetService(_JpLlIw).LocalPlayer.Character:FindFirstChild(toolthatiwanttodupe) == nil
end
game.Players.LocalPlayer.Character.HumanoidRootPart.Anchored = false
repeat wait() until game.Players.LocalPlayer.Character:FindFirstChild(_LMsfFQ) == nil
repeat wait() until game.Players.LocalPlayer.Character:FindFirstChild(_xHCZzE)
toolgrip = true
duping = false
wait()
local player = game.Players.LocalPlayer
local character = player.Character or player.CharacterAdded:Wait()
local humanoid = character:FindFirstChildOfClass(_RXVxHi)
print(_xfempR)
wait(1)
local TablaGripPos = {
Vector3.new(0, 0, 0),
Vector3.new(10, 0, 0),
Vector3.new(20, 0, 0),
Vector3.new(30, 0, 0),
Vector3.new(40, 0, 0),
Vector3.new(50, 0, 0),
Vector3.new(60, 0, 0),
Vector3.new(-0, 0, 0),
Vector3.new(-10, 0, 0),
Vector3.new(-20, 0, 0),
Vector3.new(-30, 0, 0),
Vector3.new(-40, 0, 0),
Vector3.new(-50, 0, 0),
Vector3.new(-60, 0, 0),
Vector3.new(0, 0, 30),
Vector3.new(10, 0, 30),
Vector3.new(20, 0, 30),
Vector3.new(30, 0, 30),
Vector3.new(40, 0, 30),
Vector3.new(50, 0, 30),
Vector3.new(60, 0, 30),
Vector3.new(-0, 0, 30),
Vector3.new(-10, 0, 30),
Vector3.new(-20, 0, 30),
Vector3.new(-30, 0, 30),
Vector3.new(-40, 0, 30),
Vector3.new(-50, 0, 30),
Vector3.new(-60, 0, 30),
Vector3.new(0, 0, 45),
Vector3.new(10, 0, 45),
Vector3.new(20, 0, 45),
Vector3.new(30, 0, 45),
Vector3.new(40, 0, 45),
Vector3.new(50, 0, 45),
Vector3.new(60, 0, 45),
Vector3.new(-0, 0, 45),
Vector3.new(-10, 0, 45),
Vector3.new(-20, 0, 45),
Vector3.new(-30, 0, 45),
Vector3.new(-40, 0, 45),
Vector3.new(-50, 0, 45),
Vector3.new(-60, 0, 45),
Vector3.new(0, 0, 15),
Vector3.new(10, 0, 15),
Vector3.new(20, 0, 15),
Vector3.new(30, 0, 15),
Vector3.new(40, 0, 15),
Vector3.new(50, 0, 15),
Vector3.new(60, 0, 15),
Vector3.new(-0, 0, 15),
Vector3.new(-10, 0, 15),
Vector3.new(-20, 0, 15),
Vector3.new(-30, 0, 15),
Vector3.new(-40, 0, 15),
Vector3.new(-50, 0, 15),
Vector3.new(-60, 0, 15),
Vector3.new(0, 0, -15),
Vector3.new(10, 0, -15),
Vector3.new(20, 0, -15),
Vector3.new(30, 0, -15),
Vector3.new(40, 0, -15),
Vector3.new(50, 0, -15),
Vector3.new(60, 0, -15),
Vector3.new(-0, 0, -15),
Vector3.new(-10, 0, -15),
Vector3.new(-20, 0, -15),
Vector3.new(-30, 0, -15),
Vector3.new(-40, 0, -15),
Vector3.new(-50, 0, -15),
Vector3.new(-60, 0, -15),
Vector3.new(0, 0, -30),
Vector3.new(10, 0, -30),
Vector3.new(20, 0, -30),
Vector3.new(30, 0, -30),
Vector3.new(40, 0, -30),
Vector3.new(50, 0, -30),
Vector3.new(60, 0, -30),
Vector3.new(-0, 0, -30),
Vector3.new(-10, 0, -30),
Vector3.new(-20, 0, -30),
Vector3.new(-30, 0, -30),
Vector3.new(-40, 0, -30),
Vector3.new(-50, 0, -30),
Vector3.new(-60, 0, -30),
Vector3.new(0, 0, -30),
Vector3.new(10, 0, -45),
Vector3.new(20, 0, -45),
Vector3.new(30, 0, -45),
Vector3.new(40, 0, -45),
Vector3.new(50, 0, -45),
Vector3.new(60, 0, -45),
Vector3.new(-0, 0, -45),
Vector3.new(-10, 0, -45),
Vector3.new(-20, 0, -45),
Vector3.new(-30, 0, -45),
Vector3.new(-40, 0, -45),
Vector3.new(-50, 0, -45),
Vector3.new(-60, 0, -45),
Vector3.new(10, 0, -60),
Vector3.new(20, 0, -60),
Vector3.new(30, 0, -60),
Vector3.new(40, 0, -60),
Vector3.new(50, 0, -60),
Vector3.new(60, 0, -60),
Vector3.new(-0, 0, -60),
Vector3.new(-10, 0, -60),
Vector3.new(-20, 0, -60),
Vector3.new(-30, 0, -60),
Vector3.new(-40, 0, -60),
Vector3.new(-50, 0, -60),
Vector3.new(-60, 0, -60),
Vector3.new(10, 0, -75),
Vector3.new(20, 0, -75),
Vector3.new(30, 0, -75),
Vector3.new(40, 0, -75),
Vector3.new(50, 0, -75),
Vector3.new(60, 0, -75),
Vector3.new(-0, 0, -75),
Vector3.new(-10, 0, -75),
Vector3.new(-20, 0, -75),
Vector3.new(-30, 0, -75),
Vector3.new(-40, 0, -75),
Vector3.new(-50, 0, -75),
Vector3.new(-60, 0, -75),
}
for i, tool in pairs(game.Players.LocalPlayer.Backpack:GetChildren()) do
if tool:IsA(_JhXruJ) then
tool.Parent = game.Players.LocalPlayer.Character
local gripPosIndex = math.min(i, #TablaGripPos)
local gripPos = TablaGripPos[gripPosIndex]
if tool:IsDescendantOf(game.Players.LocalPlayer.Character) then
tool.GripPos = gripPos
else
warn(_YNuZSq, tool.Name, _LaVbYu)
end
end
end
end
})
ToolsTab:AddButton({
Name = _LhIXYr,
Callback = function()
game:GetService(_xHLXBB):SetCore(_wmUBCN, {
Title = _oQwBUe,
Text = _xTvIDW,
Button1 = _XTMVcA,
Duration = 5
})
local args = {
[1] = _eMcQVg
}
cleartoolremote:FireServer(unpack(args))
if game:GetService(_BqEakz):FindFirstChild(_EzBUWC) then
game:GetService(_iUKgSt):FindFirstChild(_tkcdIP):Destroy()
end
wait(0.3)
for i = 1, 124 do
local args = {
[1] = _SGLKiU,
[2] = _fiIyMR
}
game:GetService(_TKGXhC).RE:FindFirstChild(_abEVEF):InvokeServer(unpack(args))
local args = {
[1] = _NHBRTG,
[2] = _MpTBpq
}
game:GetService(_OsRfDe).LocalPlayer.Backpack.FireHose.ToolSound:FireServer(unpack(args))
end
local player = game.Players.LocalPlayer
local character = player.Character or player.CharacterAdded:Wait()
local humanoid = character:FindFirstChildOfClass(_lqXGGK)
if humanoid then
humanoid.Health = 0
end
wait(8)
local TablaGripPos = {
Vector3.new(0, 0, 0), Vector3.new(10, 0, 0), Vector3.new(20, 0, 0), Vector3.new(30, 0, 0),
Vector3.new(40, 0, 0), Vector3.new(50, 0, 0), Vector3.new(60, 0, 0), Vector3.new(-0, 0, 0),
Vector3.new(-10, 0, 0), Vector3.new(-20, 0, 0), Vector3.new(-30, 0, 0), Vector3.new(-40, 0, 0),
Vector3.new(-50, 0, 0), Vector3.new(-60, 0, 0), Vector3.new(0, 0, 30), Vector3.new(10, 0, 30),
Vector3.new(20, 0, 30), Vector3.new(30, 0, 30), Vector3.new(40, 0, 30), Vector3.new(50, 0, 30),
Vector3.new(60, 0, 30), Vector3.new(-0, 0, 30), Vector3.new(-10, 0, 30), Vector3.new(-20, 0, 30),
Vector3.new(-30, 0, 30), Vector3.new(-40, 0, 30), Vector3.new(-50, 0, 30), Vector3.new(-60, 0, 30),
Vector3.new(0, 0, 45), Vector3.new(10, 0, 45), Vector3.new(20, 0, 45), Vector3.new(30, 0, 45),
Vector3.new(40, 0, 45), Vector3.new(50, 0, 45), Vector3.new(60, 0, 45), Vector3.new(-0, 0, 45),
Vector3.new(-10, 0, 45), Vector3.new(-20, 0, 45), Vector3.new(-30, 0, 45), Vector3.new(-40, 0, 45),
Vector3.new(-50, 0, 45), Vector3.new(-60, 0, 45), Vector3.new(0, 0, 15), Vector3.new(10, 0, 15),
Vector3.new(20, 0, 15), Vector3.new(30, 0, 15), Vector3.new(40, 0, 15), Vector3.new(50, 0, 15),
Vector3.new(60, 0, 15), Vector3.new(-0, 0, 15), Vector3.new(-10, 0, 15), Vector3.new(-20, 0, 15),
Vector3.new(-30, 0, 15), Vector3.new(-40, 0, 15), Vector3.new(-50, 0, 15), Vector3.new(-60, 0, 15),
Vector3.new(0, 0, -15), Vector3.new(10, 0, -15), Vector3.new(20, 0, -15), Vector3.new(30, 0, -15),
Vector3.new(40, 0, -15), Vector3.new(50, 0, -15), Vector3.new(60, 0, -15), Vector3.new(-0, 0, -15),
Vector3.new(-10, 0, -15), Vector3.new(-20, 0, -15), Vector3.new(-30, 0, -15), Vector3.new(-40, 0, -15),
Vector3.new(-50, 0, -15), Vector3.new(-60, 0, -15), Vector3.new(0, 0, -30), Vector3.new(10, 0, -30),
Vector3.new(20, 0, -30), Vector3.new(30, 0, -30), Vector3.new(40, 0, -30), Vector3.new(50, 0, -30),
Vector3.new(60, 0, -30), Vector3.new(-0, 0, -30), Vector3.new(-10, 0, -30), Vector3.new(-20, 0, -30),
Vector3.new(-30, 0, -30), Vector3.new(-40, 0, -30), Vector3.new(-50, 0, -30), Vector3.new(-60, 0, -30),
Vector3.new(0, 0, -30), Vector3.new(10, 0, -45), Vector3.new(20, 0, -45), Vector3.new(30, 0, -45),
Vector3.new(40, 0, -45), Vector3.new(50, 0, -45), Vector3.new(60, 0, -45), Vector3.new(-0, 0, -45),
Vector3.new(-10, 0, -45), Vector3.new(-20, 0, -45), Vector3.new(-30, 0, -45), Vector3.new(-40, 0, -45),
Vector3.new(-50, 0, -45), Vector3.new(-60, 0, -45), Vector3.new(10, 0, -60), Vector3.new(20, 0, -60),
Vector3.new(30, 0, -60), Vector3.new(40, 0, -60), Vector3.new(50, 0, -60), Vector3.new(60, 0, -60),
Vector3.new(-0, 0, -60), Vector3.new(-10, 0, -60), Vector3.new(-20, 0, -60), Vector3.new(-30, 0, -60),
Vector3.new(-40, 0, -60), Vector3.new(-50, 0, -60), Vector3.new(-60, 0, -60), Vector3.new(10, 0, -75),
Vector3.new(20, 0, -75), Vector3.new(30, 0, -75), Vector3.new(40, 0, -75), Vector3.new(50, 0, -75),
Vector3.new(60, 0, -75), Vector3.new(-0, 0, -75), Vector3.new(-10, 0, -75), Vector3.new(-20, 0, -75),
Vector3.new(-30, 0, -75), Vector3.new(-40, 0, -75), Vector3.new(-50, 0, -75), Vector3.new(-60, 0, -75)
}
for i, tool in pairs(game.Players.LocalPlayer.Backpack:GetChildren()) do
if tool:IsA(_zwvcBH) then
tool.Parent = game.Players.LocalPlayer.Character
local gripPosIndex = math.min(i, #TablaGripPos)
local gripPos = TablaGripPos[gripPosIndex]
if tool:IsDescendantOf(game.Players.LocalPlayer.Character) then
tool.GripPos = gripPos
else
warn(_fzNPLN, tool.Name, _eLXMsc)
end
end
end
end
})
Section = ToolsTab:AddSection({
Name = _iNzSxX
})
ToolsTab:AddButton({
Name = _HvQcsY,
Callback = function()
oldcframe = game.Players.LocalPlayer.Character.HumanoidRootPart.CFrame
toolthatiwanttodupe = _fwsNnS
tools = _JpKbsv
if game.Players.LocalPlayer.Character.Humanoid.Sit == true then
task.wait()
game.Players.LocalPlayer.Character.Humanoid.Sit = false
end
wait(0.1)
local args = {
[1] = _QyUUSt
}
cleartoolremote:FireServer(unpack(args))
if game:GetService(_SFKzka):FindFirstChild(_rDZDMq) then
game:GetService(_JKuviw):FindFirstChild(_FxDujX):Destroy() end
for m=1,2 do task.wait()
game.Players.LocalPlayer.Character.HumanoidRootPart.CFrame = CFrame.new(999999999.414, -490, 999999999.414, 0.974360406, -0.175734088, 0.14049761, -0.133441404, 0.0514053069, 0.989722729, -0.181150302, -0.983094692, 0.0266370922)
end
task.wait(0.2)
game.Players.LocalPlayer.Character.HumanoidRootPart.Anchored = true
wait(0.3)
duping = true
for m=1, 76 do
if duping == false then game.Players.LocalPlayer.Character.HumanoidRootPart.Anchored = false return end
if game:GetService(_cpXyod):FindFirstChild(_qeuTHD) then
game:GetService(_cANtNc):FindFirstChild(_lKqhzT):Destroy() end
local args = {
[1] = _nuLtPY,
[2] = toolthatiwanttodupe
}
picktoolremote:InvokeServer(unpack(args))
game:GetService(_sDZtNi).LocalPlayer.Backpack:WaitForChild(toolthatiwanttodupe).Parent = game.Players.LocalPlayer.Character
if duping == false then game.Players.LocalPlayer.Character.HumanoidRootPart.Anchored = false return end
wait()
game:GetService(_NeCzol).LocalPlayer.Character[toolthatiwanttodupe]:FindFirstChild(_kONCia).Name = _jduaCv
game:GetService(_HltwwJ).LocalPlayer.Character:FindFirstChild(toolthatiwanttodupe).Parent = game.Players.LocalPlayer.Backpack
game:GetService(_wigczz).LocalPlayer.Backpack:FindFirstChild(toolthatiwanttodupe).Parent = game.Players.LocalPlayer.Character
repeat                 if game:GetService(_ohNAtL):FindFirstChild(_yaofGc) then
game:GetService(_KruBrf):FindFirstChild(_iuPziZ):Destroy() end wait() until game:GetService(_zPujKf).LocalPlayer.Character:FindFirstChild(toolthatiwanttodupe) == nil
end
game.Players.LocalPlayer.Character.HumanoidRootPart.Anchored = false
repeat wait() until game.Players.LocalPlayer.Character:FindFirstChild(_ctuntN) == nil
repeat wait() until game.Players.LocalPlayer.Character:FindFirstChild(_pHWjAc)
toolgrip = true
duping = false
wait(1)
game.Players.LocalPlayer.Backpack[tools].Grip = CFrame.new(-0.784089804, 0.623452663, 0.928474426, 0.611631632, 0.0202812403, -0.790882647, 0.107864097, 0.988198876, 0.108758211, 0.783755124, -0.151827812, 0.602226019) + Vector3.new(0, -1.5, 0)
game.Players.LocalPlayer.Backpack[tools].Name = _dEXicm
game.Players.LocalPlayer.Backpack[tools].Grip = CFrame.new(-0.784089804, 0.623452663, 0.928474426, 0.611631632, 0.0202812403, -0.790882647, 0.107864097, 0.988198876, 0.108758211, 0.783755124, -0.151827812, 0.602226019) + Vector3.new(0, 0, 2)
game.Players.LocalPlayer.Backpack[tools].Name = _KqKSOg
game.Players.LocalPlayer.Backpack[tools].Grip = CFrame.new(-0.784089804, 0.623452663, 0.928474426, 0.611631632, 0.0202812403, -0.790882647, 0.107864097, 0.988198876, 0.108758211, 0.783755124, -0.151827812, 0.602226019) + Vector3.new(0, 0, 4)
game.Players.LocalPlayer.Backpack[tools].Name = _NLmQpU
game.Players.LocalPlayer.Backpack[tools].Grip = CFrame.new(-0.784089804, 0.623452663, 0.928474426, 0.611631632, 0.0202812403, -0.790882647, 0.107864097, 0.988198876, 0.108758211, 0.783755124, -0.151827812, 0.602226019) + Vector3.new(0, 0, 6)
game.Players.LocalPlayer.Backpack[tools].Name = _SjMlLW
game.Players.LocalPlayer.Backpack[tools].Grip = CFrame.new(-0.784089804, 0.623452663, 0.928474426, 0.611631632, 0.0202812403, -0.790882647, 0.107864097, 0.988198876, 0.108758211, 0.783755124, -0.151827812, 0.602226019) + Vector3.new(0, 0, 8)
game.Players.LocalPlayer.Backpack[tools].Name = _JJiTbK
game.Players.LocalPlayer.Backpack[tools].Grip = CFrame.new(-0.784089804, 0.623452663, 0.928474426, 0.611631632, 0.0202812403, -0.790882647, 0.107864097, 0.988198876, 0.108758211, 0.783755124, -0.151827812, 0.602226019) + Vector3.new(0, 0, -8)
game.Players.LocalPlayer.Backpack[tools].Name = _hfLtIX
game.Players.LocalPlayer.Backpack[tools].Grip = CFrame.new(-0.784089804, 0.623452663, 0.928474426, 0.611631632, 0.0202812403, -0.790882647, 0.107864097, 0.988198876, 0.108758211, 0.783755124, -0.151827812, 0.602226019) + Vector3.new(0, 0, -6)
game.Players.LocalPlayer.Backpack[tools].Name = _YieDbR
game.Players.LocalPlayer.Backpack[tools].Grip = CFrame.new(-0.784089804, 0.623452663, 0.928474426, 0.611631632, 0.0202812403, -0.790882647, 0.107864097, 0.988198876, 0.108758211, 0.783755124, -0.151827812, 0.602226019) + Vector3.new(0, 0, -4)
game.Players.LocalPlayer.Backpack[tools].Name = _GMApKX
game.Players.LocalPlayer.Backpack[tools].Grip = CFrame.new(-0.784089804, 0.623452663, 0.928474426, 0.611631632, 0.0202812403, -0.790882647, 0.107864097, 0.988198876, 0.108758211, 0.783755124, -0.151827812, 0.602226019) + Vector3.new(0, 0, -2)
game.Players.LocalPlayer.Backpack[tools].Name = _nOSEIA
game.Players.LocalPlayer.Backpack[tools].Grip = CFrame.new(-0.784089804, 0.623452663, 0.928474426, 0.611631632, 0.0202812403, -0.790882647, 0.107864097, 0.988198876, 0.108758211, 0.783755124, -0.151827812, 0.602226019) + Vector3.new(0, -1, -10)
game.Players.LocalPlayer.Backpack[tools].Name = _ajClZv
game.Players.LocalPlayer.Backpack[tools].Grip = CFrame.new(-0.784089804, 0.623452663, 0.928474426, 0.611631632, 0.0202812403, -0.790882647, 0.107864097, 0.988198876, 0.108758211, 0.783755124, -0.151827812, 0.602226019) + Vector3.new(0, -2, -10)
game.Players.LocalPlayer.Backpack[tools].Name = _VwSIXP
game.Players.LocalPlayer.Backpack[tools].Grip = CFrame.new(-0.784089804, 0.623452663, 0.928474426, 0.611631632, 0.0202812403, -0.790882647, 0.107864097, 0.988198876, 0.108758211, 0.783755124, -0.151827812, 0.602226019) + Vector3.new(0, -3, -10)
game.Players.LocalPlayer.Backpack[tools].Name = _fQJwjW
game.Players.LocalPlayer.Backpack[tools].Grip = CFrame.new(-0.784089804, 0.623452663, 0.928474426, 0.611631632, 0.0202812403, -0.790882647, 0.107864097, 0.988198876, 0.108758211, 0.783755124, -0.151827812, 0.602226019) + Vector3.new(0, -4, -10)
game.Players.LocalPlayer.Backpack[tools].Name = _WRjVdR
game.Players.LocalPlayer.Backpack[tools].Grip = CFrame.new(-0.784089804, 0.623452663, 0.928474426, 0.611631632, 0.0202812403, -0.790882647, 0.107864097, 0.988198876, 0.108758211, 0.783755124, -0.151827812, 0.602226019) + Vector3.new(0, -5, -10)
game.Players.LocalPlayer.Backpack[tools].Name = _toTyOy
game.Players.LocalPlayer.Backpack[tools].Grip = CFrame.new(-0.784089804, 0.623452663, 0.928474426, 0.611631632, 0.0202812403, -0.790882647, 0.107864097, 0.988198876, 0.108758211, 0.783755124, -0.151827812, 0.602226019) + Vector3.new(0, -6, -10)
game.Players.LocalPlayer.Backpack[tools].Name = _MlyniO
game.Players.LocalPlayer.Backpack[tools].Grip = CFrame.new(-0.784089804, 0.623452663, 0.928474426, 0.611631632, 0.0202812403, -0.790882647, 0.107864097, 0.988198876, 0.108758211, 0.783755124, -0.151827812, 0.602226019) + Vector3.new(0, -7, -10)
game.Players.LocalPlayer.Backpack[tools].Name = _ZoMaSK
game.Players.LocalPlayer.Backpack[tools].Grip = CFrame.new(-0.784089804, 0.623452663, 0.928474426, 0.611631632, 0.0202812403, -0.790882647, 0.107864097, 0.988198876, 0.108758211, 0.783755124, -0.151827812, 0.602226019) + Vector3.new(0, -8, -10)
game.Players.LocalPlayer.Backpack[tools].Name = _cMKyrT
game.Players.LocalPlayer.Backpack[tools].Grip = CFrame.new(-0.784089804, 0.623452663, 0.928474426, 0.611631632, 0.0202812403, -0.790882647, 0.107864097, 0.988198876, 0.108758211, 0.783755124, -0.151827812, 0.602226019) + Vector3.new(0, -9, -10)
game.Players.LocalPlayer.Backpack[tools].Name = _IzUJJf
game.Players.LocalPlayer.Backpack[tools].Grip = CFrame.new(-0.784089804, 0.623452663, 0.928474426, 0.611631632, 0.0202812403, -0.790882647, 0.107864097, 0.988198876, 0.108758211, 0.783755124, -0.151827812, 0.602226019) + Vector3.new(0, -10, -10)
game.Players.LocalPlayer.Backpack[tools].Name = _ySvPdS
game.Players.LocalPlayer.Backpack[tools].Grip = CFrame.new(-0.784089804, 0.623452663, 0.928474426, 0.611631632, 0.0202812403, -0.790882647, 0.107864097, 0.988198876, 0.108758211, 0.783755124, -0.151827812, 0.602226019) + Vector3.new(0, -10.5, -9)
game.Players.LocalPlayer.Backpack[tools].Name = _EmyNzQ
game.Players.LocalPlayer.Backpack[tools].Grip = CFrame.new(-0.784089804, 0.623452663, 0.928474426, 0.611631632, 0.0202812403, -0.790882647, 0.107864097, 0.988198876, 0.108758211, 0.783755124, -0.151827812, 0.602226019) + Vector3.new(0, -10.5, -8)
game.Players.LocalPlayer.Backpack[tools].Name = _pdwJPv
game.Players.LocalPlayer.Backpack[tools].Grip = CFrame.new(-0.784089804, 0.623452663, 0.928474426, 0.611631632, 0.0202812403, -0.790882647, 0.107864097, 0.988198876, 0.108758211, 0.783755124, -0.151827812, 0.602226019) + Vector3.new(0, -10.5, -6)
game.Players.LocalPlayer.Backpack[tools].Name = _JXIpYo
game.Players.LocalPlayer.Backpack[tools].Grip = CFrame.new(-0.784089804, 0.623452663, 0.928474426, 0.611631632, 0.0202812403, -0.790882647, 0.107864097, 0.988198876, 0.108758211, 0.783755124, -0.151827812, 0.602226019) + Vector3.new(0, -10, -5)
game.Players.LocalPlayer.Backpack[tools].Name = _UCbYiK
game.Players.LocalPlayer.Backpack[tools].Grip = CFrame.new(-0.784089804, 0.623452663, 0.928474426, 0.611631632, 0.0202812403, -0.790882647, 0.107864097, 0.988198876, 0.108758211, 0.783755124, -0.151827812, 0.602226019) + Vector3.new(0, -10.5, -4)
game.Players.LocalPlayer.Backpack[tools].Name = _DCsbJl
game.Players.LocalPlayer.Backpack[tools].Grip = CFrame.new(-0.784089804, 0.623452663, 0.928474426, 0.611631632, 0.0202812403, -0.790882647, 0.107864097, 0.988198876, 0.108758211, 0.783755124, -0.151827812, 0.602226019) + Vector3.new(0, -11.5, -4)
game.Players.LocalPlayer.Backpack[tools].Name = _ifwToQ
game.Players.LocalPlayer.Backpack[tools].Grip = CFrame.new(-0.784089804, 0.623452663, 0.928474426, 0.611631632, 0.0202812403, -0.790882647, 0.107864097, 0.988198876, 0.108758211, 0.783755124, -0.151827812, 0.602226019) + Vector3.new(0, -12.5, -4)
game.Players.LocalPlayer.Backpack[tools].Name = _zbiWhX
game.Players.LocalPlayer.Backpack[tools].Grip = CFrame.new(-0.784089804, 0.623452663, 0.928474426, 0.611631632, 0.0202812403, -0.790882647, 0.107864097, 0.988198876, 0.108758211, 0.783755124, -0.151827812, 0.602226019) + Vector3.new(0, -13.5, -4)
game.Players.LocalPlayer.Backpack[tools].Name = _CsAuOy
game.Players.LocalPlayer.Backpack[tools].Grip = CFrame.new(-0.784089804, 0.623452663, 0.928474426, 0.611631632, 0.0202812403, -0.790882647, 0.107864097, 0.988198876, 0.108758211, 0.783755124, -0.151827812, 0.602226019) + Vector3.new(0, -14.5, -4)
game.Players.LocalPlayer.Backpack[tools].Name = _rzYZZo
game.Players.LocalPlayer.Backpack[tools].Grip = CFrame.new(-0.784089804, 0.623452663, 0.928474426, 0.611631632, 0.0202812403, -0.790882647, 0.107864097, 0.988198876, 0.108758211, 0.783755124, -0.151827812, 0.602226019) + Vector3.new(0, -15.5, -4)
game.Players.LocalPlayer.Backpack[tools].Name = _XaOogI
game.Players.LocalPlayer.Backpack[tools].Grip = CFrame.new(-0.784089804, 0.623452663, 0.928474426, 0.611631632, 0.0202812403, -0.790882647, 0.107864097, 0.988198876, 0.108758211, 0.783755124, -0.151827812, 0.602226019) + Vector3.new(0, -16.5, -4)
game.Players.LocalPlayer.Backpack[tools].Name = _THYljO
game.Players.LocalPlayer.Backpack[tools].Grip = CFrame.new(-0.784089804, 0.623452663, 0.928474426, 0.611631632, 0.0202812403, -0.790882647, 0.107864097, 0.988198876, 0.108758211, 0.783755124, -0.151827812, 0.602226019) + Vector3.new(0, -17.5, -4)
game.Players.LocalPlayer.Backpack[tools].Name = _PxtDQV
game.Players.LocalPlayer.Backpack[tools].Grip = CFrame.new(-0.784089804, 0.623452663, 0.928474426, 0.611631632, 0.0202812403, -0.790882647, 0.107864097, 0.988198876, 0.108758211, 0.783755124, -0.151827812, 0.602226019) + Vector3.new(0, -18.5, -4)
game.Players.LocalPlayer.Backpack[tools].Name = _FIZfUk
game.Players.LocalPlayer.Backpack[tools].Grip = CFrame.new(-0.784089804, 0.623452663, 0.928474426, 0.611631632, 0.0202812403, -0.790882647, 0.107864097, 0.988198876, 0.108758211, 0.783755124, -0.151827812, 0.602226019) + Vector3.new(0, -19.5, -4)
game.Players.LocalPlayer.Backpack[tools].Name = _pGsFyH
game.Players.LocalPlayer.Backpack[tools].Grip = CFrame.new(-0.784089804, 0.623452663, 0.928474426, 0.611631632, 0.0202812403, -0.790882647, 0.107864097, 0.988198876, 0.108758211, 0.783755124, -0.151827812, 0.602226019) + Vector3.new(0, -20.5, -4)
game.Players.LocalPlayer.Backpack[tools].Name = _yFzhku
game.Players.LocalPlayer.Backpack[tools].Grip = CFrame.new(-0.784089804, 0.623452663, 0.928474426, 0.611631632, 0.0202812403, -0.790882647, 0.107864097, 0.988198876, 0.108758211, 0.783755124, -0.151827812, 0.602226019) + Vector3.new(0, -21.5, -4)
game.Players.LocalPlayer.Backpack[tools].Name = _WJzUlL
game.Players.LocalPlayer.Backpack[tools].Grip = CFrame.new(-0.784089804, 0.623452663, 0.928474426, 0.611631632, 0.0202812403, -0.790882647, 0.107864097, 0.988198876, 0.108758211, 0.783755124, -0.151827812, 0.602226019) + Vector3.new(0, -22.5, -4)
game.Players.LocalPlayer.Backpack[tools].Name = _dztAif
game.Players.LocalPlayer.Backpack[tools].Grip = CFrame.new(-0.784089804, 0.623452663, 0.928474426, 0.611631632, 0.0202812403, -0.790882647, 0.107864097, 0.988198876, 0.108758211, 0.783755124, -0.151827812, 0.602226019) + Vector3.new(0, -23.5, -4)
game.Players.LocalPlayer.Backpack[tools].Name = _wYxzSO
game.Players.LocalPlayer.Backpack[tools].Grip = CFrame.new(-0.784089804, 0.623452663, 0.928474426, 0.611631632, 0.0202812403, -0.790882647, 0.107864097, 0.988198876, 0.108758211, 0.783755124, -0.151827812, 0.602226019) + Vector3.new(0, -24.5, -4)
game.Players.LocalPlayer.Backpack[tools].Name = _nJynrX
game.Players.LocalPlayer.Backpack[tools].Grip = CFrame.new(-0.784089804, 0.623452663, 0.928474426, 0.611631632, 0.0202812403, -0.790882647, 0.107864097, 0.988198876, 0.108758211, 0.783755124, -0.151827812, 0.602226019) + Vector3.new(0, -25.5, -4)
game.Players.LocalPlayer.Backpack[tools].Name = _RktnGr
game.Players.LocalPlayer.Backpack[tools].Grip = CFrame.new(-0.784089804, 0.623452663, 0.928474426, 0.611631632, 0.0202812403, -0.790882647, 0.107864097, 0.988198876, 0.108758211, 0.783755124, -0.151827812, 0.602226019) + Vector3.new(0, -26, -3.5)
game.Players.LocalPlayer.Backpack[tools].Name = _ARtpMG
game.Players.LocalPlayer.Backpack[tools].Grip = CFrame.new(-0.784089804, 0.623452663, 0.928474426, 0.611631632, 0.0202812403, -0.790882647, 0.107864097, 0.988198876, 0.108758211, 0.783755124, -0.151827812, 0.602226019) + Vector3.new(0, -27, -2.5)
game.Players.LocalPlayer.Backpack[tools].Name = _bIYNng
game.Players.LocalPlayer.Backpack[tools].Grip = CFrame.new(-0.784089804, 0.623452663, 0.928474426, 0.611631632, 0.0202812403, -0.790882647, 0.107864097, 0.988198876, 0.108758211, 0.783755124, -0.151827812, 0.602226019) + Vector3.new(0, -27, -1.5)
game.Players.LocalPlayer.Backpack[tools].Name = _bYDMFI
game.Players.LocalPlayer.Backpack[tools].Grip = CFrame.new(-0.784089804, 0.623452663, 0.928474426, 0.611631632, 0.0202812403, -0.790882647, 0.107864097, 0.988198876, 0.108758211, 0.783755124, -0.151827812, 0.602226019) + Vector3.new(0, -27, -1.5)
game.Players.LocalPlayer.Backpack[tools].Name = _siiHiV
game.Players.LocalPlayer.Backpack[tools].Grip = CFrame.new(-0.784089804, 0.623452663, 0.928474426, 0.611631632, 0.0202812403, -0.790882647, 0.107864097, 0.988198876, 0.108758211, 0.783755124, -0.151827812, 0.602226019) + Vector3.new(0, -1, 10)
game.Players.LocalPlayer.Backpack[tools].Name = _xIYdfv
game.Players.LocalPlayer.Backpack[tools].Grip = CFrame.new(-0.784089804, 0.623452663, 0.928474426, 0.611631632, 0.0202812403, -0.790882647, 0.107864097, 0.988198876, 0.108758211, 0.783755124, -0.151827812, 0.602226019) + Vector3.new(0, -2, 10)
game.Players.LocalPlayer.Backpack[tools].Name = _sBlGun
game.Players.LocalPlayer.Backpack[tools].Grip = CFrame.new(-0.784089804, 0.623452663, 0.928474426, 0.611631632, 0.0202812403, -0.790882647, 0.107864097, 0.988198876, 0.108758211, 0.783755124, -0.151827812, 0.602226019) + Vector3.new(0, -3, 10)
game.Players.LocalPlayer.Backpack[tools].Name = _qPWswU
game.Players.LocalPlayer.Backpack[tools].Grip = CFrame.new(-0.784089804, 0.623452663, 0.928474426, 0.611631632, 0.0202812403, -0.790882647, 0.107864097, 0.988198876, 0.108758211, 0.783755124, -0.151827812, 0.602226019) + Vector3.new(0, -4, 10)
game.Players.LocalPlayer.Backpack[tools].Name = _erkXJw
game.Players.LocalPlayer.Backpack[tools].Grip = CFrame.new(-0.784089804, 0.623452663, 0.928474426, 0.611631632, 0.0202812403, -0.790882647, 0.107864097, 0.988198876, 0.108758211, 0.783755124, -0.151827812, 0.602226019) + Vector3.new(0, -5, 10)
game.Players.LocalPlayer.Backpack[tools].Name = _jBCSnG
game.Players.LocalPlayer.Backpack[tools].Grip = CFrame.new(-0.784089804, 0.623452663, 0.928474426, 0.611631632, 0.0202812403, -0.790882647, 0.107864097, 0.988198876, 0.108758211, 0.783755124, -0.151827812, 0.602226019) + Vector3.new(0, -6, 10)
game.Players.LocalPlayer.Backpack[tools].Name = _REJKVs
game.Players.LocalPlayer.Backpack[tools].Grip = CFrame.new(-0.784089804, 0.623452663, 0.928474426, 0.611631632, 0.0202812403, -0.790882647, 0.107864097, 0.988198876, 0.108758211, 0.783755124, -0.151827812, 0.602226019) + Vector3.new(0, -7, 10)
game.Players.LocalPlayer.Backpack[tools].Name = _ugxduI
game.Players.LocalPlayer.Backpack[tools].Grip = CFrame.new(-0.784089804, 0.623452663, 0.928474426, 0.611631632, 0.0202812403, -0.790882647, 0.107864097, 0.988198876, 0.108758211, 0.783755124, -0.151827812, 0.602226019) + Vector3.new(0, -8, 10)
game.Players.LocalPlayer.Backpack[tools].Name = _ODLtZb
game.Players.LocalPlayer.Backpack[tools].Grip = CFrame.new(-0.784089804, 0.623452663, 0.928474426, 0.611631632, 0.0202812403, -0.790882647, 0.107864097, 0.988198876, 0.108758211, 0.783755124, -0.151827812, 0.602226019) + Vector3.new(0, -9, 10)
game.Players.LocalPlayer.Backpack[tools].Name = _DLIgJv
game.Players.LocalPlayer.Backpack[tools].Grip = CFrame.new(-0.784089804, 0.623452663, 0.928474426, 0.611631632, 0.0202812403, -0.790882647, 0.107864097, 0.988198876, 0.108758211, 0.783755124, -0.151827812, 0.602226019) + Vector3.new(0, -10, 10)
game.Players.LocalPlayer.Backpack[tools].Name = _bpuTfx
game.Players.LocalPlayer.Backpack[tools].Grip = CFrame.new(-0.784089804, 0.623452663, 0.928474426, 0.611631632, 0.0202812403, -0.790882647, 0.107864097, 0.988198876, 0.108758211, 0.783755124, -0.151827812, 0.602226019) + Vector3.new(0, -10.5, 9)
game.Players.LocalPlayer.Backpack[tools].Name = _kasDUc
game.Players.LocalPlayer.Backpack[tools].Grip = CFrame.new(-0.784089804, 0.623452663, 0.928474426, 0.611631632, 0.0202812403, -0.790882647, 0.107864097, 0.988198876, 0.108758211, 0.783755124, -0.151827812, 0.602226019) + Vector3.new(0, -10.5, 8)
game.Players.LocalPlayer.Backpack[tools].Name = _gqFKqP
game.Players.LocalPlayer.Backpack[tools].Grip = CFrame.new(-0.784089804, 0.623452663, 0.928474426, 0.611631632, 0.0202812403, -0.790882647, 0.107864097, 0.988198876, 0.108758211, 0.783755124, -0.151827812, 0.602226019) + Vector3.new(0, -10.5, 6)
game.Players.LocalPlayer.Backpack[tools].Name = _gcHNCd
game.Players.LocalPlayer.Backpack[tools].Grip = CFrame.new(-0.784089804, 0.623452663, 0.928474426, 0.611631632, 0.0202812403, -0.790882647, 0.107864097, 0.988198876, 0.108758211, 0.783755124, -0.151827812, 0.602226019) + Vector3.new(0, -10, 5)
game.Players.LocalPlayer.Backpack[tools].Name = _MZAbwn
game.Players.LocalPlayer.Backpack[tools].Grip = CFrame.new(-0.784089804, 0.623452663, 0.928474426, 0.611631632, 0.0202812403, -0.790882647, 0.107864097, 0.988198876, 0.108758211, 0.783755124, -0.151827812, 0.602226019) + Vector3.new(0, -10.5, 4)
game.Players.LocalPlayer.Backpack[tools].Name = _FFTMIk
game.Players.LocalPlayer.Backpack[tools].Grip = CFrame.new(-0.784089804, 0.623452663, 0.928474426, 0.611631632, 0.0202812403, -0.790882647, 0.107864097, 0.988198876, 0.108758211, 0.783755124, -0.151827812, 0.602226019) + Vector3.new(0, -11.5, 4)
game.Players.LocalPlayer.Backpack[tools].Name = _DmKBqt
game.Players.LocalPlayer.Backpack[tools].Grip = CFrame.new(-0.784089804, 0.623452663, 0.928474426, 0.611631632, 0.0202812403, -0.790882647, 0.107864097, 0.988198876, 0.108758211, 0.783755124, -0.151827812, 0.602226019) + Vector3.new(0, -12.5, 4)
game.Players.LocalPlayer.Backpack[tools].Name = _zcbHST
game.Players.LocalPlayer.Backpack[tools].Grip = CFrame.new(-0.784089804, 0.623452663, 0.928474426, 0.611631632, 0.0202812403, -0.790882647, 0.107864097, 0.988198876, 0.108758211, 0.783755124, -0.151827812, 0.602226019) + Vector3.new(0, -13.5, 4)
game.Players.LocalPlayer.Backpack[tools].Name = _cQHAxt
game.Players.LocalPlayer.Backpack[tools].Grip = CFrame.new(-0.784089804, 0.623452663, 0.928474426, 0.611631632, 0.0202812403, -0.790882647, 0.107864097, 0.988198876, 0.108758211, 0.783755124, -0.151827812, 0.602226019) + Vector3.new(0, -14.5, 4)
game.Players.LocalPlayer.Backpack[tools].Name = _BMrCLc
game.Players.LocalPlayer.Backpack[tools].Grip = CFrame.new(-0.784089804, 0.623452663, 0.928474426, 0.611631632, 0.0202812403, -0.790882647, 0.107864097, 0.988198876, 0.108758211, 0.783755124, -0.151827812, 0.602226019) + Vector3.new(0, -15.5, 4)
game.Players.LocalPlayer.Backpack[tools].Name = _KieVsa
game.Players.LocalPlayer.Backpack[tools].Grip = CFrame.new(-0.784089804, 0.623452663, 0.928474426, 0.611631632, 0.0202812403, -0.790882647, 0.107864097, 0.988198876, 0.108758211, 0.783755124, -0.151827812, 0.602226019) + Vector3.new(0, -16.5, 4)
game.Players.LocalPlayer.Backpack[tools].Name = _xBLkjA
game.Players.LocalPlayer.Backpack[tools].Grip = CFrame.new(-0.784089804, 0.623452663, 0.928474426, 0.611631632, 0.0202812403, -0.790882647, 0.107864097, 0.988198876, 0.108758211, 0.783755124, -0.151827812, 0.602226019) + Vector3.new(0, -17.5, 4)
game.Players.LocalPlayer.Backpack[tools].Name = _rbkvLg
game.Players.LocalPlayer.Backpack[tools].Grip = CFrame.new(-0.784089804, 0.623452663, 0.928474426, 0.611631632, 0.0202812403, -0.790882647, 0.107864097, 0.988198876, 0.108758211, 0.783755124, -0.151827812, 0.602226019) + Vector3.new(0, -18.5, 4)
game.Players.LocalPlayer.Backpack[tools].Name = _wmLZbG
game.Players.LocalPlayer.Backpack[tools].Grip = CFrame.new(-0.784089804, 0.623452663, 0.928474426, 0.611631632, 0.0202812403, -0.790882647, 0.107864097, 0.988198876, 0.108758211, 0.783755124, -0.151827812, 0.602226019) + Vector3.new(0, -19.5, 4)
game.Players.LocalPlayer.Backpack[tools].Name = _DcKAwV
game.Players.LocalPlayer.Backpack[tools].Grip = CFrame.new(-0.784089804, 0.623452663, 0.928474426, 0.611631632, 0.0202812403, -0.790882647, 0.107864097, 0.988198876, 0.108758211, 0.783755124, -0.151827812, 0.602226019) + Vector3.new(0, -20.5, 4)
game.Players.LocalPlayer.Backpack[tools].Name = _YMLoLu
game.Players.LocalPlayer.Backpack[tools].Grip = CFrame.new(-0.784089804, 0.623452663, 0.928474426, 0.611631632, 0.0202812403, -0.790882647, 0.107864097, 0.988198876, 0.108758211, 0.783755124, -0.151827812, 0.602226019) + Vector3.new(0, -21.5, 4)
game.Players.LocalPlayer.Backpack[tools].Name = _hEPPKK
game.Players.LocalPlayer.Backpack[tools].Grip = CFrame.new(-0.784089804, 0.623452663, 0.928474426, 0.611631632, 0.0202812403, -0.790882647, 0.107864097, 0.988198876, 0.108758211, 0.783755124, -0.151827812, 0.602226019) + Vector3.new(0, -22.5, 4)
game.Players.LocalPlayer.Backpack[tools].Name = _GjyQlW
game.Players.LocalPlayer.Backpack[tools].Grip = CFrame.new(-0.784089804, 0.623452663, 0.928474426, 0.611631632, 0.0202812403, -0.790882647, 0.107864097, 0.988198876, 0.108758211, 0.783755124, -0.151827812, 0.602226019) + Vector3.new(0, -23.5, 4)
game.Players.LocalPlayer.Backpack[tools].Name = _AhPdhP
game.Players.LocalPlayer.Backpack[tools].Grip = CFrame.new(-0.784089804, 0.623452663, 0.928474426, 0.611631632, 0.0202812403, -0.790882647, 0.107864097, 0.988198876, 0.108758211, 0.783755124, -0.151827812, 0.602226019) + Vector3.new(0, -24.5, 4)
game.Players.LocalPlayer.Backpack[tools].Name = _hDXCiR
game.Players.LocalPlayer.Backpack[tools].Grip = CFrame.new(-0.784089804, 0.623452663, 0.928474426, 0.611631632, 0.0202812403, -0.790882647, 0.107864097, 0.988198876, 0.108758211, 0.783755124, -0.151827812, 0.602226019) + Vector3.new(0, -25.5, 4)
game.Players.LocalPlayer.Backpack[tools].Name = _SzOSLl
game.Players.LocalPlayer.Backpack[tools].Grip = CFrame.new(-0.784089804, 0.623452663, 0.928474426, 0.611631632, 0.0202812403, -0.790882647, 0.107864097, 0.988198876, 0.108758211, 0.783755124, -0.151827812, 0.602226019) + Vector3.new(0, -26, 3)
game.Players.LocalPlayer.Backpack[tools].Name = _njSMKh
game.Players.LocalPlayer.Backpack[tools].Grip = CFrame.new(-0.784089804, 0.623452663, 0.928474426, 0.611631632, 0.0202812403, -0.790882647, 0.107864097, 0.988198876, 0.108758211, 0.783755124, -0.151827812, 0.602226019) + Vector3.new(0, -27, 2)
game.Players.LocalPlayer.Backpack[tools].Name = _mpyYfi
game.Players.LocalPlayer.Backpack[tools].Grip = CFrame.new(-0.784089804, 0.623452663, 0.928474426, 0.611631632, 0.0202812403, -0.790882647, 0.107864097, 0.988198876, 0.108758211, 0.783755124, -0.151827812, 0.602226019) + Vector3.new(0, -27, 0)
game.Players.LocalPlayer.Backpack[tools].Name = _GNFHHH
game.Players.LocalPlayer.Character.HumanoidRootPart.CFrame = oldcframe
wait(0.5)
for _, tool in ipairs(game:GetService(_RNQkrQ).LocalPlayer.Backpack:GetChildren()) do
if tool:IsA(_AtYsFk) then
if tool.Name == nametools then
tool.Parent = game:GetService(_QWmqnQ).LocalPlayer.Character
end
end
end
end
})
local UniversalTab = Window:MakeTab({_Mcqhrf, _lBalAw})
Section = UniversalTab:AddSection({
Name = _JNdDdl
})
UniversalTab:AddButton({
Name = _VabxjO,
Callback = function()
loadstring(game:HttpGet(_YSqKsj))()
end
})
UniversalTab:AddButton({
Name = _oDlKRT,
Callback = function()
loadstring(game:HttpGet(_oXpIbz))()
end
})
UniversalTab:AddButton({
Name = _MpibAs,
Callback = function()
loadstring(game:HttpGet(_wxUDwv))()
end
})
UniversalTab:AddButton({
Name = _nyoYGi,
Callback = function()
loadstring(game:HttpGet(_DxITUc))()
end
})
UniversalTab:AddButton({
Name = _wdqcJw,
Callback = function()
loadstring(game:HttpGet(_ONxRQQ))()
end
})
UniversalTab:AddButton({
Name = _ZVRtIW,
Callback = function()
loadstring(game:HttpGet(_xTcUxj))()
end
})
UniversalTab:AddButton({
Name = _ftQNjO,
Callback = function()
loadstring(game:HttpGet(_cRIEQo))()
end
})
UniversalTab:AddButton({
Name = _sNrLrt,
Callback = function()
loadstring(game:HttpGet(_cpqGro, true))()
end
})
